Initilazing Navigation...
Navigation has been initialized correctly
Calibrando sistema de coordenadas del ROBOT...
El punto de origen es el más importante. Este asume que el robot está 'derecho',
es decir que el ángulo de rotación del robot será tomado como *0*.

Se asume que al momento de settear el origen, el robot está mirando en la dirección del eje Y.
Presiona enter para settear el punto de origen.
RECUERDA QUE EL ROBOT DEBE MIRAR EN LA DIRECCION DEL EJE Y DE TU SISTEMA REFERENCIADO
> Calibrated, press enter to continue...=========================================
Target: [0.08   0.0675] | Position: [-7.44455585e-04 -6.92869023e-08]
Target angle: 0.6962932493772476 | Robot angle: 4.647225058551641e-06 | Diff: 0.696288602152189 | Rotation Strength: 0.9687113391770378
Target distance: 0.10524222755865635
Aligned, walking
=========================================
Target: [0.08   0.0675] | Position: [0.00000000e+00 5.55111512e-17]
Target angle: 0.7008544078844499 | Robot angle: 0.0 | Diff: 0.7008544078844499 | Rotation Strength: 0.9695804434453994
Target distance: 0.10467210707729158
Aligned, walking
=========================================
Target: [0.08   0.0675] | Position: [0.00000000e+00 5.55111512e-17]
Target angle: 0.7008544078844499 | Robot angle: 0.0 | Diff: 0.7008544078844499 | Rotation Strength: 0.9695804434453994
Target distance: 0.10467210707729158
Aligned, walking
=========================================
Target: [0.08   0.0675] | Position: [0.00000000e+00 5.55111512e-17]
Target angle: 0.7008544078844499 | Robot angle: 0.0 | Diff: 0.7008544078844499 | Rotation Strength: 0.9695804434453994
Target distance: 0.10467210707729158
Aligned, walking
=========================================
Target: [0.08   0.0675] | Position: [7.42440330e-05 4.90646896e-05]
Target angle: 0.7009536402948133 | Robot angle: 9.62566866973269e-05 | Diff: 0.700857383608116 | Rotation Strength: 0.969581002180023
Target distance: 0.10458372311760816
Aligned, walking
=========================================
Target: [0.08   0.0675] | Position: [3.68127583e-05 8.04898843e-05]
Target angle: 0.7004932117159965 | Robot angle: 0.003013950176466551 | Diff: 0.69747926153953 | Rotation Strength: 0.9689402712889771
Target distance: 0.1045920726349847
Aligned, walking
=========================================
Target: [0.08   0.0675] | Position: [-0.00028593  0.00028258]
Target angle: 0.6970308173104902 | Robot angle: 0.017816280161702114 | Diff: 0.6792145371487881 | Rotation Strength: 0.965243508187439
Target distance: 0.10470917730558119
Aligned, walking
=========================================
Target: [0.08   0.0675] | Position: [-0.00219333  0.00124414]
Target angle: 0.6784480632117713 | Robot angle: 0.036435288900523055 | Diff: 0.6420127743112483 | Rotation Strength: 0.9563608352105172
Target distance: 0.10557263976271015
Aligned, walking
=========================================
Target: [0.08   0.0675] | Position: [-0.0046153   0.00195714]
Target angle: 0.6590590187680108 | Robot angle: 0.05998777498463692 | Diff: 0.5990712437833738 | Rotation Strength: 0.9434173301422676
Target distance: 0.10703091387199262
Aligned, walking
=========================================
Target: [0.08   0.0675] | Position: [-0.00771186  0.00262539]
Target angle: 0.6368333397223811 | Robot angle: 0.08432900972908497 | Diff: 0.5525043299932961 | Rotation Strength: 0.9253493290891259
Target distance: 0.10909667859849291
Aligned, walking
=========================================
Target: [0.08   0.0675] | Position: [-0.01119308  0.00309097]
Target angle: 0.6149369235268831 | Robot angle: 0.10798208602497628 | Diff: 0.5069548375019068 | Rotation Strength: 0.9026809781151282
Target distance: 0.11164542145120677
Aligned, walking
=========================================
Target: [0.08   0.0675] | Position: [-0.01291525  0.00317275]
Target angle: 0.6055541709932744 | Robot angle: 0.13144819395550345 | Diff: 0.4741059770377709 | Rotation Strength: 0.8827001817585739
Target distance: 0.11300990378636139
Aligned, walking
=========================================
Target: [0.08   0.0675] | Position: [-0.01548024  0.00332473]
Target angle: 0.5917763847173836 | Robot angle: 0.15495872509566588 | Diff: 0.4368176596217177 | Rotation Strength: 0.8558039626826747
Target distance: 0.11504321297707532
Aligned, walking
=========================================
Target: [0.08   0.0675] | Position: [-0.01723496  0.00413944]
Target angle: 0.5775155136814325 | Robot angle: 0.17727810955720935 | Diff: 0.40023740412422315 | Rotation Strength: 0.8246233010061633
Target distance: 0.11605687011561888
Aligned, walking
=========================================
Target: [0.08   0.0675] | Position: [-0.01762322  0.00496636]
Target angle: 0.5697111668905266 | Robot angle: 0.19931713888129332 | Diff: 0.37039402800923327 | Rotation Strength: 0.795434716307765
Target distance: 0.11593424934814077
Aligned, walking
=========================================
Target: [0.08   0.0675] | Position: [-0.01606735  0.00561586]
Target angle: 0.5722690798372367 | Robot angle: 0.22097367471868834 | Diff: 0.3512954051185484 | Rotation Strength: 0.7749395525950108
Target distance: 0.11427415797162356
Aligned, walking
=========================================
Target: [0.08   0.0675] | Position: [-0.01361977  0.00645667]
Target angle: 0.5778042364459486 | Robot angle: 0.24281417396068905 | Diff: 0.33499006248525953 | Rotation Strength: 0.7563207916323077
Target distance: 0.11176291731700606
Aligned, walking
=========================================
Target: [0.08   0.0675] | Position: [-0.01134912  0.0071973 ]
Target angle: 0.5834666530315427 | Robot angle: 0.2643199101945899 | Diff: 0.31914674283695277 | Rotation Strength: 0.7372552747224395
Target distance: 0.1094581060566968
Aligned, walking
=========================================
Target: [0.08   0.0675] | Position: [-0.00705475  0.00887758]
Target angle: 0.5926476831241119 | Robot angle: 0.28454764023111867 | Diff: 0.3081000428929932 | Rotation Strength: 0.7234071815487121
Target distance: 0.10495292949188673
Aligned, walking
=========================================
Target: [0.08   0.0675] | Position: [-0.00222845  0.01081316]
Target angle: 0.6035644510917768 | Robot angle: 0.30386631269679487 | Diff: 0.29969813839498194 | Rotation Strength: 0.7125779479135295
Target distance: 0.09987450063477829
Arrived to point
=========================================
Target: [0.085  0.0675] | Position: [0.00326593 0.01291444]
Target angle: 0.5888167861910754 | Robot angle: 0.32341633127774694 | Diff: 0.2654004549133284 | Rotation Strength: 0.6658761082334728
Target distance: 0.09828551341658154
Arrived to point
=========================================
Target: [0.09   0.0725] | Position: [0.0075255  0.01444713]
Target angle: 0.6133310775356935 | Robot angle: 0.341484625613623 | Diff: 0.27184645192207046 | Rotation Strength: 0.674943125520272
Target distance: 0.10085721580477114
Aligned, walking
=========================================
Target: [0.09   0.0725] | Position: [0.01165256 0.01642336]
Target angle: 0.6212138248656869 | Robot angle: 0.3596547481560517 | Diff: 0.2615590767096352 | Rotation Strength: 0.6604133532750256
Target distance: 0.09634786711940968
Arrived to point
=========================================
Target: [0.105  0.0825] | Position: [0.01719692 0.01924302]
Target angle: 0.6243137729398782 | Robot angle: 0.3735877238860237 | Diff: 0.25072604905385454 | Rotation Strength: 0.644779941652471
Target distance: 0.1082165722385148
Aligned, walking
=========================================
Target: [0.105  0.0825] | Position: [0.02065396 0.02101262]
Target angle: 0.6299182267957004 | Robot angle: 0.38321510918525004 | Diff: 0.24670311761045038 | Rotation Strength: 0.6388925726917076
Target distance: 0.10437889227963915
Aligned, walking
=========================================
Target: [0.105  0.0825] | Position: [0.02282973 0.02181346]
Target angle: 0.6361302990590607 | Robot angle: 0.39047873870937044 | Diff: 0.24565156034969027 | Rotation Strength: 0.6373466787909388
Target distance: 0.1021509164684861
Aligned, walking
=========================================
Target: [0.105  0.0825] | Position: [0.02458331 0.02289019]
Target angle: 0.6378850263148697 | Robot angle: 0.3922388421951961 | Diff: 0.24564618411967354 | Rotation Strength: 0.6373387678636657
Target distance: 0.10010081833503752
Aligned, walking
=========================================
Target: [0.105  0.0825] | Position: [0.02469683 0.02261924]
Target angle: 0.640732933557187 | Robot angle: 0.3923935276027075 | Diff: 0.24833940595447945 | Rotation Strength: 0.6412923580563863
Target distance: 0.100171371530548
Aligned, walking
=========================================
Target: [0.105  0.0825] | Position: [0.02561945 0.0230849 ]
Target angle: 0.6425304331407369 | Robot angle: 0.39048189999600513 | Diff: 0.25204853314473175 | Rotation Strength: 0.6467059047630284
Target distance: 0.09915354481255435
Arrived to point
=========================================
Target: [0.115  0.0875] | Position: [0.0285875  0.02437281]
Target angle: 0.6309253730168236 | Robot angle: 0.39201583434260323 | Diff: 0.23890953867422038 | Rotation Strength: 0.6273687968122966
Target distance: 0.10701477628712773
Aligned, walking
=========================================
Target: [0.115  0.0875] | Position: [0.03327845 0.02652634]
Target angle: 0.6410099985709699 | Robot angle: 0.39613097325534863 | Diff: 0.24487902531562122 | Rotation Strength: 0.6362091607957717
Target distance: 0.10196175418777313
Aligned, walking
=========================================
Target: [0.115  0.0875] | Position: [0.04066434 0.03051812]
Target angle: 0.6540082626566974 | Robot angle: 0.40467029810886146 | Diff: 0.24933796454783597 | Rotation Strength: 0.6427533876113936
Target distance: 0.09366282375436873
Arrived to point
=========================================
Target: [0.125  0.0975] | Position: [0.04681747 0.03425101]
Target angle: 0.6801994956561157 | Robot angle: 0.41799975538089695 | Diff: 0.26219974027521875 | Rotation Strength: 0.6613274495716224
Target distance: 0.10056312574141223
Aligned, walking
=========================================
Target: [0.125  0.0975] | Position: [0.05448762 0.0391135 ]
Target angle: 0.6916014029401603 | Robot angle: 0.43095941613427335 | Diff: 0.2606419868058869 | Rotation Strength: 0.659102771327517
Target distance: 0.09154768952448292
Arrived to point
=========================================
Target: [0.14   0.1075] | Position: [0.06198545 0.0432211 ]
Target angle: 0.6891658489208297 | Robot angle: 0.44649803140029487 | Diff: 0.2426678175205348 | Rotation Strength: 0.6329448786241245
Target distance: 0.10108435794023048
Aligned, walking
=========================================
Target: [0.14   0.1075] | Position: [0.06736169 0.04607637]
Target angle: 0.7019395028835049 | Robot angle: 0.46262011247395485 | Diff: 0.23931939040955008 | Rotation Strength: 0.6279785646069427
Target distance: 0.09512721573600169
Arrived to point
=========================================
Target: [0.155  0.1175] | Position: [0.07328005 0.04930107]
Target angle: 0.6954525757672649 | Robot angle: 0.4784624795896626 | Diff: 0.21699009617760234 | Rotation Strength: 0.5942111690952776
Target distance: 0.10643891937737081
Aligned, walking
=========================================
Target: [0.155  0.1175] | Position: [0.07868183 0.05254652]
Target angle: 0.7051253813258751 | Robot angle: 0.4928279681829868 | Diff: 0.2122974131428883 | Rotation Strength: 0.5869878981374995
Target distance: 0.1002168598440777
Aligned, walking
=========================================
Target: [0.155  0.1175] | Position: [0.0840189  0.05605636]
Target angle: 0.7135006012527683 | Robot angle: 0.5058714615622537 | Diff: 0.20762913969051455 | Rotation Strength: 0.5797648504202388
Target distance: 0.09388097618678119
Arrived to point
=========================================
Target: [0.175  0.1325] | Position: [0.08730571 0.05849631]
Target angle: 0.7009318525207413 | Robot angle: 0.5150306591693661 | Diff: 0.18590119335137523 | Rotation Strength: 0.5457426782541506
Target distance: 0.11474682661300102
Aligned, walking
=========================================
Target: [0.175  0.1325] | Position: [0.09071202 0.06109081]
Target angle: 0.7028691442377211 | Robot angle: 0.5248220623925017 | Diff: 0.17804708184521933 | Rotation Strength: 0.5333212707957835
Target distance: 0.11047052187112376
Aligned, walking
=========================================
Target: [0.175  0.1325] | Position: [0.09641207 0.06534145]
Target angle: 0.7071386816240981 | Robot angle: 0.5378389817903204 | Diff: 0.16929969983377768 | Rotation Strength: 0.5194390379670075
Target distance: 0.10337472324327658
Aligned, walking
=========================================
Target: [0.175  0.1325] | Position: [0.10004519 0.06877379]
Target angle: 0.7046073067144061 | Robot angle: 0.5421979384968645 | Diff: 0.1624093682175416 | Rotation Strength: 0.5084817238591629
Target distance: 0.09838319188101706
Arrived to point
=========================================
Target: [0.19   0.1425] | Position: [0.1039485  0.07230421]
Target angle: 0.6842660575319277 | Robot angle: 0.5481552272160233 | Diff: 0.13611083031590443 | Rotation Strength: 0.4666765850885445
Target distance: 0.1110509377927912
Aligned, walking
=========================================
Target: [0.19   0.1425] | Position: [0.10991116 0.0738034 ]
Target angle: 0.7089790865143932 | Robot angle: 0.5557756446040729 | Diff: 0.15320344191032031 | Rotation Strength: 0.4938311638187477
Target distance: 0.10551514188633221
Aligned, walking
=========================================
Target: [0.19   0.1425] | Position: [0.11629053 0.07925789]
Target angle: 0.7091153527820944 | Robot angle: 0.5647933223533839 | Diff: 0.1443220304287105 | Rotation Strength: 0.4797067991228011
Target distance: 0.09712183080841845
Arrived to point
=========================================
Target: [0.21   0.1575] | Position: [0.12264326 0.08454365]
Target angle: 0.6958119141291581 | Robot angle: 0.5749353812578568 | Diff: 0.12087653287130129 | Rotation Strength: 0.4426346860108097
Target distance: 0.11381488688920496
Aligned, walking
=========================================
Target: [0.21   0.1575] | Position: [0.12264326 0.08454365]
Target angle: 0.6958119141291581 | Robot angle: 0.5749353812578568 | Diff: 0.12087653287130129 | Rotation Strength: 0.4426346860108097
Target distance: 0.11381488688920496
Aligned, walking
=========================================
Target: [0.21   0.1575] | Position: [0.14013076 0.09955047]
Target angle: 0.6924123153216324 | Robot angle: 0.6033296508051502 | Diff: 0.08908266451648217 | Rotation Strength: 0.3934383126295681
Target distance: 0.09077367300675412
Arrived to point
=========================================
Target: [0.22   0.1675] | Position: [0.15072046 0.10694254]
Target angle: 0.7183217572735856 | Robot angle: 0.6158726796052845 | Diff: 0.10244907766830114 | Rotation Strength: 0.4139187059363272
Target distance: 0.09201554439714765
Arrived to point
=========================================
Target: [0.245  0.1925] | Position: [0.161254   0.11403455]
Target angle: 0.7528561429314333 | Robot angle: 0.6263993390639295 | Diff: 0.1264568038675038 | Rotation Strength: 0.4514160299194572
Target distance: 0.11476157889775852
Aligned, walking
=========================================
Target: [0.245  0.1925] | Position: [0.17201677 0.12138062]
Target angle: 0.7724647183230413 | Robot angle: 0.6344026364853943 | Diff: 0.138062081837647 | Rotation Strength: 0.4697695448128357
Target distance: 0.10190445600838471
Aligned, walking
=========================================
Target: [0.245  0.1925] | Position: [0.17848916 0.1279193 ]
Target angle: 0.7706755928463132 | Robot angle: 0.6428191046513452 | Diff: 0.12785648819496798 | Rotation Strength: 0.45362360504325605
Target distance: 0.09270576338861308
Arrived to point
=========================================
Target: [0.27   0.2025] | Position: [0.18466371 0.13451511]
Target angle: 0.6727072998441495 | Robot angle: 0.6485220939634164 | Diff: 0.02418520588073303 | Rotation Strength: 0.3002658564939251
Target distance: 0.10910649792306121
Aligned, walking
=========================================
Target: [0.27   0.2025] | Position: [0.18989475 0.14014197]
Target angle: 0.6614626620856345 | Robot angle: 0.6536387735128835 | Diff: 0.00782388857275107 | Rotation Strength: 0.2788462956498974
Target distance: 0.10151539192044635
Aligned, walking
=========================================
Target: [0.27   0.2025] | Position: [0.19460913 0.14440778]
Target angle: 0.6565220577779529 | Robot angle: 0.6560729893971273 | Diff: 0.0004490683808255902 | Rotation Strength: 0.2695038781440825
Target distance: 0.09517609741904615
Arrived to point
=========================================
Target: [0.3    0.2225] | Position: [0.20013884 0.14822129]
Target angle: 0.6395340801747835 | Robot angle: 0.6614976572935056 | Diff: -0.0219635771187221 | Rotation Strength: 0.2973026746852572
Target distance: 0.12445713227878824
Aligned, walking
=========================================
Target: [0.3    0.2225] | Position: [0.20482946 0.15143877]
Target angle: 0.6413681891024625 | Robot angle: 0.663840093415176 | Diff: -0.02247190431271351 | Rotation Strength: 0.29797918617000196
Target distance: 0.11877344048906749
Aligned, walking
=========================================
Target: [0.3    0.2225] | Position: [0.20966428 0.15557449]
Target angle: 0.6376214502315012 | Robot angle: 0.6642208964976413 | Diff: -0.02659944626614008 | Rotation Strength: 0.3035049712267537
Target distance: 0.11242582876008232
Aligned, walking
=========================================
Target: [0.3    0.2225] | Position: [0.21275648 0.15909352]
Target angle: 0.6284712224477111 | Robot angle: 0.6671721362316259 | Diff: -0.038700913783914714 | Rotation Strength: 0.32003252589775333
Target distance: 0.10785088218525349
Aligned, walking
=========================================
Target: [0.3    0.2225] | Position: [0.21601863 0.16282948]
Target angle: 0.6177521249344942 | Robot angle: 0.6688400013244777 | Diff: -0.05108787638998358 | Rotation Strength: 0.33743081684933873
Target distance: 0.10302155474054164
Aligned, walking
=========================================
Target: [0.3    0.2225] | Position: [0.22094982 0.16686783]
Target angle: 0.6132434900794168 | Robot angle: 0.6681690018119735 | Diff: -0.054925511732556664 | Rotation Strength: 0.3429144256005979
Target distance: 0.09666369034911794
Arrived to point
=========================================
Target: [0.355  0.2525] | Position: [0.22705463 0.17148166]
Target angle: 0.5644928187240676 | Robot angle: 0.6685295070855868 | Diff: -0.10403668836151914 | Rotation Strength: 0.4163726878895362
Target distance: 0.15143972626210248
Aligned, walking
=========================================
Target: [0.355  0.2525] | Position: [0.23470249 0.17749046]
Target angle: 0.5575441389394054 | Robot angle: 0.6685328994626558 | Diff: -0.11098876052325046 | Rotation Strength: 0.4271659191428565
Target distance: 0.14176713614977876
Aligned, walking
=========================================
Target: [0.355  0.2525] | Position: [0.24527041 0.18581945]
Target angle: 0.5460479503146036 | Robot angle: 0.6677221588637972 | Diff: -0.12167420854919353 | Rotation Strength: 0.44388787754942716
Target distance: 0.128401242124677
Aligned, walking
=========================================
Target: [0.355  0.2525] | Position: [0.25679285 0.19492739]
Target angle: 0.5302377689197888 | Robot angle: 0.6677254786160183 | Diff: -0.13748770969622948 | Rotation Strength: 0.4688588465056671
Target distance: 0.11383870025767374
Aligned, walking
=========================================
Target: [0.355  0.2525] | Position: [0.27039607 0.20573127]
Target angle: 0.5049874671869032 | Robot angle: 0.6658549041346822 | Diff: -0.16086743694777894 | Rotation Strength: 0.5060281856243263
Target distance: 0.09667026279486737
Arrived to point
=========================================
Target: [0.425  0.2925] | Position: [0.28350638 0.21683049]
Target angle: 0.49109148450508666 | Robot angle: 0.6529192559853207 | Diff: -0.16182777148023408 | Rotation Strength: 0.5075563222594917
Target distance: 0.1604565986968138
Aligned, walking
=========================================
Target: [0.425  0.2925] | Position: [0.29670208 0.22572852]
Target angle: 0.47986624675585654 | Robot angle: 0.6415089699123575 | Diff: -0.16164272315650097 | Rotation Strength: 0.507261873382649
Target distance: 0.1446332801116369
Aligned, walking
=========================================
Target: [0.425  0.2925] | Position: [0.30762805 0.2326896 ]
Target angle: 0.4712821871341677 | Robot angle: 0.6280043748436004 | Diff: -0.1567221877094327 | Rotation Strength: 0.49943110890680664
Target distance: 0.13173252593312618
Aligned, walking
=========================================
Target: [0.425  0.2925] | Position: [0.31821734 0.24087565]
Target angle: 0.45032220810073564 | Robot angle: 0.6192182771501078 | Diff: -0.16889606904937216 | Rotation Strength: 0.5187975789217624
Target distance: 0.11860695915557298
Aligned, walking
=========================================
Target: [0.425  0.2925] | Position: [0.32702128 0.24652644]
Target angle: 0.43872169275914175 | Robot angle: 0.6059710679159793 | Diff: -0.16724937515683758 | Rotation Strength: 0.5161799965701633
Target distance: 0.10822845011837127
Aligned, walking
=========================================
Target: [0.425  0.2925] | Position: [0.33431343 0.25163244]
Target angle: 0.42339123136236756 | Robot angle: 0.5938382809731819 | Diff: -0.17044704961081436 | Rotation Strength: 0.5212620747933654
Target distance: 0.09946965129836534
Arrived to point
=========================================
Target: [0.46   0.3175] | Position: [0.34289529 0.25643154]
Target angle: 0.4806882073005436 | Robot angle: 0.5822485330955933 | Diff: -0.1015603257950497 | Rotation Strength: 0.4125468107309467
Target distance: 0.1320714600848972
Aligned, walking
=========================================
Target: [0.46   0.3175] | Position: [0.35208226 0.26191868]
Target angle: 0.47560241622417365 | Robot angle: 0.5699489929016188 | Diff: -0.09434657667744517 | Rotation Strength: 0.40146346406537115
Target distance: 0.12138995807697413
Aligned, walking
=========================================
Target: [0.46   0.3175] | Position: [0.36221196 0.26758484]
Target angle: 0.4719666268468661 | Robot angle: 0.5560363868978944 | Diff: -0.08406976005102829 | Rotation Strength: 0.3858488673202286
Target distance: 0.10979081686854712
Aligned, walking
=========================================
Target: [0.46   0.3175] | Position: [0.37185649 0.27295309]
Target angle: 0.46795081251961435 | Robot angle: 0.5427046290508994 | Diff: -0.0747538165312851 | Rotation Strength: 0.3718934513559109
Target distance: 0.09876085199275739
Arrived to point
=========================================
Target: [0.49   0.3375] | Position: [0.38113812 0.27763271]
Target angle: 0.5027956013358632 | Robot angle: 0.5354629583103199 | Diff: -0.03266735697445666 | Rotation Strength: 0.3117322802641851
Target distance: 0.1242376815259989
Aligned, walking
=========================================
Target: [0.49   0.3375] | Position: [0.39131096 0.28370527]
Target angle: 0.49906826652970215 | Robot angle: 0.5323002766969087 | Diff: -0.03323201016720656 | Rotation Strength: 0.31250406224649163
Target distance: 0.11239839331560796
Aligned, walking
=========================================
Target: [0.49   0.3375] | Position: [0.40069551 0.28911408]
Target angle: 0.4965323401220316 | Robot angle: 0.5260011413021397 | Diff: -0.029468801180108084 | Rotation Strength: 0.3073802035430673
Target distance: 0.10157011926734402
Aligned, walking
=========================================
Target: [0.49   0.3375] | Position: [0.41122254 0.29490484]
Target angle: 0.49567691418296134 | Robot angle: 0.52307372851421 | Diff: -0.02739681433124863 | Rotation Strength: 0.30457909730323096
Target distance: 0.08955577458918161
Arrived to point
=========================================
Target: [0.53   0.3625] | Position: [0.4218224  0.30149749]
Target angle: 0.5134604867997696 | Robot angle: 0.5243810116130581 | Diff: -0.010920524813288424 | Rotation Strength: 0.28282779339916886
Target distance: 0.12419219152354168
Aligned, walking
=========================================
Target: [0.53   0.3625] | Position: [0.43301576 0.30828365]
Target angle: 0.5097437010540591 | Robot angle: 0.5235675884975857 | Diff: -0.013823887443526583 | Rotation Strength: 0.2865918949103786
Target distance: 0.11110965289844438
Aligned, walking
=========================================
Target: [0.53   0.3625] | Position: [0.44680033 0.31651385]
Target angle: 0.5049294191645526 | Robot angle: 0.5229229953901191 | Diff: -0.01799357622556652 | Rotation Strength: 0.29204981665899143
Target distance: 0.0950626701856033
Arrived to point
=========================================
Target: [0.57   0.3925] | Position: [0.46079016 0.32444476]
Target angle: 0.5572752928483573 | Robot angle: 0.5242559887504541 | Diff: 0.03301930409790321 | Rotation Strength: 0.31221320794460583
Target distance: 0.12867907604719517
Aligned, walking
=========================================
Target: [0.57   0.3925] | Position: [0.4749548  0.33253862]
Target angle: 0.5628109087213842 | Robot angle: 0.5233630717580642 | Diff: 0.03944783696331999 | Rotation Strength: 0.3210681670725456
Target distance: 0.11237863494472716
Aligned, walking
=========================================
Target: [0.57   0.3925] | Position: [0.48864041 0.34035112]
Target angle: 0.569999428748869 | Robot angle: 0.5230011772643532 | Diff: 0.04699825148451575 | Rotation Strength: 0.3316349172276858
Target distance: 0.09663792545573138
Arrived to point
=========================================
Target: [0.615  0.4175] | Position: [0.50111536 0.34820699]
Target angle: 0.5466089531996978 | Robot angle: 0.523348673407281 | Diff: 0.02326027979241685 | Rotation Strength: 0.2990301525075729
Target distance: 0.1333087854135523
Aligned, walking
=========================================
Target: [0.615  0.4175] | Position: [0.51479756 0.35676594]
Target angle: 0.5449026223078257 | Robot angle: 0.5270665795120859 | Diff: 0.017836042795739804 | Rotation Strength: 0.29184250587759153
Target distance: 0.11717147612070995
Aligned, walking
=========================================
Target: [0.615  0.4175] | Position: [0.52938872 0.36463907]
Target angle: 0.5531537208758963 | Robot angle: 0.5262340088337432 | Diff: 0.026919712042153154 | Rotation Strength: 0.3039361410522663
Target distance: 0.10061594835488635
Aligned, walking
=========================================
Target: [0.615  0.4175] | Position: [0.54250997 0.37232969]
Target angle: 0.5572494152518948 | Robot angle: 0.5267523577749724 | Diff: 0.03049705747692233 | Rotation Strength: 0.30877560345685295
Target distance: 0.08541171893164151
Arrived to point
=========================================
Target: [0.65   0.4325] | Position: [0.55414977 0.37974184]
Target angle: 0.5031678274992881 | Robot angle: 0.5273040012406565 | Diff: -0.02413617374136834 | Rotation Strength: 0.3002002762688264
Target distance: 0.10941064838388086
Aligned, walking
=========================================
Target: [0.65   0.4325] | Position: [0.56781858 0.38772911]
Target angle: 0.49882764390654044 | Robot angle: 0.5271789544336709 | Diff: -0.02835131052713047 | Rotation Strength: 0.3058676934959158
Target distance: 0.09358535029413587
Arrived to point
=========================================
Target: [0.705  0.4625] | Position: [0.58150618 0.39516213]
Target angle: 0.4992069293223649 | Robot angle: 0.5260152760337435 | Diff: -0.02680834671137866 | Rotation Strength: 0.30378617216069315
Target distance: 0.14065955608858605
Aligned, walking
=========================================
Target: [0.705  0.4625] | Position: [0.59617963 0.40400318]
Target angle: 0.49323753676298887 | Robot angle: 0.5266006055449872 | Diff: -0.03336306878199835 | Rotation Strength: 0.3126833453739052
Target distance: 0.12354655337899631
Aligned, walking
=========================================
Target: [0.705  0.4625] | Position: [0.60976484 0.41205609]
Target angle: 0.4871066908709545 | Robot angle: 0.5274335713394138 | Diff: -0.040326880468459336 | Rotation Strength: 0.3222892576198474
Target distance: 0.10776977801169285
Aligned, walking
=========================================
Target: [0.705  0.4625] | Position: [0.62173838 0.4190622 ]
Target angle: 0.4808585508856198 | Robot angle: 0.5257300640274627 | Diff: -0.0448715131418429 | Rotation Strength: 0.3286407730748556
Target distance: 0.0939113363288408
Arrived to point
=========================================
Target: [0.74   0.4825] | Position: [0.63475634 0.42693496]
Target angle: 0.4857690467554754 | Robot angle: 0.5264824837524835 | Diff: -0.040713436997008134 | Rotation Strength: 0.32282699854051333
Target distance: 0.11901134780449352
Aligned, walking
=========================================
Target: [0.74   0.4825] | Position: [0.64774487 0.43423776]
Target angle: 0.48198684414818604 | Robot angle: 0.5269721220976189 | Diff: -0.044985277949432856 | Rotation Strength: 0.32880058837268344
Target distance: 0.10411653582897668
Aligned, walking
=========================================
Target: [0.74   0.4825] | Position: [0.66136832 0.4421525 ]
Target angle: 0.4740885017447183 | Robot angle: 0.5247413314519656 | Diff: -0.05065282970724727 | Rotation Strength: 0.33681189447146076
Target distance: 0.08837908185762161
Arrived to point
=========================================
Target: [0.765  0.5025] | Position: [0.6741886  0.44995003]
Target angle: 0.5245891694689462 | Robot angle: 0.5269150934474194 | Diff: -0.002325923978473199 | Rotation Strength: 0.2718626528499304
Target distance: 0.10492001899756769
Aligned, walking
=========================================
Target: [0.765  0.5025] | Position: [0.68757251 0.45778738]
Target angle: 0.5236941146817342 | Robot angle: 0.5281088937769818 | Diff: -0.004414779095247567 | Rotation Strength: 0.27450302071400956
Target distance: 0.08941048312755372
Arrived to point
=========================================
Target: [0.79   0.5175] | Position: [0.70078139 0.46510628]
Target angle: 0.5309925380525078 | Robot angle: 0.5265472528072275 | Diff: 0.004445285245280317 | Rotation Strength: 0.2745416991833959
Target distance: 0.10346527128866681
Aligned, walking
=========================================
Target: [0.79   0.5175] | Position: [0.71282915 0.47232799]
Target angle: 0.5295782728771958 | Robot angle: 0.5264099186691453 | Diff: 0.0031683542080505056 | Rotation Strength: 0.27292558996923955
Target distance: 0.08941952296663842
Arrived to point
=========================================
Target: [0.82   0.5375] | Position: [0.72475924 0.47964698]
Target angle: 0.5458719529068952 | Robot angle: 0.5287134105054787 | Diff: 0.017158542401416454 | Rotation Strength: 0.2909519161792906
Target distance: 0.11143506463670165
Aligned, walking
=========================================
Target: [0.82   0.5375] | Position: [0.73247826 0.48421769]
Target angle: 0.5468572583123876 | Robot angle: 0.5288621213127964 | Diff: 0.01799513699959121 | Rotation Strength: 0.2920518710385518
Target distance: 0.10246491900569238
Aligned, walking
=========================================
Target: [0.82   0.5375] | Position: [0.74482719 0.49086623]
Target angle: 0.5552514950057299 | Robot angle: 0.5279079808426146 | Diff: 0.027343514163115312 | Rotation Strength: 0.3045072305977683
Target distance: 0.0884627591931028
Arrived to point
=========================================
Target: [0.85   0.5525] | Position: [0.75052993 0.49476179]
Target angle: 0.5259265253867 | Robot angle: 0.5287438120199366 | Diff: -0.0028172866332365487 | Rotation Strength: 0.27248231477506
Target distance: 0.11501302441088879
Aligned, walking
=========================================
Target: [0.85   0.5525] | Position: [0.75897191 0.49980395]
Target angle: 0.5247593406756925 | Robot angle: 0.5298832429252469 | Diff: -0.005123902249554391 | Rotation Strength: 0.27540298674810315
Target distance: 0.10518073660473294
Aligned, walking
=========================================
Target: [0.85   0.5525] | Position: [0.76552213 0.50376806]
Target angle: 0.5232313596706772 | Robot angle: 0.5297560753684749 | Diff: -0.006524715697797667 | Rotation Strength: 0.27718615965880533
Target distance: 0.09752595717546227
Arrived to point
=========================================
Target: [0.865  0.5625] | Position: [0.77192117 0.50749497]
Target angle: 0.533739291097004 | Robot angle: 0.5289126587159636 | Diff: 0.004826632381040419 | Rotation Strength: 0.2750254914780479
Target distance: 0.10811670743832949
Aligned, walking
=========================================
Target: [0.865  0.5625] | Position: [0.77876249 0.51107774]
Target angle: 0.5376845382432975 | Robot angle: 0.5282284546358325 | Diff: 0.009456083607465082 | Rotation Strength: 0.28094060159595247
Target distance: 0.10040496305661857
Aligned, walking
=========================================
Target: [0.865  0.5625] | Position: [0.78436702 0.51407396]
Target angle: 0.5408411821830343 | Robot angle: 0.5266192178666094 | Diff: 0.014221964316424973 | Rotation Strength: 0.28711031726716085
Target distance: 0.09405721530383589
Arrived to point
=========================================
Target: [0.885  0.5675] | Position: [0.78979605 0.51774487]
Target angle: 0.48157644511666353 | Robot angle: 0.5271598057738078 | Diff: -0.0455833606571443 | Rotation Strength: 0.32964141833980853
Target distance: 0.10742143028311259
Aligned, walking
=========================================
Target: [0.885  0.5675] | Position: [0.79598428 0.52131943]
Target angle: 0.4785672794789706 | Robot angle: 0.5271237188007394 | Diff: -0.048556439321768785 | Rotation Strength: 0.3338373177769266
Target distance: 0.10028182109742516
Aligned, walking
=========================================
Target: [0.885  0.5675] | Position: [0.80262483 0.52463338]
Target angle: 0.4798205340408992 | Robot angle: 0.5256125646014418 | Diff: -0.045792030560542596 | Rotation Strength: 0.32993503934286494
Target distance: 0.09286126621934632
Arrived to point
=========================================
Target: [0.905  0.5825] | Position: [0.81058638 0.52962885]
Target angle: 0.5104844829427582 | Robot angle: 0.5269131448406212 | Diff: -0.016428661897863073 | Rotation Strength: 0.2899942671664206
Target distance: 0.10820947094534741
Aligned, walking
=========================================
Target: [0.905  0.5825] | Position: [0.81956971 0.53503854]
Target angle: 0.5071001540560793 | Robot angle: 0.5260118788339461 | Diff: -0.018911724777866734 | Rotation Strength: 0.2932598007999816
Target distance: 0.09772883403866588
Arrived to point
=========================================
Target: [0.93   0.5875] | Position: [0.82866228 0.54033864]
Target angle: 0.4355766322805814 | Robot angle: 0.5265975240930145 | Diff: -0.09102089181243311 | Rotation Strength: 0.39638682093586497
Target distance: 0.11177444537888707
Aligned, walking
=========================================
Target: [0.93   0.5875] | Position: [0.8379868  0.54621224]
Target angle: 0.42178534100078346 | Robot angle: 0.526962175860977 | Diff: -0.10517683486019358 | Rotation Strength: 0.4181375891426382
Target distance: 0.10085190827396254
Aligned, walking
=========================================
Target: [0.93   0.5875] | Position: [0.8474438  0.55159615]
Target angle: 0.41022769919294166 | Robot angle: 0.5278520036115775 | Diff: -0.1176243044186358 | Rotation Strength: 0.43753297864001295
Target distance: 0.09002561878144158
Arrived to point
=========================================
Target: [0.94   0.5925] | Position: [0.86097767 0.55956208]
Target angle: 0.39491997839192194 | Robot angle: 0.5285390012225646 | Diff: -0.13361902283064264 | Rotation Strength: 0.4627305344619985
Target distance: 0.08561212168104791
Arrived to point
=========================================
Target: [0.955  0.5925] | Position: [0.87414974 0.56696616]
Target angle: 0.30590334495953897 | Robot angle: 0.5266958512227244 | Diff: -0.22079250626318547 | Rotation Strength: 0.6000344737453596
Target distance: 0.08478644664070702
Arrived to point
=========================================
Target: [0.97   0.6075] | Position: [0.88717257 0.5743558 ]
Target angle: 0.3806440161869058 | Robot angle: 0.5255839414216568 | Diff: -0.14493992523475097 | Rotation Strength: 0.48068866643409824
Target distance: 0.08921277962665868
Arrived to point
=========================================
Target: [0.985  0.6125] | Position: [0.89819687 0.58031921]
Target angle: 0.3550245819885429 | Robot angle: 0.5237043754631774 | Diff: -0.16867979347463447 | Rotation Strength: 0.518453843321394
Target distance: 0.09257638419825778
Arrived to point
=========================================
Target: [0.99   0.6125] | Position: [0.9072093 0.5845953]
Target angle: 0.32509288588936247 | Robot angle: 0.5196724610323074 | Diff: -0.19457957514294488 | Rotation Strength: 0.5594011588968082
Target distance: 0.08736688733101416
Arrived to point
=========================================
Target: [0.995  0.6175] | Position: [0.91449903 0.58897242]
Target angle: 0.3405675985161305 | Robot angle: 0.5175288417675539 | Diff: -0.17696124325142337 | Rotation Strength: 0.5316003906460205
Target distance: 0.08540625615210001
Arrived to point
=========================================
Target: [0.995  0.6225] | Position: [0.92058523 0.59205494]
Target angle: 0.3883492294048083 | Robot angle: 0.5169131269611125 | Diff: -0.12856389755630415 | Rotation Strength: 0.45474002728515983
Target distance: 0.0804018619447601
Arrived to point
=========================================
Target: [0.995  0.6325] | Position: [0.92644066 0.59519219]
Target angle: 0.49835478222679175 | Robot angle: 0.5152852883545891 | Diff: -0.01693050612779734 | Rotation Strength: 0.2906525180296704
Target distance: 0.07805290690842545
Arrived to point
=========================================
Target: [0.995  0.6475] | Position: [0.92746391 0.59514312]
Target angle: 0.6594618434929753 | Robot angle: 0.5136032884642487 | Diff: 0.14585855502872658 | Rotation Strength: 0.4821486909408885
Target distance: 0.08545387759465271
Arrived to point
=========================================
Target: [0.99   0.6675] | Position: [0.92468381 0.59528179]
Target angle: 0.8355400745486747 | Robot angle: 0.5184505115357387 | Diff: 0.317089563012936 | Rotation Strength: 0.7347104985784539
Target distance: 0.09737389040974041
Arrived to point
=========================================
Target: [0.98   0.6875] | Position: [0.92345522 0.594963  ]
Target angle: 1.0222910371880456 | Robot angle: 0.5203984151824592 | Diff: 0.5018926220055864 | Rotation Strength: 0.8998129227867522
Target distance: 0.1084454130157624
Aligned, walking
=========================================
Target: [0.98   0.6875] | Position: [0.9242044  0.59515028]
Target angle: 1.0273109672038974 | Robot angle: 0.5203796008863897 | Diff: 0.5069313663175077 | Rotation Strength: 0.9026678508793449
Target distance: 0.10789634067324022
Aligned, walking
=========================================
Target: [0.98   0.6875] | Position: [0.92356068 0.59477827]
Target angle: 1.024007491401714 | Robot angle: 0.5204349880086454 | Diff: 0.5035725033930687 | Rotation Strength: 0.9007729102528668
Target distance: 0.108548221515715
Aligned, walking
=========================================
Target: [0.98   0.6875] | Position: [0.92360867 0.59486962]
Target angle: 1.0239475022079683 | Robot angle: 0.5205768837522835 | Diff: 0.5033706184556848 | Rotation Strength: 0.900657974985761
Target distance: 0.10844523852427042
Aligned, walking
=========================================
Target: [0.98   0.6875] | Position: [0.92368757 0.59503253]
Target angle: 1.023787473215605 | Robot angle: 0.5212194415575251 | Diff: 0.5025680316580798 | Rotation Strength: 0.9001998815542592
Target distance: 0.10826506310526822
Aligned, walking
=========================================
Target: [0.98   0.6875] | Position: [0.92315854 0.59569563]
Target angle: 1.0164086285357081 | Robot angle: 0.5377258708911015 | Diff: 0.47868275764460666 | Rotation Strength: 0.8856835340303748
Target distance: 0.10797682585509782
Aligned, walking
=========================================
Target: [0.98   0.6875] | Position: [0.92404443 0.59610333]
Target angle: 1.0214343652676963 | Robot angle: 0.5560054562523589 | Diff: 0.4654289090153374 | Rotation Strength: 0.8768586001939302
Target distance: 0.10716519133683755
Aligned, walking
=========================================
Target: [0.98   0.6875] | Position: [0.92631791 0.5972818 ]
Target angle: 1.0340429159822282 | Robot angle: 0.5743342983504176 | Diff: 0.4597086176318106 | Rotation Strength: 0.8728721646508563
Target distance: 0.10498137908255627
Aligned, walking
=========================================
Target: [0.98   0.6875] | Position: [0.92802586 0.5991151 ]
Target angle: 1.0392150413247299 | Robot angle: 0.5965341600731997 | Diff: 0.44268088125153016 | Rotation Strength: 0.8603492824429289
Target distance: 0.10253390689895792
Aligned, walking
=========================================
Target: [0.98   0.6875] | Position: [0.93003842 0.60076939]
Target angle: 1.048169775794661 | Robot angle: 0.6180641823234971 | Diff: 0.43010559347116395 | Rotation Strength: 0.850450307025395
Target distance: 0.10009174889466117
Aligned, walking
=========================================
Target: [0.98   0.6875] | Position: [0.93168066 0.60252512]
Target angle: 1.0537617490864735 | Robot angle: 0.6384865215724189 | Diff: 0.41527522751405455 | Rotation Strength: 0.83804105423433
Target distance: 0.09775218095113705
Arrived to point
=========================================
Target: [0.97   0.7125] | Position: [0.93426885 0.60474937]
Target angle: 1.2505979211711162 | Robot angle: 0.6607319242250553 | Diff: 0.5898659969460609 | Rotation Strength: 0.9402065559056159
Target distance: 0.11352054257995177
Aligned, walking
=========================================
Target: [0.97   0.7125] | Position: [0.93451167 0.60683468]
Target angle: 1.246777084681951 | Robot angle: 0.6849148916698278 | Diff: 0.5618621930121233 | Rotation Strength: 0.9293617195681757
Target distance: 0.11146560529767845
Aligned, walking
=========================================
Target: [0.97   0.7125] | Position: [0.93747435 0.60941165]
Target angle: 1.2651694552711659 | Robot angle: 0.7056938097595813 | Diff: 0.5594756455115846 | Rotation Strength: 0.928357776582515
Target distance: 0.10809775957850828
Aligned, walking
=========================================
Target: [0.97   0.7125] | Position: [0.9402048  0.61183149]
Target angle: 1.2830377791670209 | Robot angle: 0.7231596523235906 | Diff: 0.5598781268434303 | Rotation Strength: 0.9285280056244841
Target distance: 0.10498525426912494
Aligned, walking
=========================================
Target: [0.97   0.7125] | Position: [0.94165763 0.61311265]
Target angle: 1.2929992294772692 | Robot angle: 0.7422281761397755 | Diff: 0.5507710533374937 | Rotation Strength: 0.9245835100512987
Target distance: 0.10334957999859286
Aligned, walking
=========================================
Target: [0.97   0.7125] | Position: [0.94251169 0.61458592]
Target angle: 1.2971024362202073 | Robot angle: 0.7640475648584859 | Diff: 0.5330548713617214 | Rotation Strength: 0.9163328089037602
Target distance: 0.10169943345127154
Aligned, walking
=========================================
Target: [0.97   0.7125] | Position: [0.94255272 0.615989  ]
Target angle: 1.2937165195672407 | Robot angle: 0.7865498229171406 | Diff: 0.5071666966501001 | Rotation Strength: 0.9027993976904172
Target distance: 0.10033805858919102
Aligned, walking
=========================================
Target: [0.97   0.7125] | Position: [0.94291195 0.61741866]
Target angle: 1.2932556930193408 | Robot angle: 0.8097518304575018 | Diff: 0.4835038625618391 | Rotation Strength: 0.8887544619967547
Target distance: 0.09886467233656242
Arrived to point
=========================================
Target: [0.955  0.7275] | Position: [0.94365409 0.61906316]
Target angle: 1.4665441328883144 | Robot angle: 0.833225387036868 | Diff: 0.6333187458514464 | Rotation Strength: 0.9539916649743311
Target distance: 0.10902879022310932
Aligned, walking
=========================================
Target: [0.955  0.7275] | Position: [0.9450837  0.62045911]
Target angle: 1.4784196910290817 | Robot angle: 0.8555228664156824 | Diff: 0.6228968246133992 | Rotation Strength: 0.9509902404323725
Target distance: 0.10749922896836527
Aligned, walking
=========================================
Target: [0.955  0.7275] | Position: [0.94600915 0.62182949]
Target angle: 1.485916985914531 | Robot angle: 0.8756979068313058 | Diff: 0.6102190790832251 | Rotation Strength: 0.9470886742345325
Target distance: 0.10605231016838795
Aligned, walking
=========================================
Target: [0.955  0.7275] | Position: [0.94653364 0.62331181]
Target angle: 1.4897142553866072 | Robot angle: 0.8949947291516267 | Diff: 0.5947195262349805 | Rotation Strength: 0.9419201706507536
Target distance: 0.10453161204809751
Aligned, walking
=========================================
Target: [0.955  0.7275] | Position: [0.94668353 0.62514661]
Target angle: 1.4897219549466048 | Robot angle: 0.915165109092607 | Diff: 0.5745568458539978 | Rotation Strength: 0.9344865937856799
Target distance: 0.10269070477957672
Aligned, walking
=========================================
Target: [0.955  0.7275] | Position: [0.94654335 0.62664214]
Target angle: 1.4871447483622564 | Robot angle: 0.9380143816905946 | Diff: 0.5491303666716618 | Rotation Strength: 0.9238519591760109
Target distance: 0.10121177690167478
Aligned, walking
=========================================
Target: [0.955  0.7275] | Position: [0.94707493 0.62756391]
Target angle: 1.49166059788711 | Robot angle: 0.9611751664908867 | Diff: 0.5304854313962233 | Rotation Strength: 0.9150701529862171
Target distance: 0.10024982800382025
Aligned, walking
=========================================
Target: [0.955  0.7275] | Position: [0.9474748  0.62893766]
Target angle: 1.4945944984329707 | Robot angle: 0.9848733845708635 | Diff: 0.5097211138621072 | Rotation Strength: 0.9042171069743647
Target distance: 0.09884919263427303
Arrived to point
=========================================
Target: [0.93   0.7625] | Position: [0.94776163 0.6305224 ]
Target angle: 1.704573148805169 | Robot angle: 1.0084530771874878 | Diff: 0.6961200716176812 | Rotation Strength: 0.9686788036016847
Target distance: 0.13316742609003454
Aligned, walking
=========================================
Target: [0.93   0.7625] | Position: [0.94787134 0.63249398]
Target angle: 1.7074055951657954 | Robot angle: 1.031484155296618 | Diff: 0.6759214398691773 | Rotation Strength: 0.964533279562168
Target distance: 0.13122862119038772
Aligned, walking
=========================================
Target: [0.93   0.7625] | Position: [0.94828055 0.63445036]
Target angle: 1.7125995752412901 | Robot angle: 1.0539879531877663 | Diff: 0.6586116220535239 | Rotation Strength: 0.9605643902410578
Target distance: 0.12934793831240077
Aligned, walking
=========================================
Target: [0.93   0.7625] | Position: [0.94880664 0.63569421]
Target angle: 1.7180335925003964 | Robot angle: 1.0740049644056517 | Diff: 0.6440286280947447 | Rotation Strength: 0.9568933054711655
Target distance: 0.12819281560047718
Aligned, walking
=========================================
Target: [0.93   0.7625] | Position: [0.94927877 0.63667125]
Target angle: 1.7228283784039524 | Robot angle: 1.094893665461278 | Diff: 0.6279347129426744 | Rotation Strength: 0.9524636173167548
Target distance: 0.12729707306112478
Aligned, walking
=========================================
Target: [0.93   0.7625] | Position: [0.94922976 0.63763299]
Target angle: 1.723597806705925 | Robot angle: 1.1180514090748384 | Diff: 0.6055463976310866 | Rotation Strength: 0.9455780103601595
Target distance: 0.12633903947107683
Aligned, walking
=========================================
Target: [0.93   0.7625] | Position: [0.94912559 0.63830561]
Target angle: 1.723593188249028 | Robot angle: 1.1410002470243654 | Diff: 0.5825929412246627 | Rotation Strength: 0.9375498830796457
Target distance: 0.12565840125494768
Aligned, walking
=========================================
Target: [0.93   0.7625] | Position: [0.94868985 0.63917113]
Target angle: 1.721196725505174 | Robot angle: 1.164785072980214 | Diff: 0.55641165252496 | Rotation Strength: 0.9270495515660415
Target distance: 0.12473700972448767
Aligned, walking
=========================================
Target: [0.93   0.7625] | Position: [0.94845851 0.6403666 ]
Target angle: 1.72079509766158 | Robot angle: 1.1882285988104586 | Diff: 0.5325664988511214 | Rotation Strength: 0.9160941366533172
Target distance: 0.12352038149017405
Aligned, walking
=========================================
Target: [0.93   0.7625] | Position: [0.94845623 0.64177657]
Target angle: 1.7225019451716426 | Robot angle: 1.2118228007985232 | Diff: 0.5106791443731193 | Rotation Strength: 0.9047440327346228
Target distance: 0.1221260758799782
Aligned, walking
=========================================
Target: [0.93   0.7625] | Position: [0.94891775 0.64350964]
Target angle: 1.728462317191128 | Robot angle: 1.2350113841531378 | Diff: 0.49345093303799015 | Rotation Strength: 0.8948629844122897
Target distance: 0.12048479898040311
Aligned, walking
=========================================
Target: [0.93   0.7625] | Position: [0.94880227 0.64505081]
Target angle: 1.7295378843109095 | Robot angle: 1.2581353855818573 | Diff: 0.47140249872905216 | Rotation Strength: 0.8809063869406764
Target distance: 0.11894468157890914
Aligned, walking
=========================================
Target: [0.93   0.7625] | Position: [0.94855466 0.64692166]
Target angle: 1.7299756289835821 | Robot angle: 1.2804247417712844 | Diff: 0.44955088721229775 | Rotation Strength: 0.8655217274769076
Target distance: 0.11705822201877068
Aligned, walking
=========================================
Target: [0.93   0.7625] | Position: [0.94850778 0.64918362]
Target angle: 1.732695229454456 | Robot angle: 1.30228220002798 | Diff: 0.4304130294264761 | Rotation Strength: 0.850699061745112
Target distance: 0.11481785520723871
Aligned, walking
=========================================
Target: [0.93   0.7625] | Position: [0.94848823 0.6519799 ]
Target angle: 1.7365454637272792 | Robot angle: 1.323779011767293 | Diff: 0.4127664519599863 | Rotation Strength: 0.8358615687348159
Target distance: 0.11205581778136764
Aligned, walking
=========================================
Target: [0.93   0.7625] | Position: [0.94847676 0.6548488 ]
Target angle: 1.7407755137001413 | Robot angle: 1.3454946486025374 | Diff: 0.39528086509760385 | Rotation Strength: 0.8200130849929617
Target distance: 0.10922532878705447
Aligned, walking
=========================================
Target: [0.93   0.7625] | Position: [0.94858249 0.65798464]
Target angle: 1.746754298092429 | Robot angle: 1.3670419804497662 | Diff: 0.3797123176426629 | Rotation Strength: 0.804918512897483
Target distance: 0.10615446400910404
Aligned, walking
=========================================
Target: [0.93   0.7625] | Position: [0.94882145 0.66177168]
Target angle: 1.7555197950994321 | Robot angle: 1.3894417228264206 | Diff: 0.3660780722730115 | Rotation Strength: 0.7909275272384815
Target distance: 0.10247166254234215
Aligned, walking
=========================================
Target: [0.93   0.7625] | Position: [0.94952643 0.66545453]
Target angle: 1.7693541724805009 | Robot angle: 1.4096477684512658 | Diff: 0.35970640402923504 | Rotation Strength: 0.7841407725359983
Target distance: 0.09899042743733145
Arrived to point
=========================================
Target: [0.92   0.7875] | Position: [0.94997169 0.66928039]
Target angle: 1.8190903977403625 | Robot angle: 1.4286728191058744 | Diff: 0.3904175786344881 | Rotation Strength: 0.8153981985463121
Target distance: 0.12195973667876031
Aligned, walking
=========================================
Target: [0.92   0.7875] | Position: [0.94984429 0.67396057]
Target angle: 1.8278357658307867 | Robot angle: 1.4504124736575648 | Diff: 0.3774232921732219 | Rotation Strength: 0.8026201159173064
Target distance: 0.11739626483498955
Aligned, walking
=========================================
Target: [0.92   0.7875] | Position: [0.94980531 0.67783608]
Target angle: 1.8361736509240414 | Robot angle: 1.469821946355582 | Diff: 0.36635170456845945 | Rotation Strength: 0.7912154399708062
Target distance: 0.11364212331051815
Aligned, walking
=========================================
Target: [0.92   0.7875] | Position: [0.94934772 0.68297854]
Target angle: 1.8445298340053027 | Robot angle: 1.489147428999706 | Diff: 0.3553824050055967 | Rotation Strength: 0.7794449358280092
Target distance: 0.10856345395462724
Aligned, walking
=========================================
Target: [0.92   0.7875] | Position: [0.94880563 0.68600259]
Target angle: 1.847331325683541 | Robot angle: 1.5071494536644243 | Diff: 0.34018187201911676 | Rotation Strength: 0.7623605612021751
Target distance: 0.10550587430684522
Aligned, walking
=========================================
Target: [0.92   0.7875] | Position: [0.94742323 0.6887886 ]
Target angle: 1.8417751217181202 | Robot angle: 1.5262991464559326 | Diff: 0.3154759752621876 | Rotation Strength: 0.7327034699838681
Target distance: 0.1024498603886725
Aligned, walking
=========================================
Target: [0.92   0.7875] | Position: [0.94670876 0.69258162]
Target angle: 1.8450903257784645 | Robot angle: 1.5491299276819266 | Diff: 0.29596039809653796 | Rotation Strength: 0.7076798947388363
Target distance: 0.0986045460447671
Arrived to point
=========================================
Target: [0.905  0.8075] | Position: [0.94606593 0.69731216]
Target angle: 1.9275404255121389 | Robot angle: 1.5709614385460693 | Diff: 0.3565789869660696 | Rotation Strength: 0.7807517066924089
Target distance: 0.11759153897692541
Aligned, walking
=========================================
Target: [0.905  0.8075] | Position: [0.94569382 0.70369273]
Target angle: 1.9443986067197958 | Robot angle: 1.5899396468270428 | Diff: 0.354458959892753 | Rotation Strength: 0.7784326422508515
Target distance: 0.11149859319862274
Aligned, walking
=========================================
Target: [0.905  0.8075] | Position: [0.94547542 0.7091747 ]
Target angle: 1.9613036358401672 | Robot angle: 1.6048667212640941 | Diff: 0.35643691457607307 | Rotation Strength: 0.7805968431328616
Target distance: 0.10633025614822791
Aligned, walking
=========================================
Target: [0.905  0.8075] | Position: [0.94476169 0.71298332]
Target angle: 1.9690059280129404 | Robot angle: 1.6217975879936812 | Diff: 0.34720834001925915 | Rotation Strength: 0.7703691761553633
Target distance: 0.1025397203445817
Aligned, walking
=========================================
Target: [0.905  0.8075] | Position: [0.94422381 0.7169775 ]
Target angle: 1.9796799422438909 | Robot angle: 1.6342322857336011 | Diff: 0.34544765651028975 | Rotation Strength: 0.7683803167611116
Target distance: 0.09865511309133924
Arrived to point
=========================================
Target: [0.89   0.8325] | Position: [0.94261232 0.72175429]
Target angle: 2.014304411921385 | Robot angle: 1.6519601609515284 | Diff: 0.3623442509698567 | Rotation Strength: 0.786969667775276
Target distance: 0.12260778006688473
Aligned, walking
=========================================
Target: [0.89   0.8325] | Position: [0.94124365 0.72716086]
Target angle: 2.023556215684291 | Robot angle: 1.6696865228364892 | Diff: 0.3538696928478018 | Rotation Strength: 0.77778494441452
Target distance: 0.11714198662009068
Aligned, walking
=========================================
Target: [0.89   0.8325] | Position: [0.93939289 0.73116609]
Target angle: 2.0243350845442034 | Robot angle: 1.6881755694818885 | Diff: 0.3361595150623149 | Rotation Strength: 0.7576902766218176
Target distance: 0.11273073720986138
Aligned, walking
=========================================
Target: [0.89   0.8325] | Position: [0.93747017 0.73579484]
Target angle: 2.027117555724879 | Robot angle: 1.7073323492078654 | Diff: 0.3197852065170137 | Rotation Strength: 0.7380418657882275
Target distance: 0.1077279258554454
Aligned, walking
=========================================
Target: [0.89   0.8325] | Position: [0.9356612  0.73882667]
Target angle: 2.024354832741354 | Robot angle: 1.7267932359538252 | Diff: 0.2975615967875287 | Rotation Strength: 0.7097841514124105
Target distance: 0.10420958752251554
Aligned, walking
=========================================
Target: [0.89   0.8325] | Position: [0.93456221 0.74380816]
Target angle: 2.036392958853207 | Robot angle: 1.7470521530789922 | Diff: 0.2893408057742146 | Rotation Strength: 0.6988864358025957
Target distance: 0.09925740388870523
Arrived to point
=========================================
Target: [0.875  0.8475] | Position: [0.93481858 0.74886311]
Target angle: 2.1159467213619454 | Robot angle: 1.7658225861910104 | Diff: 0.350124135170935 | Rotation Strength: 0.7736364057045294
Target distance: 0.11535812845858502
Aligned, walking
=========================================
Target: [0.875  0.8475] | Position: [0.93282945 0.75450789]
Target angle: 2.127145185281222 | Robot angle: 1.7836854184136657 | Diff: 0.3434597668675563 | Rotation Strength: 0.7661203823486172
Target distance: 0.10950697950335989
Aligned, walking
=========================================
Target: [0.875  0.8475] | Position: [0.93130218 0.75926117]
Target angle: 2.138736120356878 | Robot angle: 1.800644296600593 | Diff: 0.3380918237562849 | Rotation Strength: 0.759941606867158
Target distance: 0.10467103815458972
Aligned, walking
=========================================
Target: [0.875  0.8475] | Position: [0.92829541 0.76499792]
Target angle: 2.144346535952679 | Robot angle: 1.816403368825993 | Diff: 0.32794316712668614 | Rotation Strength: 0.7479579920223991
Target distance: 0.09821911058692101
Arrived to point
=========================================
Target: [0.86   0.8775] | Position: [0.92558465 0.76995588]
Target angle: 2.1184193027582 | Robot angle: 1.834434979779295 | Diff: 0.2839843229789052 | Rotation Strength: 0.6916619013404868
Target distance: 0.12596461596530562
Aligned, walking
=========================================
Target: [0.86   0.8775] | Position: [0.92335525 0.77471979]
Target angle: 2.1231982171795165 | Robot angle: 1.8534306130237592 | Diff: 0.2697676041557573 | Rotation Strength: 0.6720328797922008
Target distance: 0.12073798110464432
Aligned, walking
=========================================
Target: [0.86   0.8775] | Position: [0.92225896 0.77876908]
Target angle: 2.1334069883626228 | Robot angle: 1.8685624555234446 | Diff: 0.2648445328391782 | Rotation Strength: 0.6650882472725825
Target distance: 0.11672177676483858
Aligned, walking
=========================================
Target: [0.86   0.8775] | Position: [0.92011958 0.78302256]
Target angle: 2.1375072964097566 | Robot angle: 1.887811989749812 | Diff: 0.24969530665994455 | Rotation Strength: 0.6432755861048153
Target distance: 0.11198370517490587
Aligned, walking
=========================================
Target: [0.86   0.8775] | Position: [0.91752667 0.78805773]
Target angle: 2.142355809493731 | Robot angle: 1.9067866527740458 | Diff: 0.23556915671968515 | Rotation Strength: 0.6223840869439061
Target distance: 0.10634490117733618
Aligned, walking
=========================================
Target: [0.86   0.8775] | Position: [0.91437184 0.79350678]
Target angle: 2.1452965526453163 | Robot angle: 1.9237365376549516 | Diff: 0.2215600149903647 | Rotation Strength: 0.6012065317959141
Target distance: 0.1000557739675309
Aligned, walking
=========================================
Target: [0.86   0.8775] | Position: [0.91020882 0.80033707]
Target angle: 2.147653458668172 | Robot angle: 1.9411516404575426 | Diff: 0.2065018182106293 | Rotation Strength: 0.5780153301408267
Target distance: 0.09205999812170813
Arrived to point
=========================================
Target: [0.83   0.9125] | Position: [0.90621725 0.80635995]
Target angle: 2.1935550175355516 | Robot angle: 1.9568094130146427 | Diff: 0.23674560452090887 | Rotation Strength: 0.6241426649397743
Target distance: 0.13067049776808015
Aligned, walking
=========================================
Target: [0.83   0.9125] | Position: [0.90256708 0.81446901]
Target angle: 2.208025804569658 | Robot angle: 1.97044244653822 | Diff: 0.23758335803143815 | Rotation Strength: 0.6253929665904969
Target distance: 0.12196744434080342
Aligned, walking
=========================================
Target: [0.83   0.9125] | Position: [0.8991436  0.82167516]
Target angle: 2.2214808756775035 | Robot angle: 1.9871599793212376 | Diff: 0.23432089635626596 | Rotation Strength: 0.6205146347646969
Target distance: 0.1141489804043743
Aligned, walking
=========================================
Target: [0.83   0.9125] | Position: [0.89539258 0.82781426]
Target angle: 2.2283417905155654 | Robot angle: 1.9986736433355947 | Diff: 0.22966814717997064 | Rotation Strength: 0.6135152796741219
Target distance: 0.10699469592202678
Aligned, walking
=========================================
Target: [0.83   0.9125] | Position: [0.89008699 0.835557  ]
Target angle: 2.2337996809961034 | Robot angle: 2.015151507231721 | Diff: 0.2186481737643824 | Rotation Strength: 0.5967538400919998
Target distance: 0.0976251619751346
Arrived to point
=========================================
Target: [0.805  0.9525] | Position: [0.8857398  0.84154906]
Target angle: 2.1998767368156376 | Robot angle: 2.0302342783622382 | Diff: 0.16964245845339931 | Rotation Strength: 0.5199837073814826
Target distance: 0.13721889589143815
Aligned, walking
=========================================
Target: [0.805  0.9525] | Position: [0.87737461 0.85753248]
Target angle: 2.2219956707551276 | Robot angle: 2.0594618058881045 | Diff: 0.16253386486702315 | Rotation Strength: 0.5086798080716131
Target distance: 0.11940232536719189
Aligned, walking
=========================================
Target: [0.805  0.9525] | Position: [0.87287884 0.86577485]
Target angle: 2.234892418801098 | Robot angle: 2.0748686614033893 | Diff: 0.1600237573977088 | Rotation Strength: 0.504685582851937
Target distance: 0.11013077718328412
Aligned, walking
=========================================
Target: [0.805  0.9525] | Position: [0.86878045 0.87171028]
Target angle: 2.2390787839093775 | Robot angle: 2.084908112937226 | Diff: 0.1541706709721513 | Rotation Strength: 0.49537037596182054
Target distance: 0.10293164993224063
Aligned, walking
=========================================
Target: [0.805  0.9525] | Position: [0.86249884 0.87835655]
Target angle: 2.2304237183638733 | Robot angle: 2.0976468876219228 | Diff: 0.13277683074195057 | Rotation Strength: 0.4613978608919277
Target distance: 0.09382626383458194
Arrived to point
=========================================
Target: [0.79   0.9775] | Position: [0.85568425 0.88510213]
Target angle: 2.188790331525036 | Robot angle: 2.115604056980782 | Diff: 0.07318627454425375 | Rotation Strength: 0.36956539919979714
Target distance: 0.113365722886238
Aligned, walking
=========================================
Target: [0.79   0.9775] | Position: [0.84775753 0.89408802]
Target angle: 2.176428348586837 | Robot angle: 2.1286727608637985 | Diff: 0.04775558772303867 | Rotation Strength: 0.33270445149403116
Target distance: 0.10145684086269074
Aligned, walking
=========================================
Target: [0.79   0.9775] | Position: [0.8416434  0.90414403]
Target angle: 2.184209080593792 | Robot angle: 2.1356404877970556 | Diff: 0.04856859279673653 | Rotation Strength: 0.33385452462640663
Target distance: 0.08971142649253498
Arrived to point
=========================================
Target: [0.785  0.9975] | Position: [0.83544479 0.91501843]
Target angle: 2.1196933446718456 | Robot angle: 2.143172311088186 | Diff: -0.02347896641634062 | Rotation Strength: 0.2993220552133704
Target distance: 0.09668447255847837
Arrived to point
=========================================
Target: [0.77   1.0225] | Position: [0.8279714  0.92558842]
Target angle: 2.1098828611289573 | Robot angle: 2.148295143130097 | Diff: -0.038412282001139886 | Rotation Strength: 0.31963279951024404
Target distance: 0.11292713577600552
Aligned, walking
=========================================
Target: [0.77   1.0225] | Position: [0.8197791  0.93591129]
Target angle: 2.0925489669639337 | Robot angle: 2.1516982599757544 | Diff: -0.0591492930118207 | Rotation Strength: 0.3489985946698563
Target distance: 0.09987774706458949
Arrived to point
=========================================
Target: [0.765  1.0475] | Position: [0.81124817 0.9458871 ]
Target angle: 1.9979171089769512 | Robot angle: 2.154555797987303 | Diff: -0.15663868901035194 | Rotation Strength: 0.4992982168151543
Target distance: 0.11164261834465908
Aligned, walking
=========================================
Target: [0.765  1.0475] | Position: [0.80225536 0.95620652]
Target angle: 1.958251707821205 | Robot angle: 2.152169809498579 | Diff: -0.1939181016773741 | Rotation Strength: 0.5583629917773543
Target distance: 0.09860254672883637
Arrived to point
=========================================
Target: [0.755  1.0975] | Position: [0.79484687 0.96587477]
Target angle: 1.8647555765279762 | Robot angle: 2.1500160365781467 | Diff: -0.2852604600501705 | Rotation Strength: 0.6933917989488485
Target distance: 0.13752444739046757
Aligned, walking
=========================================
Target: [0.755  1.0975] | Position: [0.78823904 0.9743469 ]
Target angle: 1.8344151124384371 | Robot angle: 2.142995018832252 | Diff: -0.30857990639381505 | Rotation Strength: 0.7240180179635285
Target distance: 0.1275598695327026
Aligned, walking
=========================================
Target: [0.755  1.0975] | Position: [0.78066942 0.98293984]
Target angle: 1.7912247337334044 | Robot angle: 2.1364533341925034 | Diff: -0.345228600459099 | Rotation Strength: 0.7681320322795078
Target distance: 0.11740080971910972
Aligned, walking
=========================================
Target: [0.755  1.0975] | Position: [0.77426627 0.99112531]
Target angle: 1.7499710108099844 | Robot angle: 2.123522401467368 | Diff: -0.37355139065738374 | Rotation Strength: 0.798686002212238
Target distance: 0.1081053407339013
Aligned, walking
=========================================
Target: [0.755  1.0975] | Position: [0.77029623 0.9971909 ]
Target angle: 1.7221215235665763 | Robot angle: 2.1072016180358606 | Diff: -0.38508009446928426 | Rotation Strength: 0.8102285662749663
Target distance: 0.10146867003531075
Aligned, walking
=========================================
Target: [0.755  1.0975] | Position: [0.76601205 1.00380465]
Target angle: 1.6877900005125985 | Robot angle: 2.0879884803490194 | Diff: -0.4001984798364209 | Rotation Strength: 0.8245874614002014
Target distance: 0.09434025182055256
Arrived to point
=========================================
Target: [0.74   1.1225] | Position: [0.76251252 1.0091566 ]
Target angle: 1.76686678912111 | Robot angle: 2.0685429424208808 | Diff: -0.3016761532997707 | Rotation Strength: 0.7151500927798811
Target distance: 0.11555751412342818
Aligned, walking
=========================================
Target: [0.74   1.1225] | Position: [0.76014403 1.0127152 ]
Target angle: 1.7522643075897069 | Robot angle: 2.049087419358811 | Diff: -0.29682311176910403 | Rotation Strength: 0.7088147648919544
Target distance: 0.11161758417022995
Aligned, walking
=========================================
Target: [0.74   1.1225] | Position: [0.75712184 1.01699933]
Target angle: 1.7316849151379436 | Robot angle: 2.0303731777239076 | Diff: -0.2986882625859639 | Rotation Strength: 0.7112594088380901
Target distance: 0.106881005420521
Aligned, walking
=========================================
Target: [0.74   1.1225] | Position: [0.75457216 1.02057166]
Target angle: 1.7127988769414682 | Robot angle: 2.0126028596515013 | Diff: -0.29980398271003317 | Rotation Strength: 0.7127159348278969
Target distance: 0.10296472439770998
Aligned, walking
=========================================
Target: [0.74   1.1225] | Position: [0.75307306 1.02391277]
Target angle: 1.7026311682632844 | Robot angle: 1.9925916565497346 | Diff: -0.28996048828645016 | Rotation Strength: 0.6997159906643025
Target distance: 0.09945022285654734
Arrived to point
=========================================
Target: [0.73   1.1575] | Position: [0.75102024 1.02801032]
Target angle: 1.731723934903374 | Robot angle: 1.9767078431983247 | Diff: -0.24498390829495076 | Rotation Strength: 0.63636368528012
Target distance: 0.13118471155300537
Aligned, walking
=========================================
Target: [0.73   1.1575] | Position: [0.74924209 1.03202348]
Target angle: 1.7229630196948413 | Robot angle: 1.9581169693535454 | Diff: -0.23515394965870406 | Rotation Strength: 0.6217626545565851
Target distance: 0.12694335769627701
Aligned, walking
=========================================
Target: [0.73   1.1575] | Position: [0.74604054 1.03796345]
Target angle: 1.7041889184899937 | Robot angle: 1.9417170822977505 | Diff: -0.23752816380775688 | Rotation Strength: 0.6253106434739826
Target distance: 0.12060798176923729
Aligned, walking
=========================================
Target: [0.73   1.1575] | Position: [0.74336838 1.04289013]
Target angle: 1.6869140862177172 | Robot angle: 1.9272758896715905 | Diff: -0.24036180345387326 | Rotation Strength: 0.629527604010661
Target distance: 0.11538689387965165
Aligned, walking
=========================================
Target: [0.73   1.1575] | Position: [0.74069197 1.04876346]
Target angle: 1.6688104005869828 | Robot angle: 1.9118508178044777 | Diff: -0.24304041721749492 | Rotation Strength: 0.6334957911683219
Target distance: 0.10926094659824533
Aligned, walking
=========================================
Target: [0.73   1.1575] | Position: [0.73863447 1.0544184 ]
Target angle: 1.6543646585695866 | Robot angle: 1.8957176773952327 | Diff: -0.24135301882564608 | Rotation Strength: 0.6309980955028672
Target distance: 0.10344259894059486
Aligned, walking
=========================================
Target: [0.73   1.1575] | Position: [0.73549722 1.06204291]
Target angle: 1.6283211669788313 | Robot angle: 1.8819202983804049 | Diff: -0.25359913140157353 | Rotation Strength: 0.6489580200059526
Target distance: 0.0956152463529931
Arrived to point
=========================================
Target: [0.72   1.1975] | Position: [0.73215935 1.06985263]
Target angle: 1.6657671066691897 | Robot angle: 1.866595208888782 | Diff: -0.20082810221959235 | Rotation Strength: 0.5691812378641499
Target distance: 0.1282251916631213
Aligned, walking
=========================================
Target: [0.72   1.1975] | Position: [0.72975591 1.07878124]
Target angle: 1.6527887161124406 | Robot angle: 1.8501519258113186 | Diff: -0.197363209698878 | Rotation Strength: 0.5637642148043048
Target distance: 0.11911893628569245
Aligned, walking
=========================================
Target: [0.72   1.1975] | Position: [0.72747405 1.08752083]
Target angle: 1.6386507791877065 | Robot angle: 1.833042149443334 | Diff: -0.19439137025562747 | Rotation Strength: 0.5591058281995303
Target distance: 0.11023283818555522
Aligned, walking
=========================================
Target: [0.72   1.1975] | Position: [0.72495384 1.09613441]
Target angle: 1.6196284566620447 | Robot angle: 1.8189201376318866 | Diff: -0.19929168096984196 | Rotation Strength: 0.5667811556287299
Target distance: 0.10148657142790328
Aligned, walking
=========================================
Target: [0.72   1.1975] | Position: [0.72205788 1.10444951]
Target angle: 1.5929084331575591 | Robot angle: 1.8070218998788237 | Diff: -0.21411346672126452 | Rotation Strength: 0.5897879064637777
Target distance: 0.09307324716234124
Arrived to point
=========================================
Target: [0.71   1.2325] | Position: [0.71969154 1.11200629]
Target angle: 1.6510555093492432 | Robot angle: 1.7937992867917032 | Diff: -0.14274377744246003 | Rotation Strength: 0.4771996014677784
Target distance: 0.1208828347712945
Aligned, walking
=========================================
Target: [0.71   1.2325] | Position: [0.71747202 1.11963368]
Target angle: 1.636902279620302 | Robot angle: 1.780266217369034 | Diff: -0.1433639377487319 | Rotation Strength: 0.47818465220962125
Target distance: 0.11311338056019216
Aligned, walking
=========================================
Target: [0.71   1.2325] | Position: [0.71604377 1.12706182]
Target angle: 1.6280542260723694 | Robot angle: 1.7680726945507956 | Diff: -0.14001846847842625 | Rotation Strength: 0.4728729770749799
Target distance: 0.10561125293255871
Aligned, walking
=========================================
Target: [0.71   1.2325] | Position: [0.71359027 1.13662208]
Target angle: 1.6082251241532362 | Robot angle: 1.7552843323589684 | Diff: -0.14705920820573226 | Rotation Strength: 0.4840574051903689
Target distance: 0.0959451170596297
Arrived to point
=========================================
Target: [0.705  1.2675] | Position: [0.71095988 1.1471595 ]
Target angle: 1.620281049924273 | Robot angle: 1.7438933361649145 | Diff: -0.12361228624064147 | Rotation Strength: 0.4469356477252667
Target distance: 0.12048799106386845
Aligned, walking
=========================================
Target: [0.705  1.2675] | Position: [0.70921753 1.15727989]
Target angle: 1.6090423138798347 | Robot angle: 1.7295641373406578 | Diff: -0.12052182346082319 | Rotation Strength: 0.4420776519189986
Target distance: 0.11030077576948508
Aligned, walking
=========================================
Target: [0.705  1.2675] | Position: [0.70692762 1.16867572]
Target angle: 1.5902993901792808 | Robot angle: 1.7184925921213043 | Diff: -0.12819320194202355 | Rotation Strength: 0.4541549438725552
Target distance: 0.09884307939355025
Arrived to point
=========================================
Target: [0.69   1.3075] | Position: [0.70590686 1.17895542]
Target angle: 1.6939162793355251 | Robot angle: 1.7055285327821892 | Diff: -0.011612253446664056 | Rotation Strength: 0.28372187312878716
Target distance: 0.1295250404849033
Aligned, walking
=========================================
Target: [0.69   1.3075] | Position: [0.70382976 1.19053345]
Target angle: 1.688486788216652 | Robot angle: 1.6942089708907018 | Diff: -0.0057221826740496695 | Rotation Strength: 0.27616370046502314
Target distance: 0.11778131051269372
Aligned, walking
=========================================
Target: [0.69   1.3075] | Position: [0.70143027 1.20180341]
Target angle: 1.67851998547029 | Robot angle: 1.6844995090099308 | Diff: -0.00597952353964093 | Rotation Strength: 0.27649130886103424
Target distance: 0.1063128396050471
Aligned, walking
=========================================
Target: [0.69   1.3075] | Position: [0.69886265 1.2132593 ]
Target angle: 1.6645632234106102 | Robot angle: 1.6767396095810145 | Diff: -0.012176386170404285 | Rotation Strength: 0.2844522935718522
Target distance: 0.09465651849089653
Arrived to point
=========================================
Target: [0.685  1.3375] | Position: [0.69774636 1.22641762]
Target angle: 1.6850435760645448 | Robot angle: 1.6692104277354076 | Diff: 0.01583314832913718 | Rotation Strength: 0.28921429896006157
Target distance: 0.11181128960264786
Aligned, walking
=========================================
Target: [0.685  1.3375] | Position: [0.69758434 1.24009425]
Target angle: 1.6992796540674737 | Robot angle: 1.6655037224483866 | Diff: 0.033775931619087096 | Rotation Strength: 0.3132484920200391
Target distance: 0.09821530086288319
Arrived to point
=========================================
Target: [0.68   1.3675] | Position: [0.69704428 1.2504015 ]
Target angle: 1.7153363517107234 | Robot angle: 1.663483736099777 | Diff: 0.05185261561094645 | Rotation Strength: 0.3385201293048532
Target distance: 0.11833243882409805
Aligned, walking
=========================================
Target: [0.68   1.3675] | Position: [0.69423748 1.26824128]
Target angle: 1.7132626277788257 | Robot angle: 1.6637017599373696 | Diff: 0.04956086784145608 | Rotation Strength: 0.3352608737468319
Target distance: 0.1002746222542479
Aligned, walking
=========================================
Target: [0.68   1.3675] | Position: [0.69162458 1.28115717]
Target angle: 1.7046243993607941 | Robot angle: 1.6672167292733437 | Diff: 0.037407670087450384 | Rotation Strength: 0.318243579645884
Target distance: 0.08712184044498797
Arrived to point
=========================================
Target: [0.68   1.3875] | Position: [0.69014289 1.29717935]
Target angle: 1.6826264731729124 | Robot angle: 1.6655186754659654 | Diff: 0.017107797706946926 | Rotation Strength: 0.2908852756646432
Target distance: 0.09088837768475136
Arrived to point
=========================================
Target: [0.67   1.4225] | Position: [0.68849584 1.31330122]
Target angle: 1.7385816507889835 | Robot angle: 1.6663045129107896 | Diff: 0.0722771378781939 | Rotation Strength: 0.3682179521912088
Target distance: 0.11075409590145335
Aligned, walking
=========================================
Target: [0.67   1.4225] | Position: [0.68700981 1.32760255]
Target angle: 1.7481570261315724 | Robot angle: 1.6669713628610339 | Diff: 0.08118566327053856 | Rotation Strength: 0.3815071556370344
Target distance: 0.09640985745597169
Arrived to point
=========================================
Target: [0.665  1.4625] | Position: [0.68549384 1.34148821]
Target angle: 1.738558619617283 | Robot angle: 1.666988070115937 | Diff: 0.07157054950134611 | Rotation Strength: 0.3671721230245767
Target distance: 0.12273488268433151
Aligned, walking
=========================================
Target: [0.665  1.4625] | Position: [0.68413477 1.35236361]
Target angle: 1.7428163260940739 | Robot angle: 1.6680674595153215 | Diff: 0.07474886657875235 | Rotation Strength: 0.3718860904501715
Target distance: 0.11178624379399626
Aligned, walking
=========================================
Target: [0.665  1.4625] | Position: [0.68320767 1.36327083]
Target angle: 1.7522687341633176 | Robot angle: 1.666892636476879 | Diff: 0.08537609768643861 | Rotation Strength: 0.3878214627683231
Target distance: 0.10088581702465252
Aligned, walking
=========================================
Target: [0.665  1.4625] | Position: [0.68208889 1.37184132]
Target angle: 1.7571072282582616 | Robot angle: 1.6665706532714584 | Diff: 0.09053657498680323 | Rotation Strength: 0.39564934384129
Target distance: 0.09225522904147335
Arrived to point
=========================================
Target: [0.665  1.4925] | Position: [0.68153567 1.37677174]
Target angle: 1.7127193494199435 | Robot angle: 1.6672306332937037 | Diff: 0.045488716126239837 | Rotation Strength: 0.32950828709146185
Target distance: 0.11690362800186724
Aligned, walking
=========================================
Target: [0.665  1.4925] | Position: [0.68119708 1.37913298]
Target angle: 1.7127088723685997 | Robot angle: 1.667856358253336 | Diff: 0.04485251411526381 | Rotation Strength: 0.3286140873577854
Target distance: 0.11451823791350928
Aligned, walking
=========================================
Target: [0.665  1.4925] | Position: [0.68077696 1.38009497]
Target angle: 1.7102434917532783 | Robot angle: 1.6684231442122828 | Diff: 0.041820347540995506 | Rotation Strength: 0.32436941939459973
Target distance: 0.11350684526878302
Aligned, walking
=========================================
Target: [0.665  1.4925] | Position: [0.68091715 1.37957987]
Target angle: 1.7108330693115414 | Robot angle: 1.6696139883123546 | Diff: 0.04121908099918681 | Rotation Strength: 0.3235311107101404
Target distance: 0.1140364490640828
Aligned, walking
=========================================
Target: [0.665  1.4925] | Position: [0.68070107 1.38023789]
Target angle: 1.7097557883507566 | Robot angle: 1.6712518604063211 | Diff: 0.03850392794443547 | Rotation Strength: 0.31975969137161697
Target distance: 0.11335477294826063
Aligned, walking
=========================================
Target: [0.665  1.4925] | Position: [0.68035457 1.38335745]
Target angle: 1.7105627185262566 | Robot angle: 1.672566365566773 | Diff: 0.03799635295948356 | Rotation Strength: 0.319057245007234
Target distance: 0.1102173224757103
Aligned, walking
=========================================
Target: [0.665  1.4925] | Position: [0.67965491 1.38791654]
Target angle: 1.7100163442925016 | Robot angle: 1.672727685296021 | Diff: 0.037288658996480706 | Rotation Strength: 0.3180792194597297
Target distance: 0.10560523725884667
Aligned, walking
=========================================
Target: [0.665  1.4925] | Position: [0.67887486 1.39491495]
Target angle: 1.7120319236886763 | Robot angle: 1.6724546997231169 | Diff: 0.039577223965559405 | Rotation Strength: 0.32124774716208326
Target distance: 0.09856649546868412
Arrived to point
=========================================
Target: [0.66   1.5375] | Position: [0.67806337 1.40319216]
Target angle: 1.7044864273369882 | Robot angle: 1.6713058690456126 | Diff: 0.03318055829137556 | Rotation Strength: 0.3124336933947883
Target distance: 0.13551708543775945
Aligned, walking
=========================================
Target: [0.66   1.5375] | Position: [0.67721551 1.41456456]
Target angle: 1.7099285642119995 | Robot angle: 1.6707497093482306 | Diff: 0.03917885486376882 | Rotation Strength: 0.3206950082032717
Target distance: 0.12413499352411755
Aligned, walking
=========================================
Target: [0.66   1.5375] | Position: [0.67547441 1.42807822]
Target angle: 1.7112845059796848 | Robot angle: 1.6718527971978592 | Diff: 0.03943170878182567 | Rotation Strength: 0.3210457859963165
Target distance: 0.11051055409211345
Aligned, walking
=========================================
Target: [0.66   1.5375] | Position: [0.67410254 1.44300485]
Target angle: 1.718943793562329 | Robot angle: 1.6704689315111265 | Diff: 0.04847486205120255 | Rotation Strength: 0.3337218324014317
Target distance: 0.09554169644277903
Arrived to point
=========================================
Target: [0.655  1.5625] | Position: [0.67183005 1.46020413]
Target angle: 1.7338588294216857 | Robot angle: 1.6716663339314506 | Diff: 0.06219249549023509 | Rotation Strength: 0.3534130316311688
Target distance: 0.1036710983324467
Aligned, walking
=========================================
Target: [0.655  1.5625] | Position: [0.67027183 1.47701272]
Target angle: 1.747575996028492 | Robot angle: 1.6706443329101184 | Diff: 0.07693166311837363 | Rotation Strength: 0.3751377763040574
Target distance: 0.08684067937267799
Arrived to point
=========================================
Target: [0.655  1.5875] | Position: [0.66889253 1.49316454]
Target angle: 1.7170126348198709 | Robot angle: 1.6692806251764853 | Diff: 0.04773200964338553 | Rotation Strength: 0.33267112769655616
Target distance: 0.09535293372926706
Arrived to point
=========================================
Target: [0.655  1.6175] | Position: [0.66731103 1.50742784]
Target angle: 1.6821785242937484 | Robot angle: 1.6689963608432166 | Diff: 0.013182163450531803 | Rotation Strength: 0.2857573470132826
Target distance: 0.11075848876370391
Aligned, walking
=========================================
Target: [0.655  1.6175] | Position: [0.66521002 1.5224285 ]
Target angle: 1.6777793822865217 | Robot angle: 1.6704163467858475 | Diff: 0.0073630355006741866 | Rotation Strength: 0.2782567012892515
Target distance: 0.09561817381503329
Arrived to point
=========================================
Target: [0.655  1.6425] | Position: [0.66402288 1.53530217]
Target angle: 1.654768731569459 | Robot angle: 1.6718963650324552 | Diff: -0.017127633462996172 | Rotation Strength: 0.29091132391700825
Target distance: 0.10757688443715795
Aligned, walking
=========================================
Target: [0.655  1.6425] | Position: [0.66427166 1.54636721]
Target angle: 1.6669452907958542 | Robot angle: 1.667887544504329 | Diff: -0.0009422537084748939 | Rotation Strength: 0.270122445869988
Target distance: 0.09657886717275958
Arrived to point
=========================================
Target: [0.655  1.6725] | Position: [0.66331834 1.55482911]
Target angle: 1.6413704908670717 | Robot angle: 1.6682539695060061 | Diff: -0.026883478638934477 | Rotation Strength: 0.3038873431629999
Target distance: 0.11796454523718955
Aligned, walking
=========================================
Target: [0.655  1.6725] | Position: [0.66264276 1.55897505]
Target angle: 1.638017174799029 | Robot angle: 1.6692855246758755 | Diff: -0.03126834987684646 | Rotation Strength: 0.30982458612139374
Target distance: 0.11378192295848882
Aligned, walking
=========================================
Target: [0.655  1.6725] | Position: [0.66229997 1.56179799]
Target angle: 1.6366435268811328 | Robot angle: 1.6690214106714256 | Diff: -0.03237788379029283 | Rotation Strength: 0.31133702572640165
Target distance: 0.11094243670707812
Aligned, walking
=========================================
Target: [0.655  1.6725] | Position: [0.66200823 1.56312119]
Target angle: 1.6347818864746628 | Robot angle: 1.6701895107594762 | Diff: -0.035407624284813366 | Rotation Strength: 0.31548745284494895
Target distance: 0.109603100101268
Aligned, walking
=========================================
Target: [0.655  1.6725] | Position: [0.66278538 1.56333101]
Target angle: 1.6419907095391348 | Robot angle: 1.671131855888932 | Diff: -0.029141146349797253 | Rotation Strength: 0.30693629564204195
Target distance: 0.10944624029091107
Aligned, walking
=========================================
Target: [0.655  1.6725] | Position: [0.66278538 1.56333101]
Target angle: 1.6419907095391348 | Robot angle: 1.671131855888932 | Diff: -0.029141146349797253 | Rotation Strength: 0.30693629564204195
Target distance: 0.10944624029091107
Aligned, walking
=========================================
Target: [0.655  1.6725] | Position: [0.66225449 1.56742065]
Target angle: 1.6397251385524312 | Robot angle: 1.6717161903762303 | Diff: -0.03199105182379913 | Rotation Strength: 0.31080926382681695
Target distance: 0.10532947297486081
Aligned, walking
=========================================
Target: [0.655  1.6725] | Position: [0.6617193  1.57116072]
Target angle: 1.6370044121526393 | Robot angle: 1.6716173513934116 | Diff: -0.034612939240772356 | Rotation Strength: 0.31439593075393557
Target distance: 0.10156179559391836
Aligned, walking
=========================================
Target: [0.655  1.6725] | Position: [0.66095189 1.57856095]
Target angle: 1.634070761831829 | Robot angle: 1.6730522062123194 | Diff: -0.03898144438049034 | Rotation Strength: 0.3204212863766225
Target distance: 0.09412741541054223
Arrived to point
=========================================
Target: [0.655  1.7075] | Position: [0.65989521 1.58873993]
Target angle: 1.6119923363622313 | Robot angle: 1.672829742554704 | Diff: -0.0608374061924728 | Rotation Strength: 0.351444211661717
Target distance: 0.11886091457917897
Aligned, walking
=========================================
Target: [0.655  1.7075] | Position: [0.65883522 1.60298476]
Target angle: 1.6074751979244093 | Robot angle: 1.6724500419317723 | Diff: -0.06497484400736298 | Rotation Strength: 0.35747109554704803
Target distance: 0.10458558764746678
Aligned, walking
=========================================
Target: [0.655  1.7075] | Position: [0.65713522 1.61981437]
Target angle: 1.5951423920097856 | Robot angle: 1.6708239632281483 | Diff: -0.07568157121836272 | Rotation Strength: 0.3732741299587482
Target distance: 0.08771162721380439
Arrived to point
=========================================
Target: [0.655  1.7375] | Position: [0.65544048 1.63606104]
Target angle: 1.5751386522187563 | Robot angle: 1.6711133626908357 | Diff: -0.0959747104720794 | Rotation Strength: 0.4039566048386075
Target distance: 0.10143992082874066
Aligned, walking
=========================================
Target: [0.655  1.7375] | Position: [0.65377478 1.65138454]
Target angle: 1.5565696627978802 | Robot angle: 1.6700355233136834 | Diff: -0.11346586051580321 | Rotation Strength: 0.4310290480497285
Target distance: 0.08612417293093605
Arrived to point
=========================================
Target: [0.655  1.7675] | Position: [0.65231654 1.66701613]
Target angle: 1.544097252455984 | Robot angle: 1.668959934779025 | Diff: -0.12486268232304099 | Rotation Strength: 0.44890412127273205
Target distance: 0.10051969773873722
Aligned, walking
=========================================
Target: [0.655  1.7675] | Position: [0.65057249 1.68360162]
Target angle: 1.518072952740832 | Robot angle: 1.6693184381813797 | Diff: -0.1512454854405476 | Rotation Strength: 0.49071573354478826
Target distance: 0.08401512348872513
Arrived to point
=========================================
Target: [0.655  1.7925] | Position: [0.6491776  1.69703621]
Target angle: 1.5098811286528981 | Robot angle: 1.6677928381056066 | Diff: -0.1579117094527085 | Rotation Strength: 0.5013242882182756
Target distance: 0.09564118403429564
Arrived to point
=========================================
Target: [0.655  1.8175] | Position: [0.64771628 1.70911883]
Target angle: 1.5036926146015261 | Robot angle: 1.6689721315954706 | Diff: -0.1652795169939445 | Rotation Strength: 0.5130475584030817
Target distance: 0.1086256487232114
Aligned, walking
=========================================
Target: [0.655  1.8175] | Position: [0.64720329 1.71734416]
Target angle: 1.4931071838923966 | Robot angle: 1.6674302920998878 | Diff: -0.1743231082074912 | Rotation Strength: 0.5274163171939159
Target distance: 0.1004588554227898
Aligned, walking
=========================================
Target: [0.655  1.8175] | Position: [0.64665049 1.72250669]
Target angle: 1.4831258179555578 | Robot angle: 1.666983496312862 | Diff: -0.18385767835730427 | Rotation Strength: 0.542515669109329
Target distance: 0.09535954773821384
Arrived to point
=========================================
Target: [0.655  1.8425] | Position: [0.64703856 1.72479644]
Target angle: 1.5032594809149753 | Robot angle: 1.6640887088205805 | Diff: -0.16082922790560517 | Rotation Strength: 0.5059673827954745
Target distance: 0.11797250445425965
Aligned, walking
=========================================
Target: [0.655  1.8425] | Position: [0.64715707 1.72465741]
Target angle: 1.5043400816773378 | Robot angle: 1.6634677155039022 | Diff: -0.15912763382656436 | Rotation Strength: 0.5032594488877599
Target distance: 0.11810329620118655
Aligned, walking
=========================================
Target: [0.655  1.8425] | Position: [0.64714245 1.72365581]
Target angle: 1.504775985778938 | Robot angle: 1.6635011740163526 | Diff: -0.15872518823741455 | Rotation Strength: 0.5026189590602994
Target distance: 0.11910366712306068
Aligned, walking
=========================================
Target: [0.655  1.8425] | Position: [0.64734371 1.72216768]
Target angle: 1.5072557912498628 | Robot angle: 1.6627454373015205 | Diff: -0.15548964605165772 | Rotation Strength: 0.4974694792933413
Target distance: 0.12057564349170205
Aligned, walking
=========================================
Target: [0.655  1.8425] | Position: [0.64789566 1.72284375]
Target angle: 1.5114930251143814 | Robot angle: 1.661001722282987 | Diff: -0.1495086971686055 | Rotation Strength: 0.48795281399465795
Target distance: 0.11986697176338763
Aligned, walking
=========================================
Target: [0.655  1.8425] | Position: [0.64758125 1.72649595]
Target angle: 1.50693083426468 | Robot angle: 1.657199182012853 | Diff: -0.150268347748173 | Rotation Strength: 0.4891612016054745
Target distance: 0.11624103168471936
Aligned, walking
=========================================
Target: [0.655  1.8425] | Position: [0.64824841 1.72992649]
Target angle: 1.510893173316763 | Robot angle: 1.6462065662194911 | Diff: -0.13531339290272815 | Rotation Strength: 0.46541327781522157
Target distance: 0.11277579394280406
Aligned, walking
=========================================
Target: [0.655  1.8425] | Position: [0.64867612 1.73467445]
Target angle: 1.5122142363605455 | Robot angle: 1.637868599893757 | Diff: -0.12565436353321147 | Rotation Strength: 0.45015128121149506
Target distance: 0.10801083842580268
Aligned, walking
=========================================
Target: [0.655  1.8425] | Position: [0.64971345 1.73988078]
Target angle: 1.5193256650436258 | Robot angle: 1.6294536569498366 | Diff: -0.11012799190621081 | Rotation Strength: 0.42582557103564433
Target distance: 0.10275529863778757
Aligned, walking
=========================================
Target: [0.655  1.8425] | Position: [0.64898563 1.7462906 ]
Target angle: 1.5083642264586166 | Robot angle: 1.6151722521911083 | Diff: -0.10680802573249171 | Rotation Strength: 0.42066624578916745
Target distance: 0.09639720154286738
Arrived to point
=========================================
Target: [0.66   1.8925] | Position: [0.64731642 1.7587449 ]
Target angle: 1.476252177949716 | Robot angle: 1.6100120114510847 | Diff: -0.13375983350136877 | Rotation Strength: 0.4629534038848778
Target distance: 0.13435512518130974
Aligned, walking
=========================================
Target: [0.66   1.8925] | Position: [0.64713304 1.77237748]
Target angle: 1.4640878571208944 | Robot angle: 1.6014888561021063 | Diff: -0.13740099898121194 | Rotation Strength: 0.46872137981399453
Target distance: 0.12080967955293677
Aligned, walking
=========================================
Target: [0.66   1.8925] | Position: [0.64761646 1.78680733]
Target angle: 1.4541625114524557 | Robot angle: 1.5918053155738088 | Diff: -0.1376428041213531 | Rotation Strength: 0.46910473697502075
Target distance: 0.10641565544288811
Aligned, walking
=========================================
Target: [0.66   1.8925] | Position: [0.64869084 1.80116848]
Target angle: 1.4475980644681963 | Robot angle: 1.581020723032161 | Diff: -0.13342265856396462 | Rotation Strength: 0.4624197619411222
Target distance: 0.09202903644766054
Arrived to point
=========================================
Target: [0.67   1.9225] | Position: [0.64931747 1.81489028]
Target angle: 1.3809123672111587 | Robot angle: 1.5670555511929587 | Diff: -0.18614318398179996 | Rotation Strength: 0.5461245678604649
Target distance: 0.10957927789869212
Aligned, walking
=========================================
Target: [0.67   1.9225] | Position: [0.64999918 1.82807128]
Target angle: 1.3620725452290072 | Robot angle: 1.556252589878519 | Diff: -0.19418004464951188 | Rotation Strength: 0.5587741666744341
Target distance: 0.09652365455415153
Arrived to point
=========================================
Target: [0.675  1.9475] | Position: [0.64915984 1.83955149]
Target angle: 1.3358425476053295 | Robot angle: 1.54783819552856 | Diff: -0.21199564792323056 | Rotation Strength: 0.5865220829123259
Target distance: 0.11099817306149204
Aligned, walking
=========================================
Target: [0.675  1.9475] | Position: [0.64965721 1.85158013]
Target angle: 1.3124908464820635 | Robot angle: 1.5361629789232918 | Diff: -0.2236721324412283 | Rotation Strength: 0.6044259157646003
Target distance: 0.09921127913923412
Arrived to point
=========================================
Target: [0.69   1.9875] | Position: [0.65113931 1.8608741 ]
Target angle: 1.2730271160615638 | Robot angle: 1.5217684314039817 | Diff: -0.24874131534241783 | Rotation Strength: 0.6418807243091788
Target distance: 0.13245479177763864
Aligned, walking
=========================================
Target: [0.69   1.9875] | Position: [0.65329326 1.86866794]
Target angle: 1.271198224782129 | Robot angle: 1.5077609949477306 | Diff: -0.23656277016560168 | Rotation Strength: 0.6238695738449218
Target distance: 0.12437220222673472
Aligned, walking
=========================================
Target: [0.69   1.9875] | Position: [0.65499006 1.87410282]
Target angle: 1.2713430684492133 | Robot angle: 1.500125888639503 | Diff: -0.22878282019028973 | Rotation Strength: 0.6121780120339996
Target distance: 0.11867862219975536
Aligned, walking
=========================================
Target: [0.69   1.9875] | Position: [0.65645637 1.87993453]
Target angle: 1.2685093331861133 | Robot angle: 1.488327498414196 | Diff: -0.21981816522808284 | Rotation Strength: 0.5985449135826068
Target distance: 0.11267433000242053
Aligned, walking
=========================================
Target: [0.69   1.9875] | Position: [0.65644031 1.88584998]
Target angle: 1.2519141053592584 | Robot angle: 1.4786835882018146 | Diff: -0.22676948284255616 | Rotation Strength: 0.6091306380181183
Target distance: 0.10704662335892443
Aligned, walking
=========================================
Target: [0.69   1.9875] | Position: [0.65636465 1.88857719]
Target angle: 1.2430433894565454 | Robot angle: 1.4763776167092022 | Diff: -0.23333422725265685 | Rotation Strength: 0.6190344151124951
Target distance: 0.1044847259343689
Aligned, walking
=========================================
Target: [0.69   1.9875] | Position: [0.65769234 1.89109353]
Target angle: 1.2474393814663873 | Robot angle: 1.4664747503080253 | Diff: -0.219035368841638 | Rotation Strength: 0.5973468632161953
Target distance: 0.10167592101062337
Aligned, walking
=========================================
Target: [0.69   1.9875] | Position: [0.65948709 1.89606159]
Target angle: 1.2487166393036002 | Robot angle: 1.4565666497689183 | Diff: -0.20785001046531804 | Rotation Strength: 0.5801073924415197
Target distance: 0.09639513226634404
Arrived to point
=========================================
Target: [0.7    2.0025] | Position: [0.66169003 1.90322124]
Target angle: 1.2025188308932009 | Robot angle: 1.4399108319357472 | Diff: -0.23739200104254632 | Rotation Strength: 0.625107523415315
Target distance: 0.10641393718937305
Aligned, walking
=========================================
Target: [0.7    2.0025] | Position: [0.66373653 1.91143872]
Target angle: 1.191815467594438 | Robot angle: 1.4255317643495307 | Diff: -0.23371629675509276 | Rotation Strength: 0.6196078671461325
Target distance: 0.09801630391020416
Arrived to point
=========================================
Target: [0.705  2.0275] | Position: [0.66565966 1.91974862]
Target angle: 1.2207306874494108 | Robot angle: 1.410190809126311 | Diff: -0.18946012167690007 | Rotation Strength: 0.5513534266915108
Target distance: 0.11470842236395776
Aligned, walking
=========================================
Target: [0.705  2.0275] | Position: [0.66839333 1.92890241]
Target angle: 1.2152967376486838 | Robot angle: 1.3947475102477878 | Diff: -0.1794507725991039 | Rotation Strength: 0.5355447152609851
Target distance: 0.10517382281736741
Aligned, walking
=========================================
Target: [0.705  2.0275] | Position: [0.67101586 1.93521228]
Target angle: 1.217964281708765 | Robot angle: 1.3812868336428652 | Diff: -0.16332255193410017 | Rotation Strength: 0.509934606930405
Target distance: 0.09834605308697138
Arrived to point
=========================================
Target: [0.72   2.0575] | Position: [0.67326222 1.94096972]
Target angle: 1.1893606020276488 | Robot angle: 1.3673920044772458 | Diff: -0.17803140244959703 | Rotation Strength: 0.5332964270087726
Target distance: 0.12555368183531226
Aligned, walking
=========================================
Target: [0.72   2.0575] | Position: [0.67451644 1.94568935]
Target angle: 1.184449455789423 | Robot angle: 1.3593692618820494 | Diff: -0.17491980609262647 | Rotation Strength: 0.5283630363304392
Target distance: 0.12070780768572884
Aligned, walking
=========================================
Target: [0.72   2.0575] | Position: [0.67601988 1.95086664]
Target angle: 1.1796099965971134 | Robot angle: 1.3519900962318792 | Diff: -0.17238009963476575 | Rotation Strength: 0.5243322140705194
Target distance: 0.11534697055286425
Aligned, walking
=========================================
Target: [0.72   2.0575] | Position: [0.6786807  1.95483421]
Target angle: 1.1881674825924264 | Robot angle: 1.3435254773412257 | Diff: -0.1553579947487993 | Rotation Strength: 0.497259955560755
Target distance: 0.11066864975639262
Aligned, walking
=========================================
Target: [0.72   2.0575] | Position: [0.6807627 1.9578786]
Target angle: 1.1955906278451813 | Robot angle: 1.3349376911727422 | Diff: -0.13934706332756086 | Rotation Strength: 0.4718076730825972
Target distance: 0.10707001393575093
Aligned, walking
=========================================
Target: [0.72   2.0575] | Position: [0.68374099 1.96435989]
Target angle: 1.1995520813064866 | Robot angle: 1.3264790612874275 | Diff: -0.12692697998094093 | Rotation Strength: 0.45215738046507903
Target distance: 0.0999489663289411
Arrived to point
=========================================
Target: [0.73   2.0725] | Position: [0.68651804 1.97096342]
Target angle: 1.1661851050557708 | Robot angle: 1.317304616888972 | Diff: -0.15111951183320116 | Rotation Strength: 0.49051531095288103
Target distance: 0.11045522864320224
Aligned, walking
=========================================
Target: [0.73   2.0725] | Position: [0.68959229 1.97895462]
Target angle: 1.1630466973160818 | Robot angle: 1.3069717473802012 | Diff: -0.14392505006411938 | Rotation Strength: 0.47907605869257974
Target distance: 0.1018995585451526
Aligned, walking
=========================================
Target: [0.73   2.0725] | Position: [0.69333669 1.9885691 ]
Target angle: 1.158950593711861 | Robot angle: 1.2954169123025991 | Diff: -0.1364663185907382 | Rotation Strength: 0.46723989142214917
Target distance: 0.09158927297424588
Arrived to point
=========================================
Target: [0.74   2.0975] | Position: [0.69757119 2.00034731]
Target angle: 1.1590383253678933 | Robot angle: 1.285512268765622 | Diff: -0.12647394339772866 | Rotation Strength: 0.45144305092018266
Target distance: 0.10601343916118967
Aligned, walking
=========================================
Target: [0.74   2.0975] | Position: [0.70132693 2.01108674]
Target angle: 1.149993133801555 | Robot angle: 1.2702352575277018 | Diff: -0.12024212372614684 | Rotation Strength: 0.44163851536316245
Target distance: 0.0946723704568786
Arrived to point
=========================================
Target: [0.75   2.1075] | Position: [0.70489219 2.02203336]
Target angle: 1.0851704335520713 | Robot angle: 1.2609601776359023 | Diff: -0.17578974408383097 | Rotation Strength: 0.5297429100993654
Target distance: 0.09663985049383332
Arrived to point
=========================================
Target: [0.755  2.1225] | Position: [0.70892358 2.03264243]
Target angle: 1.0969836553853476 | Robot angle: 1.2486769582503872 | Diff: -0.15169330286503957 | Rotation Strength: 0.49142822974774547
Target distance: 0.1009822681533529
Aligned, walking
=========================================
Target: [0.755  2.1225] | Position: [0.71380723 2.04173068]
Target angle: 1.0991766886646914 | Robot angle: 1.2336380941332958 | Diff: -0.1344614054686044 | Rotation Strength: 0.4640640424356507
Target distance: 0.09066712714409263
Arrived to point
=========================================
Target: [0.76   2.1425] | Position: [0.71766523 2.04854592]
Target angle: 1.1474518603623105 | Robot angle: 1.227196530284644 | Diff: -0.07974466992233342 | Rotation Strength: 0.37934491215118105
Target distance: 0.10305144743077951
Aligned, walking
=========================================
Target: [0.76   2.1425] | Position: [0.71979776 2.05247938]
Target angle: 1.1507823776904846 | Robot angle: 1.221351445664606 | Diff: -0.07056906797412132 | Rotation Strength: 0.36569196096696055
Target distance: 0.0985897182477892
Arrived to point
=========================================
Target: [0.775  2.1675] | Position: [0.72154464 2.05579847]
Target angle: 1.1244511402480635 | Robot angle: 1.2163045763985956 | Diff: -0.0918534361505321 | Rotation Strength: 0.39765564954408206
Target distance: 0.12383338372713194
Aligned, walking
=========================================
Target: [0.775  2.1675] | Position: [0.72304868 2.05766106]
Target angle: 1.1289996964388136 | Robot angle: 1.2126846645171199 | Diff: -0.08368496807830628 | Rotation Strength: 0.3852685347161182
Target distance: 0.12150528066089747
Aligned, walking
=========================================
Target: [0.775  2.1675] | Position: [0.72488272 2.05949666]
Target angle: 1.1363327587069518 | Robot angle: 1.2125607865658399 | Diff: -0.07622802785888805 | Rotation Strength: 0.37408833242189654
Target distance: 0.11906495798475523
Aligned, walking
=========================================
Target: [0.775  2.1675] | Position: [0.72590982 2.05984477]
Target angle: 1.1429686258195328 | Robot angle: 1.2154264732830704 | Diff: -0.07245784746353756 | Rotation Strength: 0.36848562197666945
Target distance: 0.11831945788671237
Aligned, walking
=========================================
Target: [0.775  2.1675] | Position: [0.72582975 2.05907992]
Target angle: 1.1450223139350921 | Robot angle: 1.2165275752778175 | Diff: -0.07150526134272539 | Rotation Strength: 0.36707555221691834
Target distance: 0.1190488467716826
Aligned, walking
=========================================
Target: [0.775  2.1675] | Position: [0.72652961 2.05992668]
Target angle: 1.1474600999202265 | Robot angle: 1.2148909818122817 | Diff: -0.06743088189205526 | Rotation Strength: 0.3610703192094237
Target distance: 0.11798897109903712
Aligned, walking
=========================================
Target: [0.775  2.1675] | Position: [0.72864549 2.0627011 ]
Target angle: 1.1543485074565494 | Robot angle: 1.2137223096196825 | Diff: -0.05937380216313315 | Rotation Strength: 0.3493233927412087
Target distance: 0.11459297808403027
Aligned, walking
=========================================
Target: [0.775  2.1675] | Position: [0.73089211 2.06607647]
Target angle: 1.1605802049010885 | Robot angle: 1.215716641290407 | Diff: -0.05513643638931853 | Rotation Strength: 0.343217051932167
Target distance: 0.11059944757545534
Aligned, walking
=========================================
Target: [0.775  2.1675] | Position: [0.73455217 2.07424305]
Target angle: 1.161559140211299 | Robot angle: 1.2158861035870174 | Diff: -0.05432696337571841 | Rotation Strength: 0.3420563478315971
Target distance: 0.10165079990395663
Aligned, walking
=========================================
Target: [0.775  2.1675] | Position: [0.7394817  2.08619862]
Target angle: 1.1589130128303164 | Robot angle: 1.2159646763898202 | Diff: -0.05705166355950375 | Rotation Strength: 0.3459707527153407
Target distance: 0.08872127023529011
Arrived to point
=========================================
Target: [0.78   2.1725] | Position: [0.74461661 2.09921731]
Target angle: 1.1209754464149349 | Robot angle: 1.2143524471563154 | Diff: -0.09337700074138056 | Rotation Strength: 0.3999811739888729
Target distance: 0.08137773786768614
Arrived to point
=========================================
Target: [0.785  2.1825] | Position: [0.7504348  2.11488678]
Target angle: 1.0982134453583479 | Robot angle: 1.2135733282644132 | Diff: -0.11535988290606536 | Rotation Strength: 0.4339885451796943
Target distance: 0.07593616549968181
Arrived to point
=========================================
Target: [0.8    2.2025] | Position: [0.75583426 2.12844137]
Target angle: 1.033056183606126 | Robot angle: 1.2124764796722198 | Diff: -0.17942029606609378 | Rotation Strength: 0.5354964551491519
Target distance: 0.08622814439503337
Arrived to point
=========================================
Target: [0.805  2.2075] | Position: [0.761791   2.14526228]
Target angle: 0.9639347955810287 | Robot angle: 1.21305104216209 | Diff: -0.24911624658106124 | Rotation Strength: 0.6424292115441398
Target distance: 0.07576642559590394
Arrived to point
=========================================
Target: [0.81   2.2275] | Position: [0.76980723 2.16883191]
Target angle: 0.9701490945019007 | Robot angle: 1.2149105032287704 | Diff: -0.2447614087268697 | Rotation Strength: 0.6360358424023667
Target distance: 0.07111542613651266
Arrived to point
=========================================
Target: [0.825  2.2475] | Position: [0.77316299 2.17489049]
Target angle: 0.9507924447542955 | Robot angle: 1.2117815467804558 | Diff: -0.2609891020261603 | Rotation Strength: 0.6595991093506879
Target distance: 0.08921443862413853
Arrived to point
=========================================
Target: [0.84   2.2625] | Position: [0.77445535 2.17777556]
Target angle: 0.9123480961102235 | Robot angle: 1.2079437540202669 | Diff: -0.2955956579100434 | Rotation Strength: 0.7071993115556854
Target distance: 0.1071183083064583
Aligned, walking
=========================================
Target: [0.84   2.2625] | Position: [0.77465576 2.17790342]
Target angle: 0.9130990884073285 | Robot angle: 1.2075896989811943 | Diff: -0.29449061057386583 | Rotation Strength: 0.7057404749931583
Target distance: 0.10689457885561832
Aligned, walking
=========================================
Target: [0.84   2.2625] | Position: [0.77447428 2.17775836]
Target angle: 0.9125860861859207 | Robot angle: 1.2074978207847025 | Diff: -0.2949117345987817 | Rotation Strength: 0.7062969247456149
Target distance: 0.10712033562817491
Aligned, walking
=========================================
Target: [0.84   2.2625] | Position: [0.77375685 2.17749937]
Target angle: 0.908789582518585 | Robot angle: 1.206831139150065 | Diff: -0.29804155663148 | Rotation Strength: 0.7104131560083053
Target distance: 0.10776484839130894
Aligned, walking
=========================================
Target: [0.84   2.2625] | Position: [0.77375685 2.17749937]
Target angle: 0.908789582518585 | Robot angle: 1.206831139150065 | Diff: -0.29804155663148 | Rotation Strength: 0.7104131560083053
Target distance: 0.10776484839130894
Aligned, walking
=========================================
Target: [0.84   2.2625] | Position: [0.77568785 2.17758992]
Target angle: 0.9225666030498525 | Robot angle: 1.19363450699338 | Diff: -0.27106790394352753 | Rotation Strength: 0.6738547772729352
Target distance: 0.10651654571192269
Aligned, walking
=========================================
Target: [0.84   2.2625] | Position: [0.77764242 2.17971721]
Target angle: 0.9252073363811748 | Robot angle: 1.1811931990502567 | Diff: -0.25598586266908185 | Rotation Strength: 0.6524115968860622
Target distance: 0.10364100021914643
Aligned, walking
=========================================
Target: [0.84   2.2625] | Position: [0.7791879  2.18116659]
Target angle: 0.9287758339121686 | Robot angle: 1.163248569671774 | Diff: -0.23447273575960548 | Rotation Strength: 0.6207422288904456
Target distance: 0.10155409898479045
Aligned, walking
=========================================
Target: [0.84   2.2625] | Position: [0.78182399 2.18606009]
Target angle: 0.920248907954412 | Robot angle: 1.1450751524123435 | Diff: -0.22482624445793142 | Rotation Strength: 0.6061812667118411
Target distance: 0.09605991488840447
Arrived to point
=========================================
Target: [0.855  2.2775] | Position: [0.78488768 2.19178672]
Target angle: 0.8851837785199184 | Robot angle: 1.1282581523770672 | Diff: -0.2430743738571488 | Rotation Strength: 0.6335459809139445
Target distance: 0.11073619014186144
Aligned, walking
=========================================
Target: [0.855  2.2775] | Position: [0.78857496 2.1988908 ]
Target angle: 0.869210182307679 | Robot angle: 1.1129316984547284 | Diff: -0.2437215161470494 | Rotation Strength: 0.6345019372191748
Target distance: 0.1029159509747403
Aligned, walking
=========================================
Target: [0.855  2.2775] | Position: [0.79206958 2.20552026]
Target angle: 0.8523745047154803 | Robot angle: 1.10081011487833 | Diff: -0.24843561016284976 | Rotation Strength: 0.6414332328501515
Target distance: 0.0956102541068842
Arrived to point
=========================================
Target: [0.875  2.2975] | Position: [0.79592551 2.21243137]
Target angle: 0.8218997274998658 | Robot angle: 1.0873602569758933 | Diff: -0.2654605294760275 | Rotation Strength: 0.6659611914989081
Target distance: 0.11614407341068646
Aligned, walking
=========================================
Target: [0.875  2.2975] | Position: [0.80055833 2.21854936]
Target angle: 0.8147847152369887 | Robot angle: 1.071750995751282 | Diff: -0.2569662805142934 | Rotation Strength: 0.6538256441708711
Target distance: 0.10851158708638768
Aligned, walking
=========================================
Target: [0.875  2.2975] | Position: [0.80387044 2.22300137]
Target angle: 0.808528795758424 | Robot angle: 1.0565048712996656 | Diff: -0.24797607554124168 | Rotation Strength: 0.6407601023423883
Target distance: 0.10300222942564591
Aligned, walking
=========================================
Target: [0.875  2.2975] | Position: [0.80768421 2.22754552]
Target angle: 0.8046183422146207 | Robot angle: 1.044188942958412 | Diff: -0.23957060074379122 | Rotation Strength: 0.6283521083253145
Target distance: 0.09708267305364095
Arrived to point
=========================================
Target: [0.885  2.3075] | Position: [0.81213193 2.23287415]
Target angle: 0.7973152494490274 | Robot angle: 1.0284798030450384 | Diff: -0.23116455359601096 | Rotation Strength: 0.6157716725823235
Target distance: 0.10430135123206542
Aligned, walking
=========================================
Target: [0.885  2.3075] | Position: [0.8163932  2.23864096]
Target angle: 0.7872330615478726 | Robot angle: 1.0122642759874765 | Diff: -0.22503121443960383 | Rotation Strength: 0.606492731557936
Target distance: 0.09720318772226555
Arrived to point
=========================================
Target: [0.905  2.3325] | Position: [0.81972743 2.24313072]
Target angle: 0.8088516535048704 | Robot angle: 0.9981153411831576 | Diff: -0.18926368767828716 | Rotation Strength: 0.551044070332426
Target distance: 0.12352440912825911
Aligned, walking
=========================================
Target: [0.905  2.3325] | Position: [0.82303013 2.24903478]
Target angle: 0.7944368386173966 | Robot angle: 0.9840314191102637 | Diff: -0.18959458049286715 | Rotation Strength: 0.5515651578246643
Target distance: 0.116985056048541
Aligned, walking
=========================================
Target: [0.905  2.3325] | Position: [0.82663084 2.25250331]
Target angle: 0.7956748331560659 | Robot angle: 0.9706159569456903 | Diff: -0.17494112378962434 | Rotation Strength: 0.5283968551930701
Target distance: 0.11198747650970903
Aligned, walking
=========================================
Target: [0.905  2.3325] | Position: [0.83068436 2.25617344]
Target angle: 0.7987463462921731 | Robot angle: 0.9586430087040387 | Diff: -0.15989666241186562 | Rotation Strength: 0.5044833219075726
Target distance: 0.10652961443799211
Aligned, walking
=========================================
Target: [0.905  2.3325] | Position: [0.83393843 2.25811225]
Target angle: 0.8082624805596792 | Robot angle: 0.949017013570602 | Diff: -0.14075453301092278 | Rotation Strength: 0.4740411582568179
Target distance: 0.10287509232411174
Aligned, walking
=========================================
Target: [0.905  2.3325] | Position: [0.83880612 2.26279598]
Target angle: 0.8112216673583994 | Robot angle: 0.9421048220664296 | Diff: -0.13088315470803025 | Rotation Strength: 0.4584033759119839
Target distance: 0.09612638202198158
Arrived to point
=========================================
Target: [0.93   2.3575] | Position: [0.84455636 2.26814114]
Target angle: 0.8077923585251181 | Robot angle: 0.9340458611093023 | Diff: -0.12625350258418422 | Rotation Strength: 0.45109554103983374
Target distance: 0.12363503453716165
Aligned, walking
=========================================
Target: [0.93   2.3575] | Position: [0.85127058 2.27506353]
Target angle: 0.808395605737863 | Robot angle: 0.9250758473653793 | Diff: -0.11668024162751633 | Rotation Strength: 0.4360544677200393
Target distance: 0.11399163622751356
Aligned, walking
=========================================
Target: [0.93   2.3575] | Position: [0.8576127  2.28291718]
Target angle: 0.8003356331925859 | Robot angle: 0.9139262074862184 | Diff: -0.1135905742936325 | Rotation Strength: 0.43122377001835543
Target distance: 0.10393516478476238
Aligned, walking
=========================================
Target: [0.93   2.3575] | Position: [0.86557849 2.29113851]
Target angle: 0.800230643599761 | Robot angle: 0.903834763819634 | Diff: -0.10360412021987297 | Rotation Strength: 0.41570364768437706
Target distance: 0.09248772248234471
Arrived to point
=========================================
Target: [0.945  2.3675] | Position: [0.87351209 2.30042046]
Target angle: 0.7535950498058259 | Robot angle: 0.8909348370436536 | Diff: -0.1373397872378277 | Rotation Strength: 0.46862434073283676
Target distance: 0.09803155694106844
Arrived to point
=========================================
Target: [0.97   2.3825] | Position: [0.88245329 2.30874485]
Target angle: 0.7001040313552567 | Robot angle: 0.8817016415526888 | Diff: -0.18159761019743215 | Rotation Strength: 0.5389425423787839
Target distance: 0.11447378732211651
Aligned, walking
=========================================
Target: [0.97   2.3825] | Position: [0.89107051 2.31810862]
Target angle: 0.6843064741689884 | Robot angle: 0.8719033450342693 | Diff: -0.18759687086528087 | Rotation Strength: 0.5484174986368708
Target distance: 0.10186321391105785
Aligned, walking
=========================================
Target: [0.97   2.3825] | Position: [0.89928101 2.3256409 ]
Target angle: 0.6771840992318303 | Robot angle: 0.860648611798009 | Diff: -0.18346451256617868 | Rotation Strength: 0.5418943848542139
Target distance: 0.09074211891228347
Arrived to point
=========================================
Target: [0.99   2.3925] | Position: [0.90573196 2.33230068]
Target angle: 0.6203112616421596 | Robot angle: 0.8537415841910869 | Diff: -0.23343032254892737 | Rotation Strength: 0.6191786768484939
Target distance: 0.10356186544796546
Aligned, walking
=========================================
Target: [0.99   2.3925] | Position: [0.91200082 2.33711141]
Target angle: 0.6174840850278653 | Robot angle: 0.8477382180869819 | Diff: -0.23025413305911657 | Rotation Strength: 0.6143994595194029
Target distance: 0.09566487529194304
Arrived to point
=========================================
Target: [1.01   2.4075] | Position: [0.91689512 2.34094947]
Target angle: 0.6205840153820978 | Robot angle: 0.8418231162761094 | Diff: -0.22123910089401155 | Rotation Strength: 0.6007166060087406
Target distance: 0.11444427386060159
Aligned, walking
=========================================
Target: [1.01   2.4075] | Position: [0.92053079 2.34317074]
Target angle: 0.6233707619405862 | Robot angle: 0.8354225986869785 | Diff: -0.21205183674639239 | Rotation Strength: 0.5866088296800431
Target distance: 0.11019524840834227
Aligned, walking
=========================================
Target: [1.01   2.4075] | Position: [0.92338894 2.34522761]
Target angle: 0.6233568390615609 | Robot angle: 0.8279230319998097 | Diff: -0.20456619293824874 | Rotation Strength: 0.5750068326988367
Target distance: 0.10667392982325279
Aligned, walking
=========================================
Target: [1.01   2.4075] | Position: [0.92579364 2.3466772 ]
Target angle: 0.6255404160480094 | Robot angle: 0.8231925661794626 | Diff: -0.1976521501314532 | Rotation Strength: 0.5642165456216134
Target distance: 0.10387551794038821
Aligned, walking
=========================================
Target: [1.01   2.4075] | Position: [0.9275444  2.34778158]
Target angle: 0.6268159955009298 | Robot angle: 0.8183844006727545 | Diff: -0.19156840517182472 | Rotation Strength: 0.5546711320503335
Target distance: 0.10180970357201244
Aligned, walking
=========================================
Target: [1.01   2.4075] | Position: [0.93025904 2.34888064]
Target angle: 0.633911217980546 | Robot angle: 0.8122013247881088 | Diff: -0.17829010680756285 | Rotation Strength: 0.5337063193031352
Target distance: 0.0989689364498639
Arrived to point
=========================================
Target: [1.02   2.4125] | Position: [0.93300696 2.35061012]
Target angle: 0.6183591477550974 | Robot angle: 0.8052464702500184 | Diff: -0.18688732249492102 | Rotation Strength: 0.547298563804177
Target distance: 0.10676210296528892
Aligned, walking
=========================================
Target: [1.02   2.4125] | Position: [0.93745007 2.35346539]
Target angle: 0.6208137549244697 | Robot angle: 0.798186763172803 | Diff: -0.17737300824833335 | Rotation Strength: 0.532253062886344
Target distance: 0.1014868216954631
Aligned, walking
=========================================
Target: [1.02   2.4125] | Position: [0.94194599 2.3563125 ]
Target angle: 0.6239269896479964 | Robot angle: 0.7866500208208 | Diff: -0.16272303117280362 | Rotation Strength: 0.508980781686938
Target distance: 0.09617413661687656
Arrived to point
=========================================
Target: [1.04   2.4175] | Position: [0.94790805 2.36076728]
Target angle: 0.5521333087772833 | Robot angle: 0.7734776203198535 | Diff: -0.22134431154257017 | Rotation Strength: 0.600877248856512
Target distance: 0.10816435645444661
Aligned, walking
=========================================
Target: [1.04   2.4175] | Position: [0.95559627 2.36677371]
Target angle: 0.5411514030954434 | Robot angle: 0.7633006627502588 | Diff: -0.22214925965481536 | Rotation Strength: 0.6021055782871122
Target distance: 0.09847408585125256
Arrived to point
=========================================
Target: [1.055  2.4325] | Position: [0.96389653 2.37332771]
Target angle: 0.576028209181898 | Robot angle: 0.7505048385576982 | Diff: -0.17447662937580022 | Rotation Strength: 0.527659912548835
Target distance: 0.10863333577146157
Aligned, walking
=========================================
Target: [1.055  2.4325] | Position: [0.97187422 2.37920114]
Target angle: 0.5701522331877662 | Robot angle: 0.7364076524513727 | Diff: -0.16625541926360654 | Rotation Strength: 0.514599566647197
Target distance: 0.09874544739723706
Arrived to point
=========================================
Target: [1.07   2.4375] | Position: [0.97956687 2.38418575]
Target angle: 0.5326953574483939 | Robot angle: 0.7220436332327109 | Diff: -0.189348275784317 | Rotation Strength: 0.5511772897471537
Target distance: 0.10497885507147846
Aligned, walking
=========================================
Target: [1.07   2.4375] | Position: [0.98542894 2.38769671]
Target angle: 0.5322124433428002 | Robot angle: 0.7078116621967077 | Diff: -0.1755992188539075 | Rotation Strength: 0.5294407419137246
Target distance: 0.09814597249924731
Arrived to point
=========================================
Target: [1.08   2.4425] | Position: [0.99041817 2.39079537]
Target angle: 0.5234692389103643 | Robot angle: 0.6960694367159044 | Diff: -0.17260019780554003 | Rotation Strength: 0.5246816696345007
Target distance: 0.10343245818843232
Aligned, walking
=========================================
Target: [1.08   2.4425] | Position: [0.99403545 2.39181484]
Target angle: 0.5327413115190271 | Robot angle: 0.6860671015958881 | Diff: -0.15332579007686098 | Rotation Strength: 0.4940258582588163
Target distance: 0.09979423806197049
Arrived to point
=========================================
Target: [1.105  2.4525] | Position: [0.9966213  2.39242877]
Target angle: 0.5061168172233241 | Robot angle: 0.6780534413726 | Diff: -0.1719366241492759 | Rotation Strength: 0.5236280245321776
Target distance: 0.12391326039742727
Aligned, walking
=========================================
Target: [1.105  2.4525] | Position: [0.99889236 2.39338429]
Target angle: 0.5083005205062654 | Robot angle: 0.672930937403768 | Diff: -0.16463041689750257 | Rotation Strength: 0.5120151327960563
Target distance: 0.12146397511749978
Aligned, walking
=========================================
Target: [1.105  2.4525] | Position: [1.0000419  2.39349425]
Target angle: 0.51214927515143 | Robot angle: 0.6716362667153963 | Diff: -0.15948699156396628 | Rotation Strength: 0.5038313556712087
Target distance: 0.12040714776900041
Aligned, walking
=========================================
Target: [1.105  2.4525] | Position: [1.00125445 2.39380153]
Target angle: 0.5148871660424712 | Robot angle: 0.6709135673835718 | Diff: -0.15602640134110057 | Rotation Strength: 0.4983237365428883
Target distance: 0.11920004017783221
Aligned, walking
=========================================
Target: [1.105  2.4525] | Position: [1.00232257 2.39403083]
Target angle: 0.5176496464009466 | Robot angle: 0.6696064052696773 | Diff: -0.15195675886873072 | Rotation Strength: 0.49184741569509327
Target distance: 0.1181579406557014
Aligned, walking
=========================================
Target: [1.105  2.4525] | Position: [1.00441418 2.39389027]
Target angle: 0.5275896723842672 | Robot angle: 0.6669860238596597 | Diff: -0.13939635147539242 | Rotation Strength: 0.4718858689041996
Target distance: 0.11641566801398098
Aligned, walking
=========================================
Target: [1.105  2.4525] | Position: [1.00852324 2.39548788]
Target angle: 0.5337322388900394 | Robot angle: 0.6682114954519687 | Diff: -0.13447925656192927 | Rotation Strength: 0.4640923066899294
Target distance: 0.1120631357207429
Aligned, walking
=========================================
Target: [1.105  2.4525] | Position: [1.01491191 2.39912426]
Target angle: 0.5348745896232985 | Robot angle: 0.6618530376127518 | Diff: -0.12697844798945335 | Rotation Strength: 0.4522385456403091
Target distance: 0.10471309935720297
Aligned, walking
=========================================
Target: [1.105  2.4525] | Position: [1.02349271 2.40525001]
Target angle: 0.5253612085710131 | Robot angle: 0.653928910950428 | Diff: -0.12856770237941495 | Rotation Strength: 0.4547460332373535
Target distance: 0.0942125216830454
Arrived to point
=========================================
Target: [1.12   2.4525] | Position: [1.0331002 2.4110621]
Target angle: 0.4449542178446997 | Robot angle: 0.6409361107165981 | Diff: -0.19598189287189838 | Rotation Strength: 0.5616003356284489
Target distance: 0.09627395663088396
Arrived to point
=========================================
Target: [1.15   2.4575] | Position: [1.04409427 2.41789789]
Target angle: 0.35783873761218654 | Robot angle: 0.6274413523603721 | Diff: -0.2696026147481856 | Rotation Strength: 0.6718013347658882
Target distance: 0.11306790317307712
Aligned, walking
=========================================
Target: [1.15   2.4575] | Position: [1.05421734 2.42421651]
Target angle: 0.3344367549989222 | Robot angle: 0.6188233462713209 | Diff: -0.2843865912723986 | Rotation Strength: 0.6922077894320015
Target distance: 0.10140072956100762
Aligned, walking
=========================================
Target: [1.15   2.4575] | Position: [1.06463173 2.43025332]
Target angle: 0.30894655847553887 | Robot angle: 0.6119689522757641 | Diff: -0.3030223938002252 | Rotation Strength: 0.716892755465207
Target distance: 0.08961095626509576
Arrived to point
=========================================
Target: [1.165  2.4575] | Position: [1.07315232 2.43464845]
Target angle: 0.24384733668770453 | Robot angle: 0.6050200234054555 | Diff: -0.36117268671775093 | Rotation Strength: 0.7857166010771444
Target distance: 0.09464771158525435
Arrived to point
=========================================
Target: [1.18   2.4625] | Position: [1.08127872 2.43918385]
Target angle: 0.23193140901254594 | Robot angle: 0.5985742203919546 | Diff: -0.3666428113794087 | Rotation Strength: 0.791521418656735
Target distance: 0.10143733581332215
Aligned, walking
=========================================
Target: [1.18   2.4625] | Position: [1.0879309  2.44141238]
Target angle: 0.22515759587148576 | Robot angle: 0.5879689662789476 | Diff: -0.3628113704074618 | Rotation Strength: 0.787467790917848
Target distance: 0.0944531999678569
Arrived to point
=========================================
Target: [1.2    2.4675] | Position: [1.09233731 2.44218876]
Target angle: 0.2309044994257019 | Robot angle: 0.5776868654780207 | Diff: -0.3467823660523188 | Rotation Strength: 0.7698890995570947
Target distance: 0.11059798068090163
Aligned, walking
=========================================
Target: [1.2    2.4675] | Position: [1.09541351 2.44231211]
Target angle: 0.23633257281074904 | Robot angle: 0.5691319831632007 | Diff: -0.33279941035245164 | Rotation Strength: 0.7537413468340088
Target distance: 0.10757678292898189
Aligned, walking
=========================================
Target: [1.2    2.4675] | Position: [1.09780514 2.44305237]
Target angle: 0.23481266284558444 | Robot angle: 0.5651229734020595 | Diff: -0.3303103105564751 | Rotation Strength: 0.7507882554708281
Target distance: 0.10507842887629848
Aligned, walking
=========================================
Target: [1.2    2.4675] | Position: [1.09904397 2.44264314]
Target angle: 0.24141286181722954 | Robot angle: 0.5579597086859391 | Diff: -0.3165468468687096 | Rotation Strength: 0.7340365277993522
Target distance: 0.10397106735756471
Aligned, walking
=========================================
Target: [1.2    2.4675] | Position: [1.10012875 2.44171588]
Target angle: 0.2526565408217989 | Robot angle: 0.5509508876670957 | Diff: -0.29829434684529677 | Rotation Strength: 0.7107441217739862
Target distance: 0.10314595674927675
Aligned, walking
=========================================
Target: [1.2    2.4675] | Position: [1.10220442 2.44081254]
Target angle: 0.2664037484612436 | Robot angle: 0.5418424215389761 | Diff: -0.2754386730777325 | Rotation Strength: 0.679940211701059
Target distance: 0.10137157826935847
Aligned, walking
=========================================
Target: [1.2    2.4675] | Position: [1.10508282 2.44096062]
Target angle: 0.2726429928402472 | Robot angle: 0.5283268623269617 | Diff: -0.2556838694867145 | Rotation Strength: 0.6519754915974542
Target distance: 0.09855764316303312
Arrived to point
=========================================
Target: [1.215  2.4675] | Position: [1.10866935 2.4412577 ]
Target angle: 0.24196366404252068 | Robot angle: 0.511354743409195 | Diff: -0.2693910793666743 | Rotation Strength: 0.6715043451678342
Target distance: 0.10952107558882206
Aligned, walking
=========================================
Target: [1.215  2.4675] | Position: [1.11472144 2.44279725]
Target angle: 0.2415321925519005 | Robot angle: 0.49557157531148954 | Diff: -0.25403938275958904 | Rotation Strength: 0.6495962466449383
Target distance: 0.10327640273090173
Aligned, walking
=========================================
Target: [1.215  2.4675] | Position: [1.1203072  2.44386879]
Target angle: 0.24456122590722318 | Robot angle: 0.4747040711883219 | Diff: -0.23014284528109874 | Rotation Strength: 0.6142315979667075
Target distance: 0.09759692637653294
Arrived to point
=========================================
Target: [1.235  2.4725] | Position: [1.12646419 2.4454238 ]
Target angle: 0.24447782570873855 | Robot angle: 0.46084332063661293 | Diff: -0.21636549492787438 | Rotation Strength: 0.5932520202172948
Target distance: 0.11186216212960597
Aligned, walking
=========================================
Target: [1.235  2.4725] | Position: [1.13819681 2.44746595]
Target angle: 0.2530635295035335 | Robot angle: 0.43032725547592987 | Diff: -0.17726372597239637 | Rotation Strength: 0.5320798545846666
Target distance: 0.09998780343513843
Arrived to point
=========================================
Target: [1.25   2.4775] | Position: [1.13819681 2.44746595]
Target angle: 0.2624375255356606 | Robot angle: 0.43032725547592987 | Diff: -0.1678897299402693 | Rotation Strength: 0.5171980170740151
Target distance: 0.115766994354938
Aligned, walking
=========================================
Target: [1.25   2.4775] | Position: [1.1426215  2.44847583]
Target angle: 0.26398939375566455 | Robot angle: 0.4150452098387616 | Diff: -0.15105581608309704 | Rotation Strength: 0.4904139728876732
Target distance: 0.11123194373485629
Aligned, walking
=========================================
Target: [1.25   2.4775] | Position: [1.15461478 2.45013791]
Target angle: 0.2793575088390283 | Robot angle: 0.3926865861094 | Diff: -0.11332907727037167 | Rotation Strength: 0.43081550592933215
Target distance: 0.09923217340021834
Arrived to point
=========================================
Target: [1.27   2.4775] | Position: [1.15461478 2.45013791]
Target angle: 0.232836059096722 | Robot angle: 0.3926865861094 | Diff: -0.159850527012678 | Rotation Strength: 0.5044099009466623
Target distance: 0.11858512983236802
Aligned, walking
=========================================
Target: [1.27   2.4775] | Position: [1.16577979 2.45198978]
Target angle: 0.24005242725434162 | Robot angle: 0.3774850700070109 | Diff: -0.1374326427526693 | Rotation Strength: 0.4687715456668583
Target distance: 0.1072968984672053
Aligned, walking
=========================================
Target: [1.27   2.4775] | Position: [1.17055947 2.45232782]
Target angle: 0.24792992024824168 | Robot angle: 0.3683140894643948 | Diff: -0.12038416921615314 | Rotation Strength: 0.44186151946844165
Target distance: 0.10257708388808322
Aligned, walking
=========================================
Target: [1.27   2.4775] | Position: [1.17609005 2.45159175]
Target angle: 0.2691878039697331 | Robot angle: 0.36318229918544764 | Diff: -0.09399449521571457 | Rotation Strength: 0.4009249911237781
Target distance: 0.09741825684733178
Arrived to point
=========================================
Target: [1.29   2.4825] | Position: [1.18224041 2.45251923]
Target angle: 0.2713564291645896 | Robot angle: 0.3572251563300264 | Diff: -0.08586872716543681 | Rotation Strength: 0.38856630264504044
Target distance: 0.11185246914787081
Aligned, walking
=========================================
Target: [1.29   2.4825] | Position: [1.18857549 2.45294886]
Target angle: 0.28351228599614586 | Robot angle: 0.3525338326845162 | Diff: -0.06902154668837035 | Rotation Strength: 0.3634097562141786
Target distance: 0.10564185007800361
Aligned, walking
=========================================
Target: [1.29   2.4825] | Position: [1.19705679 2.45428631]
Target angle: 0.29471815732967155 | Robot angle: 0.3470446167025907 | Diff: -0.05232645937291913 | Rotation Strength: 0.3391959441011473
Target distance: 0.09713111510692819
Arrived to point
=========================================
Target: [1.315  2.4825] | Position: [1.20782008 2.45645022]
Target angle: 0.2384241953892583 | Robot angle: 0.34057451618243384 | Diff: -0.10215032079317554 | Rotation Strength: 0.4134573886629428
Target distance: 0.11030015903762458
Aligned, walking
=========================================
Target: [1.315  2.4825] | Position: [1.22039587 2.4595636 ]
Target angle: 0.23785657569132468 | Robot angle: 0.33887984435806295 | Diff: -0.10102326866673828 | Rotation Strength: 0.4117184550611577
Target distance: 0.09734484917280928
Arrived to point
=========================================
Target: [1.34   2.4875] | Position: [1.2318975  2.46275575]
Target angle: 0.22501978921828591 | Robot angle: 0.33632376794434915 | Diff: -0.11130397872606324 | Rotation Strength: 0.42765703074131367
Target distance: 0.11089828039280807
Aligned, walking
=========================================
Target: [1.34   2.4875] | Position: [1.24379884 2.46654908]
Target angle: 0.21443410241813465 | Robot angle: 0.33826208762165244 | Diff: -0.12382798520351779 | Rotation Strength: 0.44727510132695514
Target distance: 0.09845609927118652
Arrived to point
=========================================
Target: [1.365  2.4875] | Position: [1.25749143 2.46968686]
Target angle: 0.16419871149794885 | Robot angle: 0.3382544723758838 | Diff: -0.17405576087793495 | Rotation Strength: 0.5269920803156104
Target distance: 0.10897430961176224
Aligned, walking
=========================================
Target: [1.365  2.4875] | Position: [1.27031053 2.47034047]
Target angle: 0.1792733692244668 | Robot angle: 0.33240580222177174 | Diff: -0.15313243299730495 | Rotation Strength: 0.4937181671434949
Target distance: 0.09623172872351755
Arrived to point
=========================================
Target: [1.38   2.4875] | Position: [1.28144527 2.47245115]
Target angle: 0.15152495217553152 | Robot angle: 0.32989641968289485 | Diff: -0.17837146750736332 | Rotation Strength: 0.5338352181646495
Target distance: 0.09969705438683937
Arrived to point
=========================================
Target: [1.405  2.4925] | Position: [1.28952957 2.47381882]
Target angle: 0.16039348329871217 | Robot angle: 0.3216318965489413 | Diff: -0.16123841325022914 | Rotation Strength: 0.5066185182463511
Target distance: 0.11697181708435903
Aligned, walking
=========================================
Target: [1.405  2.4925] | Position: [1.29713461 2.47672789]
Target angle: 0.14519138650560492 | Robot angle: 0.3165342980475665 | Diff: -0.17134291154196157 | Rotation Strength: 0.5226851286252818
Target distance: 0.10901238846830767
Aligned, walking
=========================================
Target: [1.405  2.4925] | Position: [1.30303792 2.47775007]
Target angle: 0.14366431101797295 | Robot angle: 0.3111198240030535 | Diff: -0.16745551298508055 | Rotation Strength: 0.5165077245539027
Target distance: 0.10302342502685041
Aligned, walking
=========================================
Target: [1.405  2.4925] | Position: [1.3076125  2.47820221]
Target angle: 0.14577200962134107 | Robot angle: 0.30681284305186907 | Diff: -0.161040833430528 | Rotation Strength: 0.5063041127198431
Target distance: 0.09843145489906398
Arrived to point
=========================================
Target: [1.425  2.4925] | Position: [1.31051162 2.47776561]
Target angle: 0.12799415233202804 | Robot angle: 0.30067255077725097 | Diff: -0.17267839844522292 | Rotation Strength: 0.5248058250129408
Target distance: 0.11543262985078485
Aligned, walking
=========================================
Target: [1.425  2.4925] | Position: [1.31173578 2.47651808]
Target angle: 0.1401775306769557 | Robot angle: 0.2942097384444553 | Diff: -0.1540322077674996 | Rotation Strength: 0.49515002473398073
Target distance: 0.11438621419335808
Aligned, walking
=========================================
Target: [1.425  2.4925] | Position: [1.3124641  2.47474158]
Target angle: 0.15651165314341764 | Robot angle: 0.29061957122827264 | Diff: -0.134107918084855 | Rotation Strength: 0.4635044013980344
Target distance: 0.11392844004027648
Aligned, walking
=========================================
Target: [1.425  2.4925] | Position: [1.31288239 2.47333489]
Target angle: 0.16930123302279965 | Robot angle: 0.2846263826026143 | Diff: -0.11532514957981466 | Rotation Strength: 0.43393422969680084
Target distance: 0.11374383582655477
Aligned, walking
=========================================
Target: [1.425  2.4925] | Position: [1.3158463  2.47343532]
Target angle: 0.1729148269217724 | Robot angle: 0.28185646129798103 | Diff: -0.10894163437620863 | Rotation Strength: 0.4239800202182096
Target distance: 0.1108061050048348
Aligned, walking
=========================================
Target: [1.425  2.4925] | Position: [1.32161157 2.47508288]
Target angle: 0.1668958777633458 | Robot angle: 0.2786799764839589 | Diff: -0.11178409872061312 | Rotation Strength: 0.4284053339151581
Target distance: 0.10484523458196443
Aligned, walking
=========================================
Target: [1.425  2.4925] | Position: [1.32705603 2.47423981]
Target angle: 0.18431898437924854 | Robot angle: 0.26678206102193736 | Diff: -0.08246307664268882 | Rotation Strength: 0.3834278808947774
Target distance: 0.09963160052390557
Arrived to point
=========================================
Target: [1.45   2.4925] | Position: [1.33515208 2.47376786]
Target angle: 0.16168016542175767 | Robot angle: 0.25881697806143356 | Diff: -0.09713681263967588 | Rotation Strength: 0.40573916313133385
Target distance: 0.11636553129754965
Aligned, walking
=========================================
Target: [1.45   2.4925] | Position: [1.34343564 2.47389613]
Target angle: 0.17283692356611224 | Robot angle: 0.2507531888917942 | Diff: -0.07791626532568197 | Rotation Strength: 0.3766082410328778
Target distance: 0.10817609291082882
Aligned, walking
=========================================
Target: [1.45   2.4925] | Position: [1.35328383 2.47599347]
Target angle: 0.1690411170932582 | Robot angle: 0.24403001571459138 | Diff: -0.07498889862133318 | Rotation Strength: 0.37224310230313207
Target distance: 0.09811464087449097
Arrived to point
=========================================
Target: [1.47   2.4925] | Position: [1.36663156 2.47835762]
Target angle: 0.1359711100343275 | Robot angle: 0.23950244120447328 | Diff: -0.10353133117014579 | Rotation Strength: 0.4155910974999075
Target distance: 0.10433140344937121
Aligned, walking
=========================================
Target: [1.47   2.4925] | Position: [1.38007309 2.48017272]
Target angle: 0.13623202271286194 | Robot angle: 0.23212349264051957 | Diff: -0.09589146992765762 | Rotation Strength: 0.4038290181062427
Target distance: 0.09076789734024941
Arrived to point
=========================================
Target: [1.495  2.4925] | Position: [1.39395216 2.48223053]
Target angle: 0.10128202180945811 | Robot angle: 0.226317766641718 | Diff: -0.12503574483225988 | Rotation Strength: 0.4491766976908971
Target distance: 0.10156834143548153
Aligned, walking
=========================================
Target: [1.495  2.4925] | Position: [1.40571777 2.48379516]
Target angle: 0.09719086897370444 | Robot angle: 0.22175982965218344 | Diff: -0.124568960678479 | Rotation Strength: 0.4484415749727104
Target distance: 0.08970557950538524
Arrived to point
=========================================
Target: [1.52   2.4925] | Position: [1.41843046 2.48452777]
Target angle: 0.07832981467628342 | Robot angle: 0.2176069296449641 | Diff: -0.13927711496868067 | Rotation Strength: 0.4716967021385412
Target distance: 0.10188193407904764
Aligned, walking
=========================================
Target: [1.52   2.4925] | Position: [1.42837521 2.48660524]
Target angle: 0.06424736116118002 | Robot angle: 0.2152076355059247 | Diff: -0.15096027434474468 | Rotation Strength: 0.49026197027143736
Target distance: 0.09181421519268522
Arrived to point
=========================================
Target: [1.545  2.4925] | Position: [1.43733038 2.48770239]
Target angle: 0.04452914483960324 | Robot angle: 0.2123199651091725 | Diff: -0.16779082026956926 | Rotation Strength: 0.5170407819875055
Target distance: 0.10777645379772166
Aligned, walking
=========================================
Target: [1.545  2.4925] | Position: [1.44643994 2.48820842]
Target angle: 0.0435153167848199 | Robot angle: 0.21229039860133492 | Diff: -0.16877508181651502 | Rotation Strength: 0.5186052911451424
Target distance: 0.09865345283486068
Arrived to point
=========================================
Target: [1.575  2.4925] | Position: [1.45560425 2.4886959 ]
Target angle: 0.03185045815579812 | Robot angle: 0.20714760614448213 | Diff: -0.175297147988684 | Rotation Strength: 0.5289616210333203
Target distance: 0.11945633487652989
Aligned, walking
=========================================
Target: [1.575  2.4925] | Position: [1.45945479 2.48763903]
Target angle: 0.04204503025501749 | Robot angle: 0.20372256860241178 | Diff: -0.1616775383473943 | Rotation Strength: 0.5073172717023486
Target distance: 0.11564741337862067
Aligned, walking
=========================================
Target: [1.575  2.4925] | Position: [1.46531847 2.48637007]
Target angle: 0.05583036650249085 | Robot angle: 0.20011344310536305 | Diff: -0.1442830766028722 | Rotation Strength: 0.4796449046200859
Target distance: 0.10985268868486141
Aligned, walking
=========================================
Target: [1.575  2.4925] | Position: [1.47064348 2.48675904]
Target angle: 0.05495757297487325 | Robot angle: 0.19658742323121325 | Diff: -0.14162985025634 | Rotation Strength: 0.4754307112751749
Target distance: 0.10451431411674181
Aligned, walking
=========================================
Target: [1.575  2.4925] | Position: [1.47243588 2.48631258]
Target angle: 0.06025426976974968 | Robot angle: 0.19741076320201412 | Diff: -0.13715649343226444 | Rotation Strength: 0.4683337789703942
Target distance: 0.10275058567490174
Aligned, walking
=========================================
Target: [1.575  2.4925] | Position: [1.47457238 2.48548014]
Target angle: 0.06978621872121771 | Robot angle: 0.19410086202002708 | Diff: -0.12431464329880937 | Rotation Strength: 0.44804115363777874
Target distance: 0.10067266745400448
Aligned, walking
=========================================
Target: [1.575  2.4925] | Position: [1.47511739 2.48476561]
Target angle: 0.07728060588839858 | Robot angle: 0.18955159852716275 | Diff: -0.11227099263876417 | Rotation Strength: 0.4291645292851588
Target distance: 0.10018161455679236
Aligned, walking
=========================================
Target: [1.575  2.4925] | Position: [1.47882531 2.48391225]
Target angle: 0.0890570345317605 | Robot angle: 0.18258261607260629 | Diff: -0.09352558154084578 | Rotation Strength: 0.40020820662842715
Target distance: 0.09655734619539909
Arrived to point
=========================================
Target: [1.595  2.4875] | Position: [1.48220686 2.48278565]
Target angle: 0.04177214493975523 | Robot angle: 0.17389491145470348 | Diff: -0.13212276651494825 | Rotation Strength: 0.46036325787131327
Target distance: 0.11289161673868538
Aligned, walking
=========================================
Target: [1.595  2.4875] | Position: [1.49250082 2.48329949]
Target angle: 0.04095794726780477 | Robot angle: 0.16766610760032874 | Diff: -0.12670816033252397 | Rotation Strength: 0.45181232980342256
Target distance: 0.10258521384130988
Aligned, walking
=========================================
Target: [1.595  2.4875] | Position: [1.50354995 2.48452835]
Target angle: 0.032483350029137714 | Robot angle: 0.1574274531816795 | Diff: -0.12494410315254179 | Rotation Strength: 0.4490323566618951
Target distance: 0.09149832365173861
Arrived to point
=========================================
Target: [1.615  2.4875] | Position: [1.51586231 2.48533612]
Target angle: 0.021823541671054603 | Robot angle: 0.14570116778118347 | Diff: -0.12387762611012887 | Rotation Strength: 0.4473532300654215
Target distance: 0.09916130610747503
Arrived to point
=========================================
Target: [1.635  2.4825] | Position: [1.52837052 2.48608892]
Target angle: -0.033645149286549714 | Robot angle: 0.13633572388291393 | Diff: -0.16998087316946364 | Rotation Strength: 0.5205214274091692
Target distance: 0.10668986293920936
Aligned, walking
=========================================
Target: [1.635  2.4825] | Position: [1.54190133 2.48570164]
Target angle: -0.03437616686061151 | Robot angle: 0.12626500457164402 | Diff: -0.16064117143225554 | Rotation Strength: 0.5056681221521555
Target distance: 0.09315370768847936
Arrived to point
=========================================
Target: [1.655  2.4775] | Position: [1.55252379 2.48482259]
Target angle: -0.07133524657639256 | Robot angle: 0.11520106371347216 | Diff: -0.18653631028986473 | Rotation Strength: 0.5467448514092601
Target distance: 0.10273749700364505
Aligned, walking
=========================================
Target: [1.655  2.4775] | Position: [1.56552854 2.48532392]
Target angle: -0.08722411512163042 | Robot angle: 0.10926791220353271 | Diff: -0.19649202732516313 | Rotation Strength: 0.5623997557861089
Target distance: 0.08981289730683537
Arrived to point
=========================================
Target: [1.71   2.4675] | Position: [1.57139988 2.48466178]
Target angle: -0.12319517401212998 | Robot angle: 0.10173548053876491 | Diff: -0.2249306545508949 | Rotation Strength: 0.60633993525004
Target distance: 0.13965858204572298
Aligned, walking
=========================================
Target: [1.71   2.4675] | Position: [1.57947316 2.48552238]
Target angle: -0.13720661917071109 | Robot angle: 0.09558443925050364 | Diff: -0.23279105842121472 | Rotation Strength: 0.6182185960151654
Target distance: 0.13176517939113414
Aligned, walking
=========================================
Target: [1.71   2.4675] | Position: [1.58429104 2.48475415]
Target angle: -0.13640247082517964 | Robot angle: 0.09066921249057458 | Diff: -0.22707168331575422 | Rotation Strength: 0.6095885964201706
Target distance: 0.12688754466725308
Aligned, walking
=========================================
Target: [1.71   2.4675] | Position: [1.58764919 2.48375477]
Target angle: -0.13208034458490037 | Robot angle: 0.09135870753045916 | Diff: -0.22343905211535953 | Rotation Strength: 0.6040710828750286
Target distance: 0.12342583647996137
Aligned, walking
=========================================
Target: [1.71   2.4675] | Position: [1.5881647  2.48260237]
Target angle: -0.12332814532769909 | Robot angle: 0.09190044009700626 | Diff: -0.21522858542470535 | Rotation Strength: 0.5915043399854318
Target distance: 0.12276775589857329
Aligned, walking
=========================================
Target: [1.71   2.4675] | Position: [1.58938808 2.48146424]
Target angle: -0.11526509725344969 | Robot angle: 0.09241576590234812 | Diff: -0.2076808631557978 | Rotation Strength: 0.5798450737312805
Target distance: 0.12141760260574588
Aligned, walking
=========================================
Target: [1.71   2.4675] | Position: [1.59127576 2.48027619]
Target angle: -0.10719980686060948 | Robot angle: 0.08809744831720279 | Diff: -0.19529725517781227 | Rotation Strength: 0.5605269533232957
Target distance: 0.1194096956324136
Aligned, walking
=========================================
Target: [1.71   2.4675] | Position: [1.59368472 2.47919326]
Target angle: -0.10019406917444851 | Robot angle: 0.08014184874616914 | Diff: -0.18033591792061765 | Rotation Strength: 0.5369460639799715
Target distance: 0.11690156509936583
Aligned, walking
=========================================
Target: [1.71   2.4675] | Position: [1.59633734 2.47852069]
Target angle: -0.09665751780063836 | Robot angle: 0.06976423008690036 | Diff: -0.16642174788753872 | Rotation Strength: 0.5148640570627833
Target distance: 0.11419569402006936
Aligned, walking
=========================================
Target: [1.71   2.4675] | Position: [1.6038861  2.47735403]
Target angle: -0.09259720599818966 | Robot angle: 0.05761527289443924 | Diff: -0.1502124788926289 | Rotation Strength: 0.48907232568799397
Target distance: 0.10657045481622822
Aligned, walking
=========================================
Target: [1.71   2.4675] | Position: [1.61244929 2.47566705]
Target angle: -0.08352631779141939 | Robot angle: 0.04222010741150761 | Diff: -0.125746425202927 | Rotation Strength: 0.450296349789573
Target distance: 0.09789199099588929
Arrived to point
=========================================
Target: [1.735  2.4575] | Position: [1.62325461 2.47349813]
Target angle: -0.142199618752751 | Robot angle: 0.029135832484696866 | Diff: -0.17133545123744787 | Rotation Strength: 0.5226732796101257
Target distance: 0.11288477315686432
Aligned, walking
=========================================
Target: [1.735  2.4575] | Position: [1.63454544 2.47290953]
Target angle: -0.152211564773026 | Robot angle: 0.01893944691229521 | Diff: -0.1711510116853212 | Rotation Strength: 0.5223803307994883
Target distance: 0.10162958003334521
Aligned, walking
=========================================
Target: [1.735  2.4575] | Position: [1.64615345 2.47269583]
Target angle: -0.16939551570389533 | Robot angle: 0.0068293283648102054 | Diff: -0.17622484406870553 | Rotation Strength: 0.5304328855522551
Target distance: 0.0901366889784909
Arrived to point
=========================================
Target: [1.765  2.4475] | Position: [1.65744773 2.47138088]
Target angle: -0.21849503857104313 | Robot angle: -0.005474823763371717 | Diff: -0.21302021480767142 | Rotation Strength: 0.5881030053470803
Target distance: 0.11017162920583878
Aligned, walking
=========================================
Target: [1.765  2.4475] | Position: [1.66826308 2.47009714]
Target angle: -0.229478840456935 | Robot angle: -0.015510858659635307 | Diff: -0.2139679817972997 | Rotation Strength: 0.5895638081835105
Target distance: 0.09934114163727671
Arrived to point
=========================================
Target: [1.78   2.4425] | Position: [1.67906006 2.4685496 ]
Target angle: -0.25255966781478056 | Robot angle: -0.029458887235533915 | Diff: -0.22310078057924665 | Rotation Strength: 0.6035559158900377
Target distance: 0.1042470818791414
Aligned, walking
=========================================
Target: [1.78   2.4425] | Position: [1.68788139 2.46717966]
Target angle: -0.26176443803950855 | Robot angle: -0.03920662982796319 | Diff: -0.22255780821154536 | Rotation Strength: 0.6027285219059627
Target distance: 0.09536731365721857
Arrived to point
=========================================
Target: [1.81   2.4325] | Position: [1.69733913 2.46588266]
Target angle: -0.28806902261399747 | Robot angle: -0.0523003922599834 | Diff: -0.23576863035401407 | Rotation Strength: 0.6226824924569299
Target distance: 0.11750265443372994
Aligned, walking
=========================================
Target: [1.81   2.4325] | Position: [1.70519602 2.46409834]
Target angle: -0.2928318420196998 | Robot angle: -0.06574993852507927 | Diff: -0.22708190349462054 | Rotation Strength: 0.6096040808369177
Target distance: 0.10946382236368708
Aligned, walking
=========================================
Target: [1.81   2.4325] | Position: [1.71095531 2.46143252]
Target angle: -0.28420796714555685 | Robot angle: -0.07752406250660027 | Diff: -0.20668390463895658 | Rotation Strength: 0.5782980487584477
Target distance: 0.10318401419387525
Aligned, walking
=========================================
Target: [1.81   2.4325] | Position: [1.71924942 2.45773462]
Target angle: -0.2712141287711889 | Robot angle: -0.09528959786149871 | Diff: -0.17592453090969018 | Rotation Strength: 0.5299566654346985
Target distance: 0.09419370539928842
Arrived to point
=========================================
Target: [1.84   2.4175] | Position: [1.72213055 2.45558737]
Target angle: -0.31254122528318096 | Robot angle: -0.10497812251825822 | Diff: -0.20756310276492274 | Rotation Strength: 0.5796624207479721
Target distance: 0.12387031566154104
Aligned, walking
=========================================
Target: [1.84   2.4175] | Position: [1.72507063 2.45396053]
Target angle: -0.30719999146077326 | Robot angle: -0.11431759350953374 | Diff: -0.19288239795123951 | Rotation Strength: 0.5567364570949599
Target distance: 0.12057416960009044
Aligned, walking
=========================================
Target: [1.84   2.4175] | Position: [1.72936963 2.45186198]
Target angle: -0.3011545232247341 | Robot angle: -0.12567113953305142 | Diff: -0.1754833836916827 | Rotation Strength: 0.5292570197192659
Target distance: 0.11584396671557891
Aligned, walking
=========================================
Target: [1.84   2.4175] | Position: [1.73630793 2.44964204]
Target angle: -0.3005836798272856 | Robot angle: -0.13266841032523446 | Diff: -0.16791526950205116 | Rotation Strength: 0.5172386163459148
Target distance: 0.10855946103389034
Aligned, walking
=========================================
Target: [1.84   2.4175] | Position: [1.74423286 2.44615411]
Target angle: -0.2907283120288846 | Robot angle: -0.1445829397112619 | Diff: -0.1461453723176227 | Rotation Strength: 0.4826046076984085
Target distance: 0.09996200667149716
Arrived to point
=========================================
Target: [1.86   2.4125] | Position: [1.75313608 2.4423065 ]
Target angle: -0.2720070842690441 | Robot angle: -0.15585087607494064 | Diff: -0.11615620819410344 | Rotation Strength: 0.43523425976042673
Target distance: 0.1109428921211862
Aligned, walking
=========================================
Target: [1.86   2.4125] | Position: [1.76214359 2.43921877]
Target angle: -0.26654360149937073 | Robot angle: -0.16982766936026028 | Diff: -0.09671593213911045 | Rotation Strength: 0.40509328134931777
Target distance: 0.10143850056959232
Aligned, walking
=========================================
Target: [1.86   2.4125] | Position: [1.77163151 2.43641903]
Target angle: -0.2643397051431364 | Robot angle: -0.18359326350891836 | Diff: -0.08074644163421807 | Rotation Strength: 0.3808475914537821
Target distance: 0.09154840174041129
Arrived to point
=========================================
Target: [1.885  2.3975] | Position: [1.78275358 2.43276606]
Target angle: -0.3321352612826809 | Robot angle: -0.19673138878105023 | Diff: -0.13540387250163066 | Rotation Strength: 0.4655565943724055
Target distance: 0.10815741381720428
Aligned, walking
=========================================
Target: [1.885  2.3975] | Position: [1.79473518 2.42922109]
Target angle: -0.33794148752660647 | Robot angle: -0.20382021669084782 | Diff: -0.13412127083575864 | Rotation Strength: 0.46352553980443323
Target distance: 0.09567635567826302
Arrived to point
=========================================
Target: [1.905  2.3875] | Position: [1.80665474 2.42551508]
Target angle: -0.36885554132043596 | Robot angle: -0.207618167428131 | Diff: -0.16123737389230497 | Rotation Strength: 0.5066168643466118
Target distance: 0.1054368854488879
Aligned, walking
=========================================
Target: [1.905  2.3875] | Position: [1.81800305 2.42192551]
Target angle: -0.37680209966460554 | Robot angle: -0.21078696927886487 | Diff: -0.16601513038574067 | Rotation Strength: 0.5142174526181492
Target distance: 0.0935605990553652
Arrived to point
=========================================
Target: [1.92   2.3775] | Position: [1.8294523  2.41730618]
Target angle: -0.41418476439270036 | Robot angle: -0.21507169401083104 | Diff: -0.19911307038186932 | Rotation Strength: 0.5665019378951726
Target distance: 0.09891116240783729
Arrived to point
=========================================
Target: [1.94   2.3625] | Position: [1.84097728 2.41270258]
Target angle: -0.4692163753695828 | Robot angle: -0.2212629087127156 | Diff: -0.24795346665686724 | Rotation Strength: 0.6407269703097911
Target distance: 0.11102161333150881
Aligned, walking
=========================================
Target: [1.94   2.3625] | Position: [1.85151545 2.40792125]
Target angle: -0.47424997490607446 | Robot angle: -0.2239873034724642 | Diff: -0.25026267143361025 | Rotation Strength: 0.6441039997233573
Target distance: 0.09946158008346169
Arrived to point
=========================================
Target: [1.965  2.3475] | Position: [1.85831985 2.40521694]
Target angle: -0.4959287339655907 | Robot angle: -0.23155487000226005 | Diff: -0.2643738639633306 | Rotation Strength: 0.6644204881595452
Target distance: 0.12129261815150565
Aligned, walking
=========================================
Target: [1.965  2.3475] | Position: [1.86505603 2.40306366]
Target angle: -0.5073984036833243 | Robot angle: -0.23258357639500415 | Diff: -0.2748148272883202 | Rotation Strength: 0.6790753052953282
Target distance: 0.11435085711320642
Aligned, walking
=========================================
Target: [1.965  2.3475] | Position: [1.87078012 2.40032777]
Target angle: -0.5110103949733542 | Robot angle: -0.23787439096363672 | Diff: -0.2731360040097175 | Rotation Strength: 0.6767416643644717
Target distance: 0.10801925501256776
Aligned, walking
=========================================
Target: [1.965  2.3475] | Position: [1.8750084  2.39764482]
Target angle: -0.5083669321466009 | Robot angle: -0.2399299055828581 | Diff: -0.2684370265637428 | Rotation Strength: 0.6701631799568314
Target distance: 0.103019367513665
Aligned, walking
=========================================
Target: [1.965  2.3475] | Position: [1.87628339 2.39565705]
Target angle: -0.49731319542472585 | Robot angle: -0.24164375540866834 | Diff: -0.2556694400160575 | Rotation Strength: 0.6519546477596894
Target distance: 0.10094423345023262
Aligned, walking
=========================================
Target: [1.965  2.3475] | Position: [1.87814304 2.39372879]
Target angle: -0.489106106211846 | Robot angle: -0.24778157688789904 | Diff: -0.241324529323947 | Rotation Strength: 0.6309558644460487
Target distance: 0.09839325319508235
Arrived to point
=========================================
Target: [1.985  2.3325] | Position: [1.87905819 2.39153679]
Target angle: -0.5083975047732592 | Robot angle: -0.25802468987358296 | Diff: -0.2503728148996762 | Rotation Strength: 0.644264721256436
Target distance: 0.12128070537660503
Aligned, walking
=========================================
Target: [1.985  2.3325] | Position: [1.88106349 2.38955747]
Target angle: -0.5020479662076491 | Robot angle: -0.27175316428580487 | Diff: -0.23029480192184426 | Rotation Strength: 0.6144607958433975
Target distance: 0.11856792658402804
Aligned, walking
=========================================
Target: [1.985  2.3325] | Position: [1.88507116 2.38616595]
Target angle: -0.49283994995417224 | Robot angle: -0.28867978035054875 | Diff: -0.2041601696036235 | Rotation Strength: 0.5743750466420392
Target distance: 0.11342754010560596
Aligned, walking
=========================================
Target: [1.985  2.3325] | Position: [1.88974523 2.3807741 ]
Target angle: -0.46906427389452165 | Robot angle: -0.3033212112529715 | Diff: -0.16574306264155014 | Rotation Strength: 0.51378478291529
Target distance: 0.10678885372701169
Aligned, walking
=========================================
Target: [1.985  2.3325] | Position: [1.89584134 2.37702425]
Target angle: -0.4631532716077129 | Robot angle: -0.3194316911909012 | Diff: -0.1437215804168117 | Rotation Strength: 0.47875280260698894
Target distance: 0.09965779447527572
Arrived to point
=========================================
Target: [2.005  2.3175] | Position: [1.90276607 2.37443869]
Target angle: -0.5081597325659146 | Robot angle: -0.3333128986569278 | Diff: -0.1748468339089868 | Rotation Strength: 0.5282472696868583
Target distance: 0.1170204683765447
Aligned, walking
=========================================
Target: [2.005  2.3175] | Position: [1.91289484 2.37182102]
Target angle: -0.5328647939874105 | Robot angle: -0.34658310550053617 | Diff: -0.18628168848687432 | Rotation Strength: 0.5463431198284754
Target distance: 0.10693051085004128
Aligned, walking
=========================================
Target: [2.005  2.3175] | Position: [1.9223324  2.36732743]
Target angle: -0.542434975646072 | Robot angle: -0.35940026091790767 | Diff: -0.18303471472816435 | Rotation Strength: 0.5412150652768632
Target distance: 0.0965230798767486
Arrived to point
=========================================
Target: [2.02   2.2975] | Position: [1.93226627 2.3611742 ]
Target angle: -0.6278103863770386 | Robot angle: -0.370907790437081 | Diff: -0.25690259593995757 | Rotation Strength: 0.6537338746855077
Target distance: 0.1084048509939035
Aligned, walking
=========================================
Target: [2.02   2.2975] | Position: [1.94080721 2.35405904]
Target angle: -0.6201889726311292 | Robot angle: -0.3811100835339474 | Diff: -0.23907888909718178 | Rotation Strength: 0.6276208016438187
Target distance: 0.09731609714948954
Arrived to point
=========================================
Target: [2.04   2.2775] | Position: [1.94989509 2.34957088]
Target angle: -0.6746526624832576 | Robot angle: -0.3962275316883459 | Diff: -0.2784251307949117 | Rotation Strength: 0.6840634845120734
Target distance: 0.11538243242128633
Aligned, walking
=========================================
Target: [2.04   2.2775] | Position: [1.95648756 2.34626957]
Target angle: -0.6888859850552618 | Robot angle: -0.4064567287226186 | Diff: -0.28242925633264315 | Rotation Strength: 0.6895466038967761
Target distance: 0.10818309006966219
Aligned, walking
=========================================
Target: [2.04   2.2775] | Position: [1.96408756 2.34068804]
Target angle: -0.6941757109653981 | Robot angle: -0.42132494740610804 | Diff: -0.27285076355929005 | Rotation Strength: 0.6763442869573093
Target distance: 0.0987695669028771
Arrived to point
=========================================
Target: [2.065  2.2425] | Position: [1.96959048 2.33757837]
Target angle: -0.7836596971731464 | Robot angle: -0.4338041398114365 | Diff: -0.3498555573617099 | Rotation Strength: 0.7733368367082617
Target distance: 0.13469548258753677
Aligned, walking
=========================================
Target: [2.065  2.2425] | Position: [1.97701694 2.3335457 ]
Target angle: -0.8025034701006728 | Robot angle: -0.4456869277725035 | Diff: -0.3568165423281693 | Rotation Strength: 0.7810104741653793
Target distance: 0.12661097261799711
Aligned, walking
=========================================
Target: [2.065  2.2425] | Position: [1.98036967 2.32939477]
Target angle: -0.7985992186761162 | Robot angle: -0.46388197101265716 | Diff: -0.334717247663459 | Rotation Strength: 0.7560005587896867
Target distance: 0.12129713181389154
Aligned, walking
=========================================
Target: [2.065  2.2425] | Position: [1.98463865 2.32432624]
Target angle: -0.7944299829072903 | Robot angle: -0.4810584200332815 | Diff: -0.3133715628740088 | Rotation Strength: 0.7300714930623657
Target distance: 0.11468862196565933
Aligned, walking
=========================================
Target: [2.065  2.2425] | Position: [1.98829876 2.32029257]
Target angle: -0.7924619112731062 | Robot angle: -0.49699154719745087 | Diff: -0.2954703640756553 | Rotation Strength: 0.7070341170855126
Target distance: 0.10924634767728453
Aligned, walking
=========================================
Target: [2.065  2.2425] | Position: [1.99222406 2.31720284]
Target angle: -0.7984630247334312 | Robot angle: -0.5168923375035526 | Diff: -0.28157068722987866 | Rotation Strength: 0.6883753136973836
Target distance: 0.1042921477611476
Aligned, walking
=========================================
Target: [2.065  2.2425] | Position: [1.99545858 2.31401377]
Target angle: -0.799380027946075 | Robot angle: -0.5361393304318636 | Diff: -0.2632406975142114 | Rotation Strength: 0.6628101175673395
Target distance: 0.09975083228216226
Arrived to point
=========================================
Target: [2.085  2.2225] | Position: [2.00086698 2.31029207]
Target angle: -0.8066777221928572 | Robot angle: -0.5531975466834851 | Diff: -0.2534801755093721 | Rotation Strength: 0.6487854796404017
Target distance: 0.12159692588139073
Aligned, walking
=========================================
Target: [2.085  2.2225] | Position: [2.0063343  2.30560728]
Target angle: -0.812846925921487 | Robot angle: -0.5696800540603313 | Diff: -0.2431668718611557 | Rotation Strength: 0.6336826832542183
Target distance: 0.11443387338855047
Aligned, walking
=========================================
Target: [2.085  2.2225] | Position: [2.01035393 2.30063236]
Target angle: -0.8082134274301151 | Robot angle: -0.5886758730971735 | Diff: -0.21953755433294164 | Rotation Strength: 0.5981155801515347
Target distance: 0.10805878892844722
Aligned, walking
=========================================
Target: [2.085  2.2225] | Position: [2.0149191  2.29385006]
Target angle: -0.7943716329546602 | Robot angle: -0.602972405234317 | Diff: -0.19139922772034312 | Rotation Strength: 0.5544050812655131
Target distance: 0.10001081346777083
Aligned, walking
=========================================
Target: [2.085  2.2225] | Position: [2.01969685 2.28911701]
Target angle: -0.7953573292879343 | Robot angle: -0.6145308945183698 | Diff: -0.1808264347695645 | Rotation Strength: 0.5377223930348487
Target distance: 0.09328626665957641
Arrived to point
=========================================
Target: [2.105  2.2025] | Position: [2.02420966 2.28454856]
Target angle: -0.793124769138676 | Robot angle: -0.6317710016114564 | Diff: -0.16135376752721964 | Rotation Strength: 0.5068020772109871
Target distance: 0.11514792313196902
Aligned, walking
=========================================
Target: [2.105  2.2025] | Position: [2.03045106 2.27911454]
Target angle: -0.7990619890623907 | Robot angle: -0.6476324154941793 | Diff: -0.1514295735682114 | Rotation Strength: 0.49100862103434295
Target distance: 0.10689869654304124
Aligned, walking
=========================================
Target: [2.105  2.2025] | Position: [2.03720162 2.27280845]
Target angle: -0.8035710317487634 | Robot angle: -0.658751723340433 | Diff: -0.14481930840833046 | Rotation Strength: 0.480496988004522
Target distance: 0.09767240018315927
Arrived to point
=========================================
Target: [2.115  2.1875] | Position: [2.04499144 2.26509207]
Target angle: -0.8367315980231429 | Robot angle: -0.6719351693008919 | Diff: -0.16479642872225098 | Rotation Strength: 0.5122791928710392
Target distance: 0.10450707746878245
Aligned, walking
=========================================
Target: [2.115  2.1875] | Position: [2.05158769 2.25674732]
Target angle: -0.8293546903729636 | Robot angle: -0.6850332213083399 | Diff: -0.14432146906462373 | Rotation Strength: 0.479705907155895
Target distance: 0.09389521942375084
Arrived to point
=========================================
Target: [2.135  2.1675] | Position: [2.05923428 2.24835627]
Target angle: -0.8178889003942991 | Robot angle: -0.6960348640286438 | Diff: -0.12185403636565528 | Rotation Strength: 0.4441704959879683
Target distance: 0.11080695489599086
Aligned, walking
=========================================
Target: [2.135  2.1675] | Position: [2.0663361  2.24035749]
Target angle: -0.8150216901611813 | Robot angle: -0.7060005026528118 | Diff: -0.10902118750836953 | Rotation Strength: 0.4241037109208723
Target distance: 0.10011466614884335
Aligned, walking
=========================================
Target: [2.135  2.1675] | Position: [2.07323135 2.23208203]
Target angle: -0.8076608601558117 | Robot angle: -0.7161175295310187 | Diff: -0.09154333062479303 | Rotation Strength: 0.39718287536860264
Target distance: 0.08936556857761005
Arrived to point
=========================================
Target: [2.16   2.1375] | Position: [2.07974363 2.22303686]
Target angle: -0.8172372647370101 | Robot angle: -0.7263499774665343 | Diff: -0.09088728727047579 | Rotation Strength: 0.39618333192193167
Target distance: 0.11729296203804448
Aligned, walking
=========================================
Target: [2.16   2.1375] | Position: [2.08653595 2.21436999]
Target angle: -0.8080500862386906 | Robot angle: -0.7371083824012201 | Diff: -0.07094170383747045 | Rotation Strength: 0.36624241187585127
Target distance: 0.10632950259162725
Aligned, walking
=========================================
Target: [2.16   2.1375] | Position: [2.09434516 2.20528934]
Target angle: -0.8013922470021511 | Robot angle: -0.7467665441381337 | Diff: -0.054625702864017356 | Rotation Strength: 0.34248449142973303
Target distance: 0.09437134943238006
Arrived to point
=========================================
Target: [2.175  2.1075] | Position: [2.10043084 2.19653512]
Target angle: -0.8735892246922381 | Robot angle: -0.7572215279903789 | Diff: -0.1163676967018592 | Rotation Strength: 0.4355652354681814
Target distance: 0.11613704577069385
Aligned, walking
=========================================
Target: [2.175  2.1075] | Position: [2.10920533 2.18634265]
Target angle: -0.8753662988107513 | Robot angle: -0.7659451570514744 | Diff: -0.10942114175927697 | Rotation Strength: 0.4247257110743271
Target distance: 0.10268934940671137
Aligned, walking
=========================================
Target: [2.175  2.1075] | Position: [2.11769828 2.17738898]
Target angle: -0.8840406480381864 | Robot angle: -0.7684898353556533 | Diff: -0.11555081268253309 | Rotation Strength: 0.4342871467371229
Target distance: 0.09037674744222068
Arrived to point
=========================================
Target: [2.205  2.0775] | Position: [2.12705059 2.16754608]
Target angle: -0.8572799910111164 | Robot angle: -0.7642044707247848 | Diff: -0.09307552028633159 | Rotation Strength: 0.39952064155851763
Target distance: 0.11909831050088883
Aligned, walking
=========================================
Target: [2.205  2.0775] | Position: [2.13708073 2.15647846]
Target angle: -0.8605413129706556 | Robot angle: -0.7600401394033622 | Diff: -0.10050117356729338 | Rotation Strength: 0.4109136559577239
Target distance: 0.10416633005166516
Aligned, walking
=========================================
Target: [2.205  2.0775] | Position: [2.14451173 2.14450597]
Target angle: -0.8364752748736377 | Robot angle: -0.7546892017480067 | Diff: -0.08178607312563102 | Rotation Strength: 0.38240947757867993
Target distance: 0.09026976917289292
Arrived to point
=========================================
Target: [2.225  2.0275] | Position: [2.15288839 2.13241115]
Target angle: -0.9686048229169426 | Robot angle: -0.7533656769343113 | Diff: -0.21523914598263127 | Rotation Strength: 0.5915205846106615
Target distance: 0.12730449161543153
Aligned, walking
=========================================
Target: [2.225  2.0275] | Position: [2.16088586 2.12059581]
Target angle: -0.9677014313683414 | Robot angle: -0.7538162462248805 | Diff: -0.2138851851434609 | Rotation Strength: 0.5894362554217479
Target distance: 0.11303739466832091
Aligned, walking
=========================================
Target: [2.225  2.0275] | Position: [2.16968501 2.11149533]
Target angle: -0.9884351497691766 | Robot angle: -0.7530245325161413 | Diff: -0.23541061725303525 | Rotation Strength: 0.6221468513253234
Target distance: 0.10057317463499506
Aligned, walking
=========================================
Target: [2.225  2.0275] | Position: [2.17847018 2.10252764]
Target angle: -1.015678487452365 | Robot angle: -0.7539650194326821 | Diff: -0.26171346801968287 | Rotation Strength: 0.6606337478610196
Target distance: 0.08828460297286847
Arrived to point
=========================================
Target: [2.245  2.0025] | Position: [2.18589056 2.09376264]
Target angle: -0.996050325438723 | Robot angle: -0.7643687127230865 | Diff: -0.23168161271563648 | Rotation Strength: 0.6165501814214778
Target distance: 0.10873267926829099
Aligned, walking
=========================================
Target: [2.245  2.0025] | Position: [2.19283468 2.08433076]
Target angle: -1.0032742288188476 | Robot angle: -0.7772236761946103 | Diff: -0.22605055262423734 | Rotation Strength: 0.6080403903906011
Target distance: 0.09704376986523985
Arrived to point
=========================================
Target: [2.255  1.9775] | Position: [2.19984099 2.07546862]
Target angle: -1.0580063456565432 | Robot angle: -0.7920490147929868 | Diff: -0.26595733086355633 | Rotation Strength: 0.6666643941691317
Target distance: 0.11242938519962993
Aligned, walking
=========================================
Target: [2.255  1.9775] | Position: [2.20495194 2.06659295]
Target angle: -1.0589760110138284 | Robot angle: -0.8076366159641712 | Diff: -0.2513393950496572 | Rotation Strength: 0.6456737587541848
Target distance: 0.10218787584342334
Aligned, walking
=========================================
Target: [2.255  1.9775] | Position: [2.20832405 2.05966822]
Target angle: -1.0541981152028361 | Robot angle: -0.8234850215059923 | Diff: -0.23071309369684379 | Rotation Strength: 0.6150914475332881
Target distance: 0.09450005682113942
Arrived to point
=========================================
Target: [2.275  1.9475] | Position: [2.21165334 2.05388583]
Target angle: -1.033734542187016 | Robot angle: -0.8359701171315934 | Diff: -0.1977644250554227 | Rotation Strength: 0.5643922811191937
Target distance: 0.12381738690594532
Aligned, walking
=========================================
Target: [2.275  1.9475] | Position: [2.21514951 2.04897418]
Target angle: -1.0379031300020243 | Robot angle: -0.8443744351633415 | Diff: -0.19352869483868274 | Rotation Strength: 0.5577515876028363
Target distance: 0.11780955512043818
Aligned, walking
=========================================
Target: [2.275  1.9475] | Position: [2.2173985  2.04387062]
Target angle: -1.0320637618087982 | Robot angle: -0.8572885361102989 | Diff: -0.17477522569849935 | Rotation Strength: 0.5281336639633072
Target distance: 0.11227300849282541
Aligned, walking
=========================================
Target: [2.275  1.9475] | Position: [2.21989508 2.03821903]
Target angle: -1.024935866177529 | Robot angle: -0.8707456060341041 | Diff: -0.15419026014342485 | Rotation Strength: 0.49540155044124157
Target distance: 0.10614374042127925
Aligned, walking
=========================================
Target: [2.275  1.9475] | Position: [2.22188123 2.03178695]
Target angle: -1.0084567760659322 | Robot angle: -0.8811886757098035 | Diff: -0.12726810035612868 | Rotation Strength: 0.45269537538716054
Target distance: 0.09962877895617607
Arrived to point
=========================================
Target: [2.29   1.9125] | Position: [2.22479649 2.02510706]
Target angle: -1.0459343754363601 | Robot angle: -0.8928803973409889 | Diff: -0.15305397809537125 | Rotation Strength: 0.49359332239264775
Target distance: 0.1301224296134426
Aligned, walking
=========================================
Target: [2.29   1.9125] | Position: [2.22802531 2.01860089]
Target angle: -1.042141862742095 | Robot angle: -0.9040895461151717 | Diff: -0.1380523166269234 | Rotation Strength: 0.4697540598398161
Target distance: 0.12287498360665441
Aligned, walking
=========================================
Target: [2.29   1.9125] | Position: [2.23816915 2.00137557]
Target angle: -1.0428329539614531 | Robot angle: -0.9281638198706874 | Diff: -0.11466913409076573 | Rotation Strength: 0.4329086614201313
Target distance: 0.1028849095988198
Aligned, walking
=========================================
Target: [2.29   1.9125] | Position: [2.24488162 1.99110002]
Target angle: -1.0496950453550373 | Robot angle: -0.9387223237610174 | Diff: -0.11097272159401994 | Rotation Strength: 0.42714093423752475
Target distance: 0.09062908378669328
Arrived to point
=========================================
Target: [2.31   1.8725] | Position: [2.24973534 1.98039689]
Target angle: -1.0614206777241568 | Robot angle: -0.9499457421192643 | Diff: -0.11147493560489252 | Rotation Strength: 0.42792344215314926
Target distance: 0.12358627951176104
Aligned, walking
=========================================
Target: [2.31   1.8725] | Position: [2.25484292 1.96791834]
Target angle: -1.0466688697697402 | Robot angle: -0.9596772935899756 | Diff: -0.08699157617976461 | Rotation Strength: 0.3902659554611889
Target distance: 0.11021326028984899
Aligned, walking
=========================================
Target: [2.31   1.8725] | Position: [2.26196693 1.95604472]
Target angle: -1.0490082894155957 | Robot angle: -0.9645555975285705 | Diff: -0.0844526918870252 | Rotation Strength: 0.38642671681902285
Target distance: 0.09636854422729291
Arrived to point
=========================================
Target: [2.33   1.8325] | Position: [2.26908516 1.94439167]
Target angle: -1.0722557388965495 | Robot angle: -0.9665336518680117 | Diff: -0.1057220870285378 | Rotation Strength: 0.41898236214781126
Target distance: 0.12739844469420103
Aligned, walking
=========================================
Target: [2.33   1.8325] | Position: [2.27605471 1.93318147]
Target angle: -1.0789193321801362 | Robot angle: -0.9725881651224921 | Diff: -0.10633116705764412 | Rotation Strength: 0.4199265870498169
Target distance: 0.11422282143989017
Aligned, walking
=========================================
Target: [2.33   1.8325] | Position: [2.28210693 1.9203039 ]
Target angle: -1.071449287652153 | Robot angle: -0.976602183577366 | Diff: -0.09484710407478714 | Rotation Strength: 0.402229379260166
Target distance: 0.10001635799820631
Aligned, walking
=========================================
Target: [2.33   1.8325] | Position: [2.28806718 1.90660134]
Target angle: -1.0558393606779264 | Robot angle: -0.9807542652868326 | Diff: -0.07508509539109376 | Rotation Strength: 0.3723862197996958
Target distance: 0.08514323118787583
Arrived to point
=========================================
Target: [2.34   1.8025] | Position: [2.29425904 1.89418104]
Target angle: -1.1080178673877303 | Robot angle: -0.9865266622876718 | Diff: -0.12149120510005851 | Rotation Strength: 0.44360030554414775
Target distance: 0.1024580337282878
Aligned, walking
=========================================
Target: [2.34   1.8025] | Position: [2.30051989 1.88135696]
Target angle: -1.1066251015452409 | Robot angle: -0.9934643232801794 | Diff: -0.11316077826506143 | Rotation Strength: 0.4305527976101955
Target distance: 0.088187857653848
Arrived to point
=========================================
Target: [2.365  1.7575] | Position: [2.30697001 1.86863617]
Target angle: -1.0895844529887215 | Robot angle: -0.9985188960642861 | Diff: -0.09106555692443541 | Rotation Strength: 0.3964548570126918
Target distance: 0.1253743488537225
Aligned, walking
=========================================
Target: [2.365  1.7575] | Position: [2.31240986 1.85612913]
Target angle: -1.0809342284603716 | Robot angle: -1.007094456468597 | Diff: -0.0738397719917745 | Rotation Strength: 0.3705352177089082
Target distance: 0.1117740067078471
Aligned, walking
=========================================
Target: [2.365  1.7575] | Position: [2.31719085 1.84400447]
Target angle: -1.0658990899435024 | Robot angle: -1.020032887503508 | Diff: -0.045866202439994286 | Rotation Strength: 0.3300394391326137
Target distance: 0.09883693108324969
Arrived to point
=========================================
Target: [2.395  1.7025] | Position: [2.32178737 1.83287862]
Target angle: -1.0591374829467006 | Robot angle: -1.0306120963365801 | Diff: -0.028525386610120496 | Rotation Strength: 0.3061030295642695
Target distance: 0.14952816666895233
Aligned, walking
=========================================
Target: [2.395  1.7025] | Position: [2.32718208 1.82188787]
Target angle: -1.0542031488196288 | Robot angle: -1.036584749964093 | Diff: -0.017618398855535844 | Rotation Strength: 0.29155623326918767
Target distance: 0.13730525625256032
Aligned, walking
=========================================
Target: [2.395  1.7025] | Position: [2.33389834 1.81079487]
Target angle: -1.0571045657292206 | Robot angle: -1.0394209764669649 | Diff: -0.017683589262255772 | Rotation Strength: 0.2916419625327147
Target distance: 0.12434303655645068
Aligned, walking
=========================================
Target: [2.395  1.7025] | Position: [2.33956611 1.79791942]
Target angle: -1.0445021415952533 | Robot angle: -1.0413380522900657 | Diff: -0.003164089305187634 | Rotation Strength: 0.27292020219106206
Target distance: 0.11035298602312744
Aligned, walking
=========================================
Target: [2.395  1.7025] | Position: [2.34509112 1.7846162 ]
Target angle: -1.0246732032476382 | Robot angle: -1.0405763587775674 | Diff: 0.015903155529929158 | Rotation Strength: 0.28930592566586866
Target distance: 0.09609352878454235
Arrived to point
=========================================
Target: [2.42   1.6425] | Position: [2.35067617 1.76958166]
Target angle: -1.071409853854135 | Robot angle: -1.0404542350562167 | Diff: -0.030955618797918305 | Rotation Strength: 0.3093990249622859
Target distance: 0.14476029004335783
Aligned, walking
=========================================
Target: [2.42   1.6425] | Position: [2.35875773 1.75410027]
Target angle: -1.0689021725486736 | Robot angle: -1.0395678367067775 | Diff: -0.029334335841896042 | Rotation Strength: 0.30719798623148287
Target distance: 0.1272997909162509
Aligned, walking
=========================================
Target: [2.42   1.6425] | Position: [2.36806209 1.73811388]
Target angle: -1.0731852356053926 | Robot angle: -1.0387402655903744 | Diff: -0.03444497001501823 | Rotation Strength: 0.3141654822365062
Target distance: 0.10880974618905095
Aligned, walking
=========================================
Target: [2.42   1.6425] | Position: [2.37626948 1.72197813]
Target angle: -1.0677836247403634 | Robot angle: -1.0354571709880407 | Diff: -0.03232645375232268 | Rotation Strength: 0.31126683048947423
Target distance: 0.09071456365858498
Arrived to point
=========================================
Target: [2.44   1.6125] | Position: [2.38433982 1.70710738]
Target angle: -1.0390032936200764 | Robot angle: -1.0346159804057304 | Diff: -0.004387313214345934 | Rotation Strength: 0.2744681998720989
Target distance: 0.10976616518562267
Aligned, walking
=========================================
Target: [2.44   1.6125] | Position: [2.39190081 1.69157058]
Target angle: -1.0242910877383755 | Robot angle: -1.0337827422128902 | Diff: 0.009491654474514721 | Rotation Strength: 0.2809863499414049
Target distance: 0.09255100395008035
Arrived to point
=========================================
Target: [2.455  1.5775] | Position: [2.39868411 1.67710334]
Target angle: -1.0562053935058846 | Robot angle: -1.0318909295752032 | Diff: -0.024314463930681374 | Rotation Strength: 0.30043877763807136
Target distance: 0.11442160476866274
Aligned, walking
=========================================
Target: [2.455  1.5775] | Position: [2.40666947 1.66123169]
Target angle: -1.0473049279690443 | Robot angle: -1.031319819807969 | Diff: -0.015985108161075345 | Rotation Strength: 0.2894132086340033
Target distance: 0.09667903819721543
Arrived to point
=========================================
Target: [2.465  1.5525] | Position: [2.41389133 1.64745369]
Target angle: -1.0770202611356403 | Robot angle: -1.031440457542729 | Diff: -0.04557980359291136 | Rotation Strength: 0.3296364143190489
Target distance: 0.10783459525472108
Aligned, walking
=========================================
Target: [2.465  1.5525] | Position: [2.41964748 1.63582362]
Target angle: -1.072344731562462 | Robot angle: -1.030067955252492 | Diff: -0.042276776309969843 | Rotation Strength: 0.32500654303648646
Target distance: 0.09486662998354857
Arrived to point
=========================================
Target: [2.475  1.5275] | Position: [2.42502378 1.62357887]
Target angle: -1.091152465555127 | Robot angle: -1.0287429179820302 | Diff: -0.0624095475730968 | Rotation Strength: 0.3537288529881196
Target distance: 0.10829945478648348
Aligned, walking
=========================================
Target: [2.475  1.5275] | Position: [2.42968641 1.61298771]
Target angle: -1.0833911201940385 | Robot angle: -1.02833851085279 | Diff: -0.05505260934124845 | Rotation Strength: 0.34309676493713215
Target distance: 0.09675468766263486
Arrived to point
=========================================
Target: [2.48   1.5075] | Position: [2.43555395 1.6001779 ]
Target angle: -1.1236214301416885 | Robot angle: -1.0282225882459652 | Diff: -0.09539884189572323 | Rotation Strength: 0.40307421048397385
Target distance: 0.10278445854991902
Aligned, walking
=========================================
Target: [2.48   1.5075] | Position: [2.4380576  1.59064626]
Target angle: -1.1036020810367182 | Robot angle: -1.0319282252230648 | Diff: -0.07167385581365338 | Rotation Strength: 0.3673249500672713
Target distance: 0.09312607099031397
Arrived to point
=========================================
Target: [2.49   1.4925] | Position: [2.43951577 1.58395624]
Target angle: -1.0664156365799888 | Robot angle: -1.0302379802233688 | Diff: -0.03617765635662007 | Rotation Strength: 0.31654705924813964
Target distance: 0.10446483629838431
Aligned, walking
=========================================
Target: [2.49   1.4925] | Position: [2.44105318 1.57754641]
Target angle: -1.0485633318719212 | Robot angle: -1.0330178924482132 | Diff: -0.015545439423708007 | Rotation Strength: 0.28883792106348827
Target distance: 0.0981258568354137
Arrived to point
=========================================
Target: [2.505  1.4525] | Position: [2.44196708 1.57289886]
Target angle: -1.088499098441321 | Robot angle: -1.0315920687884654 | Diff: -0.056907029652855545 | Rotation Strength: 0.3457624354931007
Target distance: 0.13590082577524187
Aligned, walking
=========================================
Target: [2.505  1.4525] | Position: [2.44234884 1.56975976]
Target angle: -1.080091570201375 | Robot angle: -1.0330358786356308 | Diff: -0.04705569156574407 | Rotation Strength: 0.3317159752317991
Target distance: 0.13294742859005973
Aligned, walking
=========================================
Target: [2.505  1.4525] | Position: [2.44295837 1.56699819]
Target angle: -1.0742265492491931 | Robot angle: -1.0312956104249764 | Diff: -0.042930938824216724 | Rotation Strength: 0.3259208108485384
Target distance: 0.13022672080533715
Aligned, walking
=========================================
Target: [2.505  1.4525] | Position: [2.4426237  1.56435901]
Target angle: -1.0621116075739563 | Robot angle: -1.0319557501253973 | Diff: -0.030155857448558976 | Rotation Strength: 0.30831218780955927
Target distance: 0.12807513990290678
Aligned, walking
=========================================
Target: [2.505  1.4525] | Position: [2.44262475 1.56078214]
Target angle: -1.048178007381794 | Robot angle: -1.032105466405146 | Diff: -0.016072540976647787 | Rotation Strength: 0.28952769162399006
Target distance: 0.12496276605471074
Aligned, walking
=========================================
Target: [2.505  1.4525] | Position: [2.44273778 1.55759129]
Target angle: -1.03594052086666 | Robot angle: -1.0328070349197773 | Diff: -0.003133485946882786 | Rotation Strength: 0.27288154344550486
Target distance: 0.12215057500499578
Aligned, walking
=========================================
Target: [2.505  1.4525] | Position: [2.44644435 1.54961433]
Target angle: -1.0282062615141472 | Robot angle: -1.034156242121771 | Diff: 0.0059499806076237505 | Rotation Strength: 0.2764536869633748
Target distance: 0.11340174813763945
Aligned, walking
=========================================
Target: [2.505  1.4525] | Position: [2.45229999 1.54043827]
Target angle: -1.030903326981937 | Robot angle: -1.0299476355697892 | Diff: -0.0009556914121477966 | Rotation Strength: 0.2701393123480069
Target distance: 0.10252038981311253
Aligned, walking
=========================================
Target: [2.505  1.4525] | Position: [2.45761255 1.52958962]
Target angle: -1.0196336902835954 | Robot angle: -1.0312382258502613 | Diff: 0.011604535566665852 | Rotation Strength: 0.2837118881295243
Target distance: 0.0904896677661001
Arrived to point
=========================================
Target: [2.515  1.4275] | Position: [2.46308587 1.51412506]
Target angle: -1.0308939537186013 | Robot angle: -1.0324081713929667 | Diff: 0.0015142176743654367 | Rotation Strength: 0.27084093907689444
Target distance: 0.10098999332660118
Aligned, walking
=========================================
Target: [2.515  1.4275] | Position: [2.47135599 1.4971243 ]
Target angle: -1.0108676104499055 | Robot angle: -1.0325233025742309 | Diff: 0.021655692124325387 | Rotation Strength: 0.29689335454567456
Target distance: 0.0821726372606231
Arrived to point
=========================================
Target: [2.525  1.3975] | Position: [2.48024956 1.48000599]
Target angle: -1.0738143667054252 | Robot angle: -1.0322196694166923 | Diff: -0.041594697288732885 | Rotation Strength: 0.32405467680389477
Target distance: 0.09386075354909018
Arrived to point
=========================================
Target: [2.55   1.3425] | Position: [2.48848921 1.46559149]
Target angle: -1.1073759219849029 | Robot angle: -1.0304538272259514 | Diff: -0.07692209475895151 | Rotation Strength: 0.37512349758100993
Target distance: 0.13760483715956237
Aligned, walking
=========================================
Target: [2.55   1.3425] | Position: [2.49883505 1.45029808]
Target angle: -1.1276442880133462 | Robot angle: -1.0285329816569626 | Diff: -0.09911130635638354 | Rotation Strength: 0.4087735369087785
Target distance: 0.11932426014523352
Aligned, walking
=========================================
Target: [2.55   1.3425] | Position: [2.50548583 1.43623241]
Target angle: -1.1274239702745703 | Robot angle: -1.0303955180502493 | Diff: -0.097028452224321 | Rotation Strength: 0.4055728423307028
Target distance: 0.10376548877323746
Aligned, walking
=========================================
Target: [2.55   1.3425] | Position: [2.51040545 1.42129714]
Target angle: -1.105160981646184 | Robot angle: -1.0312883414830947 | Diff: -0.07387264016308936 | Rotation Strength: 0.37058402316295
Target distance: 0.08818569533644247
Arrived to point
=========================================
Target: [2.58   1.2875] | Position: [2.51677243 1.40726292]
Target angle: -1.0850477934055016 | Robot angle: -1.0318515684543161 | Diff: -0.05319622495118548 | Rotation Strength: 0.34043814386365956
Target distance: 0.13542851785580437
Aligned, walking
=========================================
Target: [2.58   1.2875] | Position: [2.52402133 1.39501947]
Target angle: -1.0907753339590034 | Robot angle: -1.029255013934407 | Diff: -0.0615203200245964 | Rotation Strength: 0.35243579601351716
Target distance: 0.12121901153823428
Aligned, walking
=========================================
Target: [2.58   1.2875] | Position: [2.53166032 1.38339824]
Target angle: -1.1038959572234073 | Robot angle: -1.028595186870258 | Diff: -0.0753007703531492 | Rotation Strength: 0.37270717318421787
Target distance: 0.10739272487016095
Aligned, walking
=========================================
Target: [2.58   1.2875] | Position: [2.53871247 1.37111788]
Target angle: -1.1121495993666946 | Robot angle: -1.0291597948432107 | Diff: -0.08298980452348381 | Rotation Strength: 0.38422093604854846
Target distance: 0.09325561592068787
Arrived to point
=========================================
Target: [2.585  1.2575] | Position: [2.5432783  1.35773178]
Target angle: -1.1763583580381436 | Robot angle: -1.0304375054601653 | Diff: -0.14592085257797827 | Rotation Strength: 0.48224771488597395
Target distance: 0.10856845626275992
Aligned, walking
=========================================
Target: [2.585  1.2575] | Position: [2.54874831 1.34345105]
Target angle: -1.171663598205385 | Robot angle: -1.0311976990149203 | Diff: -0.1404658991904646 | Rotation Strength: 0.4735830434652313
Target distance: 0.09328326849287762
Arrived to point
=========================================
Target: [2.6    1.2175] | Position: [2.55584593 1.33045079]
Target angle: -1.198146948040549 | Robot angle: -1.0301252000490977 | Diff: -0.16802174799145142 | Rotation Strength: 0.5174078787002312
Target distance: 0.12127433414242036
Aligned, walking
=========================================
Target: [2.6    1.2175] | Position: [2.56331041 1.31796165]
Target angle: -1.2206362956247616 | Robot angle: -1.0282932162833678 | Diff: -0.19234307934139405 | Rotation Strength: 0.555888992846354
Target distance: 0.10695171518333894
Aligned, walking
=========================================
Target: [2.6    1.2175] | Position: [2.57042403 1.30719079]
Target angle: -1.2522698596886699 | Robot angle: -1.0311245602662398 | Diff: -0.2211452994224299 | Rotation Strength: 0.6005733651985441
Target distance: 0.09444139370538311
Arrived to point
=========================================
Target: [2.605  1.2025] | Position: [2.57574652 1.29534439]
Target angle: -1.265562044303925 | Robot angle: -1.0363704775814373 | Diff: -0.22919156672248775 | Rotation Strength: 0.6127956263578533
Target distance: 0.09734395945423634
Arrived to point
=========================================
Target: [2.605  1.1825] | Position: [2.58108113 1.28113098]
Target angle: -1.332880677111337 | Robot angle: -1.0451969409441775 | Diff: -0.2876837361671596 | Rotation Strength: 0.6966617641542765
Target distance: 0.10148981571930138
Aligned, walking
=========================================
Target: [2.605  1.1825] | Position: [2.58376691 1.2717603 ]
Target angle: -1.337258406522963 | Robot angle: -1.0558772963119534 | Diff: -0.28138111021100976 | Rotation Strength: 0.6881163602789441
Target distance: 0.0917509948416806
Arrived to point
=========================================
Target: [2.61   1.1575] | Position: [2.58626438 1.26284694]
Target angle: -1.3491877609400418 | Robot angle: -1.0687137089869885 | Diff: -0.2804740519530533 | Rotation Strength: 0.6868757350868133
Target distance: 0.10798776445081795
Aligned, walking
=========================================
Target: [2.61   1.1575] | Position: [2.58968805 1.25560109]
Target angle: -1.3666300483117395 | Robot angle: -1.0834670623568279 | Diff: -0.2831629859549114 | Rotation Strength: 0.6905456627622956
Target distance: 0.10018183132189315
Aligned, walking
=========================================
Target: [2.61   1.1575] | Position: [2.59288967 1.24841523]
Target angle: -1.3847713165633322 | Robot angle: -1.0990416528293938 | Diff: -0.2857296637339384 | Rotation Strength: 0.6940264761163428
Target distance: 0.09251130760229558
Arrived to point
=========================================
Target: [2.615  1.1375] | Position: [2.59472735 1.24325551]
Target angle: -1.3814003596823838 | Robot angle: -1.1165479913427019 | Diff: -0.26485236833968173 | Rotation Strength: 0.6650993582675506
Target distance: 0.10768105152846401
Aligned, walking
=========================================
Target: [2.615  1.1375] | Position: [2.59509755 1.23790457]
Target angle: -1.375110411323527 | Robot angle: -1.1341674797384953 | Diff: -0.24094293158503177 | Rotation Strength: 0.6303900146316701
Target distance: 0.10235811841005424
Aligned, walking
=========================================
Target: [2.615  1.1375] | Position: [2.59466456 1.23180954]
Target angle: -1.3584234201220864 | Robot angle: -1.1502939576860798 | Diff: -0.20812946243600638 | Rotation Strength: 0.5805406757157908
Target distance: 0.09647703837281128
Arrived to point
=========================================
Target: [2.615  1.1275] | Position: [2.59573018 1.22707864]
Target angle: -1.37964541844329 | Robot angle: -1.1664034650233066 | Diff: -0.21324195341998342 | Rotation Strength: 0.5884449134463641
Target distance: 0.10142598957946478
Aligned, walking
=========================================
Target: [2.615  1.1275] | Position: [2.59614804 1.221158  ]
Target angle: -1.3721653880022013 | Robot angle: -1.1791524320588083 | Diff: -0.1930129559433933 | Rotation Strength: 0.5569415613903461
Target distance: 0.09553647002693391
Arrived to point
=========================================
Target: [2.615  1.1025] | Position: [2.59793633 1.21485016]
Target angle: -1.4200688844052696 | Robot angle: -1.1935402718211725 | Diff: -0.2265286125840973 | Rotation Strength: 0.6087654824115065
Target distance: 0.11363858196671095
Aligned, walking
=========================================
Target: [2.615  1.1025] | Position: [2.60032208 1.20781124]
Target angle: -1.4323118648436575 | Robot angle: -1.2062263005708957 | Diff: -0.22608556427276172 | Rotation Strength: 0.6080935101340149
Target distance: 0.10632919550744763
Aligned, walking
=========================================
Target: [2.615  1.1025] | Position: [2.60197606 1.19923984]
Target angle: -1.4369725097749215 | Robot angle: -1.2180849327582457 | Diff: -0.21888757701667583 | Rotation Strength: 0.5971205405991877
Target distance: 0.09761260403357122
Arrived to point
=========================================
Target: [2.625  1.0775] | Position: [2.6027397  1.19121305]
Target angle: -1.3774823899917987 | Robot angle: -1.231358113021993 | Diff: -0.14612427696980568 | Rotation Strength: 0.4825710741262601
Target distance: 0.11587138701730053
Aligned, walking
=========================================
Target: [2.625  1.0775] | Position: [2.60295943 1.18251842]
Target angle: -1.3639254532262004 | Robot angle: -1.2446944682259875 | Diff: -0.1192309850002129 | Rotation Strength: 0.44005176488589826
Target distance: 0.10730636283788623
Aligned, walking
=========================================
Target: [2.625  1.0775] | Position: [2.60346462 1.17460734]
Target angle: -1.3525595301021098 | Robot angle: -1.2606635819493113 | Diff: -0.09189594815279856 | Rotation Strength: 0.3977204765118434
Target distance: 0.09946661757258403
Arrived to point
=========================================
Target: [2.625  1.0525] | Position: [2.60437952 1.16702801]
Target angle: -1.3926574075381086 | Robot angle: -1.2762706543052709 | Diff: -0.11638675323283776 | Rotation Strength: 0.435595061421019
Target distance: 0.11636954164804665
Aligned, walking
=========================================
Target: [2.625  1.0525] | Position: [2.60714752 1.1581975 ]
Target angle: -1.4034739128553095 | Robot angle: -1.288068979542961 | Diff: -0.11540493331234858 | Rotation Strength: 0.4340589967278964
Target distance: 0.10719455062319849
Aligned, walking
=========================================
Target: [2.625  1.0525] | Position: [2.60861222 1.14989422]
Target angle: -1.404095501624427 | Robot angle: -1.3025204330751259 | Diff: -0.10157506854930087 | Rotation Strength: 0.41256955692886055
Target distance: 0.09876331616128114
Arrived to point
=========================================
Target: [2.63   1.0225] | Position: [2.61129886 1.12579443]
Target angle: -1.3916895399415847 | Robot angle: -1.3217216286952873 | Diff: -0.0699679112462972 | Rotation Strength: 0.36480468287077683
Target distance: 0.10497367188053676
Aligned, walking
=========================================
Target: [2.63   1.0225] | Position: [2.61129886 1.12579443]
Target angle: -1.3916895399415847 | Robot angle: -1.3217216286952873 | Diff: -0.0699679112462972 | Rotation Strength: 0.36480468287077683
Target distance: 0.10497367188053676
Aligned, walking
=========================================
Target: [2.63   1.0225] | Position: [2.61423595 1.0992162 ]
Target angle: -1.3681321087746756 | Robot angle: -1.336572785428389 | Diff: -0.031559323346286305 | Rotation Strength: 0.31022082927725947
Target distance: 0.07831909327992818
Arrived to point
=========================================
Target: [2.63   0.9975] | Position: [2.61627358 1.08560548]
Target angle: -1.4162435251063745 | Robot angle: -1.3414142862616094 | Diff: -0.07482923884476511 | Rotation Strength: 0.3720056166582415
Target distance: 0.08916832891957466
Arrived to point
=========================================
Target: [2.635  0.9575] | Position: [2.62002046 1.07077704]
Target angle: -1.439321086256845 | Robot angle: -1.344559010700256 | Diff: -0.09476207555658878 | Rotation Strength: 0.4020992334790736
Target distance: 0.11426317497928212
Aligned, walking
=========================================
Target: [2.635  0.9575] | Position: [2.62217455 1.05601324]
Target angle: -1.4413343910898102 | Robot angle: -1.3476378612948643 | Diff: -0.09369652979494614 | Rotation Strength: 0.40046946993982235
Target distance: 0.09934460688782837
Arrived to point
=========================================
Target: [2.665  0.8825] | Position: [2.62386298 1.04187773]
Target angle: -1.3181992132756686 | Robot angle: -1.3482718473907718 | Diff: 0.03007263411510319 | Rotation Strength: 0.3081992129183101
Target distance: 0.16460107667692406
Aligned, walking
=========================================
Target: [2.665  0.8825] | Position: [2.62417063 1.02858657]
Target angle: -1.2982629493752678 | Robot angle: -1.3458984254598751 | Diff: 0.04763547608460739 | Rotation Strength: 0.3325347106022548
Target distance: 0.1516849466706354
Aligned, walking
=========================================
Target: [2.665  0.8825] | Position: [2.62643032 1.01597099]
Target angle: -1.289485326374971 | Robot angle: -1.3418296670118968 | Diff: 0.0523443406369255 | Rotation Strength: 0.33922145992752295
Target distance: 0.13893209263954595
Aligned, walking
=========================================
Target: [2.665  0.8825] | Position: [2.6266315  1.00567896]
Target angle: -1.2688356449193348 | Robot angle: -1.3370149899306873 | Diff: 0.06817934501135259 | Rotation Strength: 0.3621702925235676
Target distance: 0.12901626837777036
Aligned, walking
=========================================
Target: [2.665  0.8825] | Position: [2.62794171 0.99555536]
Target angle: -1.2540440613034336 | Robot angle: -1.3372318206026503 | Diff: 0.08318775929921696 | Rotation Strength: 0.38451914135361
Target distance: 0.11897407718319006
Aligned, walking
=========================================
Target: [2.665  0.8825] | Position: [2.62965921 0.98331376]
Target angle: -1.2336269802615403 | Robot angle: -1.3362341333413268 | Diff: 0.10260715307978652 | Rotation Strength: 0.41416285493329186
Target distance: 0.10682877122168326
Aligned, walking
=========================================
Target: [2.665  0.8825] | Position: [2.63217331 0.97095911]
Target angle: -1.2154540523304527 | Robot angle: -1.3385471704748726 | Diff: 0.12309311814441992 | Rotation Strength: 0.4461188167003124
Target distance: 0.09435361479483094
Arrived to point
=========================================
Target: [2.67   0.8075] | Position: [2.63381751 0.9550507 ]
Target angle: -1.3303208441040997 | Robot angle: -1.3371162793990063 | Diff: 0.006795435294906671 | Rotation Strength: 0.27753159320969656
Target distance: 0.15192229254295644
Aligned, walking
=========================================
Target: [2.67   0.8075] | Position: [2.63717231 0.93885195]
Target angle: -1.325891416936248 | Robot angle: -1.3374310930840927 | Diff: 0.01153967614784479 | Rotation Strength: 0.2836279847096048
Target distance: 0.13539199666811785
Aligned, walking
=========================================
Target: [2.67   0.8075] | Position: [2.6407616  0.92252074]
Target angle: -1.3218675907205724 | Robot angle: -1.3310702688090477 | Diff: 0.009202678088475302 | Rotation Strength: 0.2806148234677711
Target distance: 0.11867878431880426
Aligned, walking
=========================================
Target: [2.67   0.8075] | Position: [2.64400964 0.90745454]
Target angle: -1.3164078222791136 | Robot angle: -1.3276730222705149 | Diff: 0.011265199991401076 | Rotation Strength: 0.2832730829444403
Target distance: 0.10327831318182037
Aligned, walking
=========================================
Target: [2.67   0.8075] | Position: [2.64694535 0.89206195]
Target angle: -1.3046290278163697 | Robot angle: -1.3241144753073524 | Diff: 0.019485447490982466 | Rotation Strength: 0.29401736959045244
Target distance: 0.08764839284172138
Arrived to point
=========================================
Target: [2.67   0.7725] | Position: [2.65008746 0.87499684]
Target angle: -1.3789118770627948 | Robot angle: -1.3225114463692773 | Diff: -0.0564004306935173 | Rotation Strength: 0.34503324441463035
Target distance: 0.10441318203883725
Aligned, walking
=========================================
Target: [2.67   0.7725] | Position: [2.65324035 0.85846093]
Target angle: -1.3782437010669548 | Robot angle: -1.3231207380095389 | Diff: -0.05512296305741593 | Rotation Strength: 0.3431977171173848
Target distance: 0.08757948763732425
Arrived to point
=========================================
Target: [2.67   0.7525] | Position: [2.6564182  0.84155195]
Target angle: -1.4194471405999787 | Robot angle: -1.3241487046897098 | Diff: -0.09529843591026887 | Rotation Strength: 0.4029204240028875
Target distance: 0.09008171066620971
Arrived to point
=========================================
Target: [2.67   0.7425] | Position: [2.65997105 0.82417372]
Target angle: -1.4486150463184564 | Robot angle: -1.3202506275281363 | Diff: -0.12836441879032012 | Rotation Strength: 0.4544251664975516
Target distance: 0.08228715874312317
Arrived to point
=========================================
Target: [2.67   0.7325] | Position: [2.66272012 0.80859553]
Target angle: -1.4754189020506945 | Robot angle: -1.3213947376216946 | Diff: -0.1540241644289999 | Rotation Strength: 0.4951372245708193
Target distance: 0.07644295931311984
Arrived to point
=========================================
Target: [2.67   0.7225] | Position: [2.66493172 0.79535014]
Target angle: -1.5013368746103848 | Robot angle: -1.323255006606291 | Diff: -0.1780818680040941 | Rotation Strength: 0.533376388396513
Target distance: 0.07302623066053301
Arrived to point
=========================================
Target: [2.675  0.7075] | Position: [2.66609003 0.78504569]
Target angle: -1.456398392209992 | Robot angle: -1.3240650327639933 | Diff: -0.13233335944599833 | Rotation Strength: 0.46069633828290146
Target distance: 0.07805588274081857
Arrived to point
=========================================
Target: [2.675  0.6925] | Position: [2.66763538 0.77472508]
Target angle: -1.4814680710785695 | Robot angle: -1.324555203979405 | Diff: -0.1569128670991642 | Rotation Strength: 0.49973458436046536
Target distance: 0.08255423514546562
Arrived to point
=========================================
Target: [2.675  0.6725] | Position: [2.66796694 0.77049767]
Target angle: -1.4991515179399633 | Robot angle: -1.3206372248488518 | Diff: -0.17851429309111122 | Rotation Strength: 0.5340614842283947
Target distance: 0.09824972124373936
Arrived to point
=========================================
Target: [2.675  0.6525] | Position: [2.66760742 0.76861112]
Target angle: -1.5072139866153922 | Robot angle: -1.3214278537952466 | Diff: -0.18578613282014533 | Rotation Strength: 0.5455610803281701
Target distance: 0.11634622008759934
Aligned, walking
=========================================
Target: [2.675  0.6525] | Position: [2.66806469 0.76463062]
Target angle: -1.5090247656602718 | Robot angle: -1.3217474967276328 | Diff: -0.18727726893263874 | Rotation Strength: 0.5479135566266944
Target distance: 0.11234488755089021
Aligned, walking
=========================================
Target: [2.675  0.6525] | Position: [2.66722867 0.76451941]
Target angle: -1.501532463529889 | Robot angle: -1.3201445303227484 | Diff: -0.18138793320714086 | Rotation Strength: 0.5386108382122825
Target distance: 0.11228865090652704
Aligned, walking
=========================================
Target: [2.675  0.6525] | Position: [2.66768269 0.76403359]
Target angle: -1.5052838991946331 | Robot angle: -1.3182227662001522 | Diff: -0.18706113299448113 | Rotation Strength: 0.5475727019925414
Target distance: 0.1117733667245806
Aligned, walking
=========================================
Target: [2.675  0.6525] | Position: [2.66735686 0.76349965]
Target angle: -1.502047536034875 | Robot angle: -1.3213630230829212 | Diff: -0.1806845129519541 | Rotation Strength: 0.5374977954720954
Target distance: 0.11126247727544056
Aligned, walking
=========================================
Target: [2.675  0.6525] | Position: [2.6668222  0.76194163]
Target angle: -1.4962119550747093 | Robot angle: -1.3283632183199006 | Diff: -0.1678487367548085 | Rotation Strength: 0.5171328512886955
Target distance: 0.10974673714958817
Aligned, walking
=========================================
Target: [2.675  0.6525] | Position: [2.66596686 0.75926111]
Target angle: -1.4863865933523943 | Robot angle: -1.336046931521651 | Diff: -0.15033966183074332 | Rotation Strength: 0.48927464871364557
Target distance: 0.10714258159997175
Aligned, walking
=========================================
Target: [2.675  0.6525] | Position: [2.66580543 0.74909753]
Target angle: -1.475897885384417 | Robot angle: -1.3485695403715519 | Diff: -0.12732834501286483 | Rotation Strength: 0.4527904012248851
Target distance: 0.09703413285555582
Arrived to point
=========================================
Target: [2.66   0.6225] | Position: [2.666903   0.74071903]
Target angle: -1.6291217243242815 | Robot angle: -1.362822138502865 | Diff: -0.26629958582141633 | Rotation Strength: 0.6671484115811872
Target distance: 0.11842039254585747
Aligned, walking
=========================================
Target: [2.66   0.6225] | Position: [2.6683432  0.73119328]
Target angle: -1.647405190568483 | Robot angle: -1.3746409124310277 | Diff: -0.2727642781374553 | Rotation Strength: 0.6762237510914269
Target distance: 0.10901301399911759
Aligned, walking
=========================================
Target: [2.66   0.6225] | Position: [2.67063298 0.72032858]
Target angle: -1.679061291096881 | Robot angle: -1.3858107116365779 | Diff: -0.2932505794603033 | Rotation Strength: 0.704098403944469
Target distance: 0.09840473593888875
Arrived to point
=========================================
Target: [2.655  0.6075] | Position: [2.67238005 0.709164  ]
Target angle: -1.7401152725307745 | Robot angle: -1.3985848592822931 | Diff: -0.3415304132484813 | Rotation Strength: 0.7639123890122429
Target distance: 0.10313891492595446
Aligned, walking
=========================================
Target: [2.655  0.6075] | Position: [2.6731124  0.69823245]
Target angle: -1.7678305435941672 | Robot angle: -1.4097656081278567 | Diff: -0.35806493546631035 | Rotation Strength: 0.7823667267305793
Target distance: 0.09252262523045536
Arrived to point
=========================================
Target: [2.645  0.5775] | Position: [2.67307704 0.68722042]
Target angle: -1.8213166442248336 | Robot angle: -1.424343276663777 | Diff: -0.3969733675610567 | Rotation Strength: 0.8215978762081884
Target distance: 0.11325586108020141
Aligned, walking
=========================================
Target: [2.645  0.5775] | Position: [2.67366828 0.67550981]
Target angle: -1.8553621534955074 | Robot angle: -1.4362994315628237 | Diff: -0.4190627219326837 | Rotation Strength: 0.8412871100264804
Target distance: 0.10211657022332828
Aligned, walking
=========================================
Target: [2.645  0.5775] | Position: [2.67346284 0.66731476]
Target angle: -1.8776901488930007 | Robot angle: -1.4529833693947758 | Diff: -0.42470677949822466 | Rotation Strength: 0.8460261299882347
Target distance: 0.0942169039226747
Arrived to point
=========================================
Target: [2.63   0.5575] | Position: [2.67359444 0.66178849]
Target angle: -1.9667381184398545 | Robot angle: -1.4705953203553963 | Diff: -0.49614279808445794 | Rotation Strength: 0.8964644078361653
Target distance: 0.11303346092967706
Aligned, walking
=========================================
Target: [2.63   0.5575] | Position: [2.67324227 0.65824706]
Target angle: -1.9762327316821906 | Robot angle: -1.4900376897703214 | Diff: -0.486195041911869 | Rotation Strength: 0.8904371114027607
Target distance: 0.10963514307079031
Aligned, walking
=========================================
Target: [2.63   0.5575] | Position: [2.67276729 0.65254898]
Target angle: -1.9936087288067919 | Robot angle: -1.5087661547334723 | Diff: -0.48484257407331954 | Rotation Strength: 0.8895942939351416
Target distance: 0.10422739457567248
Aligned, walking
=========================================
Target: [2.63   0.5575] | Position: [2.67177896 0.64949771]
Target angle: -1.9970798530686336 | Robot angle: -1.5307847053330979 | Diff: -0.4662951477355355 | Rotation Strength: 0.8774528220705536
Target distance: 0.10103989649540185
Aligned, walking
=========================================
Target: [2.63   0.5575] | Position: [2.67115007 0.64663524]
Target angle: -2.003303366389912 | Robot angle: -1.5522793168057814 | Diff: -0.4510240495841309 | Rotation Strength: 0.8666095835435385
Target distance: 0.09817545336785553
Arrived to point
=========================================
Target: [2.61   0.5375] | Position: [2.67095644 0.6428647 ]
Target angle: -2.095278020263372 | Robot angle: -1.5754010822565092 | Diff: -0.5198769380068624 | Rotation Strength: 0.9096722279552464
Target distance: 0.12172676941689804
Aligned, walking
=========================================
Target: [2.61   0.5375] | Position: [2.6703056  0.64015976]
Target angle: -2.101923214629009 | Robot angle: -1.5958687529540412 | Diff: -0.5060544616749678 | Rotation Strength: 0.9021762722381719
Target distance: 0.11906213394321752
Aligned, walking
=========================================
Target: [2.61   0.5375] | Position: [2.66927679 0.6375784 ]
Target angle: -2.1055374319989566 | Robot angle: -1.6170046146242032 | Diff: -0.4885328173747534 | Rotation Strength: 0.891880639998718
Target distance: 0.11631605253870447
Aligned, walking
=========================================
Target: [2.61   0.5375] | Position: [2.6683167  0.63524053]
Target angle: -2.1087475792089574 | Robot angle: -1.6366846505079629 | Diff: -0.47206292870099453 | Rotation Strength: 0.8813467689058276
Target distance: 0.11381585495156359
Aligned, walking
=========================================
Target: [2.61   0.5375] | Position: [2.66738373 0.63227057]
Target angle: -2.1152512985400684 | Robot angle: -1.6555962985887314 | Diff: -0.4596549999513373 | Rotation Strength: 0.8728342824923863
Target distance: 0.11078967859861925
Aligned, walking
=========================================
Target: [2.61   0.5375] | Position: [2.66605251 0.62906904]
Target angle: -2.120090037280503 | Robot angle: -1.67742750779622 | Diff: -0.442662529484283 | Rotation Strength: 0.8603352447974043
Target distance: 0.10736280515833298
Aligned, walking
=========================================
Target: [2.61   0.5375] | Position: [2.66503841 0.62620598]
Target angle: -2.126123460978621 | Robot angle: -1.699259331082234 | Diff: -0.4268641298963871 | Rotation Strength: 0.8478067275872767
Target distance: 0.10439337573045934
Aligned, walking
=========================================
Target: [2.61   0.5375] | Position: [2.66425206 0.62390149]
Target angle: -2.1314829945884437 | Robot angle: -1.7205415111709532 | Diff: -0.41094148341749026 | Rotation Strength: 0.8342613726516865
Target distance: 0.10202207219923583
Aligned, walking
=========================================
Target: [2.61   0.5375] | Position: [2.6633408  0.62025929]
Target angle: -2.143316185050941 | Robot angle: -1.7412922165688811 | Diff: -0.4020239684820597 | Rotation Strength: 0.826262082660085
Target distance: 0.09845984185361854
Arrived to point
=========================================
Target: [2.595  0.5125] | Position: [2.6618224  0.61666238]
Target angle: -2.1411880905761795 | Robot angle: -1.7631027566068158 | Diff: -0.3780853339693637 | Rotation Strength: 0.8032869599222321
Target distance: 0.1237539294272467
Aligned, walking
=========================================
Target: [2.595  0.5125] | Position: [2.66030677 0.61227426]
Target angle: -2.1503601774776424 | Robot angle: -1.7822887800982343 | Diff: -0.3680713973794081 | Rotation Strength: 0.793018197808798
Target distance: 0.11924712248958498
Aligned, walking
=========================================
Target: [2.595  0.5125] | Position: [2.65880289 0.60929107]
Target angle: -2.153599045389343 | Robot angle: -1.8018598906508851 | Diff: -0.35173915473845785 | Rotation Strength: 0.77543187278536
Target distance: 0.11592808280964426
Aligned, walking
=========================================
Target: [2.595  0.5125] | Position: [2.65689065 0.60580126]
Target angle: -2.1564937495050294 | Robot angle: -1.8221788771108027 | Diff: -0.33431487239422664 | Rotation Strength: 0.755527726632536
Target distance: 0.11196239165702906
Aligned, walking
=========================================
Target: [2.595  0.5125] | Position: [2.65477831 0.6017649 ]
Target angle: -2.1608774858767212 | Robot angle: -1.8420215491639504 | Diff: -0.31885593671277057 | Rotation Strength: 0.7368964963610471
Target distance: 0.10743216345984925
Aligned, walking
=========================================
Target: [2.595  0.5125] | Position: [2.65212833 0.59750894]
Target angle: -2.1625009789364915 | Robot angle: -1.863340620258593 | Diff: -0.2991603586778986 | Rotation Strength: 0.7118762458260078
Target distance: 0.10242150596499676
Aligned, walking
=========================================
Target: [2.595  0.5125] | Position: [2.64929089 0.5926035 ]
Target angle: -2.1664392009040125 | Robot angle: -1.8847414585958064 | Diff: -0.2816977423082063 | Rotation Strength: 0.6885487991651398
Target distance: 0.09676812907907077
Arrived to point
=========================================
Target: [2.575  0.4925] | Position: [2.64774437 0.587283  ]
Target angle: -2.225393132544263 | Robot angle: -1.9027512724815083 | Diff: -0.32264186006275475 | Rotation Strength: 0.7415426282725854
Target distance: 0.11948037697512956
Aligned, walking
=========================================
Target: [2.575  0.4925] | Position: [2.64507564 0.58116898]
Target angle: -2.2395983288966286 | Robot angle: -1.9211162384625806 | Diff: -0.3184820904340482 | Rotation Strength: 0.7364348057625136
Target distance: 0.11301674129590311
Aligned, walking
=========================================
Target: [2.575  0.4925] | Position: [2.64232345 0.57588046]
Target angle: -2.250048212899395 | Robot angle: -1.9386109457537712 | Diff: -0.3114372671456236 | Rotation Strength: 0.7276379233440031
Target distance: 0.10716692222566715
Aligned, walking
=========================================
Target: [2.575  0.4925] | Position: [2.63918398 0.5704762 ]
Target angle: -2.259478291876261 | Robot angle: -1.9556563861694316 | Diff: -0.30382190570682965 | Rotation Strength: 0.7179246376653203
Target distance: 0.10099440877955969
Aligned, walking
=========================================
Target: [2.575  0.4925] | Position: [2.63578852 0.56520935]
Target angle: -2.2671346710898255 | Robot angle: -1.9709813960101705 | Diff: -0.29615327507965494 | Rotation Strength: 0.7079338430224713
Target distance: 0.09477285191108246
Arrived to point
=========================================
Target: [2.565  0.4825] | Position: [2.63280791 0.55913661]
Target angle: -2.295148666048326 | Robot angle: -1.9886477361069128 | Diff: -0.3065009299414134 | Rotation Strength: 0.7213655936606864
Target distance: 0.10232830832149928
Aligned, walking
=========================================
Target: [2.565  0.4825] | Position: [2.6296168  0.55299305]
Target angle: -2.3127295245449 | Robot angle: -2.0069062954545407 | Diff: -0.3058232290903593 | Rotation Strength: 0.7204975878745978
Target distance: 0.0956274107080078
Arrived to point
=========================================
Target: [2.55   0.4675] | Position: [2.62651978 0.54728274]
Target angle: -2.3353215676867265 | Robot angle: -2.0230685643596646 | Diff: -0.31225300332706185 | Rotation Strength: 0.7286658869425453
Target distance: 0.11054665438698502
Aligned, walking
=========================================
Target: [2.55   0.4675] | Position: [2.62301974 0.54182698]
Target angle: -2.3473229116856 | Robot angle: -2.0400694481538806 | Diff: -0.30725346353171945 | Rotation Strength: 0.7223275049447815
Target distance: 0.10419396645678217
Aligned, walking
=========================================
Target: [2.55   0.4675] | Position: [2.61954887 0.53664082]
Target angle: -2.359136651524243 | Robot angle: -2.055735157338341 | Diff: -0.303401494185902 | Rotation Strength: 0.7173823223558726
Target distance: 0.09806884254782708
Arrived to point
=========================================
Target: [2.53   0.4575] | Position: [2.61526842 0.53109835]
Target angle: -2.4295210050131835 | Robot angle: -2.0646905594193936 | Diff: -0.36483044559378985 | Rotation Strength: 0.7896110882571719
Target distance: 0.11263845458760012
Aligned, walking
=========================================
Target: [2.53   0.4575] | Position: [2.61201625 0.52635967]
Target angle: -2.4431757869505204 | Robot angle: -2.0799561951937755 | Diff: -0.3632195917567449 | Rotation Strength: 0.7879024100278634
Target distance: 0.10709024588124207
Aligned, walking
=========================================
Target: [2.53   0.4575] | Position: [2.60899636 0.52269057]
Target angle: -2.451652730622088 | Robot angle: -2.095324825545638 | Diff: -0.35632790507645007 | Rotation Strength: 0.780477965898814
Target distance: 0.10242184620045487
Aligned, walking
=========================================
Target: [2.53   0.4575] | Position: [2.60528647 0.51928759]
Target angle: -2.454356702008549 | Robot angle: -2.1086147725107396 | Diff: -0.34574192949780924 | Rotation Strength: 0.7687135618728294
Target distance: 0.09739486309250499
Arrived to point
=========================================
Target: [2.52   0.4475] | Position: [2.60121843 0.51442333]
Target angle: -2.4523927712199303 | Robot angle: -2.1269847905704817 | Diff: -0.32540798064944854 | Rotation Strength: 0.7449032664306079
Target distance: 0.10523861175164649
Aligned, walking
=========================================
Target: [2.52   0.4475] | Position: [2.59476092 0.50622231]
Target angle: -2.4757757009548826 | Robot angle: -2.1650529444363005 | Diff: -0.31072275651858217 | Rotation Strength: 0.7267355215373723
Target distance: 0.09506578786172803
Arrived to point
=========================================
Target: [2.505  0.4375] | Position: [2.59125089 0.50149033]
Target angle: -2.503289810971134 | Robot angle: -2.1833451048802535 | Diff: -0.31994470609088044 | Rotation Strength: 0.7382381329034333
Target distance: 0.10739635706825601
Aligned, walking
=========================================
Target: [2.505  0.4375] | Position: [2.58737371 0.49686874]
Target angle: -2.5170927512977634 | Robot angle: -2.199785577871455 | Diff: -0.31730717342630843 | Rotation Strength: 0.734980430872763
Target distance: 0.10153853938781689
Aligned, walking
=========================================
Target: [2.505  0.4375] | Position: [2.58737371 0.49686874]
Target angle: -2.5170927512977634 | Robot angle: -2.199785577871455 | Diff: -0.31730717342630843 | Rotation Strength: 0.734980430872763
Target distance: 0.10153853938781689
Aligned, walking
=========================================
Target: [2.505  0.4375] | Position: [2.58314285 0.49250487]
Target angle: -2.5282530324480494 | Robot angle: -2.2163267663578154 | Diff: -0.311926266090234 | Rotation Strength: 0.7282544360086267
Target distance: 0.09556066803296767
Arrived to point
=========================================
Target: [2.49   0.4325] | Position: [2.5794367  0.48928772]
Target angle: -2.5758711842314517 | Robot angle: -2.2353625650715387 | Diff: -0.34050861915991293 | Rotation Strength: 0.7627372075423682
Target distance: 0.10594228785408669
Aligned, walking
=========================================
Target: [2.49   0.4325] | Position: [2.57041698 0.47969284]
Target angle: -2.6108970988700917 | Robot angle: -2.2723747386813473 | Diff: -0.3385223601887444 | Rotation Strength: 0.7604412702979417
Target distance: 0.0932419161269483
Arrived to point
=========================================
Target: [2.475  0.4175] | Position: [2.56653414 0.47553948]
Target angle: -2.576494285193467 | Robot angle: -2.2890810469322758 | Diff: -0.28741323826119114 | Rotation Strength: 0.6962977316544581
Target distance: 0.10838394749291433
Aligned, walking
=========================================
Target: [2.475  0.4175] | Position: [2.56237774 0.4719458 ]
Target angle: -2.5843547524215715 | Robot angle: -2.3055367089485657 | Diff: -0.27881804347300587 | Rotation Strength: 0.6846038309143281
Target distance: 0.10295248898620149
Aligned, walking
=========================================
Target: [2.475  0.4175] | Position: [2.55860597 0.46798649]
Target angle: -2.5983381521365523 | Robot angle: -2.3161580558430157 | Diff: -0.2821800962935366 | Rotation Strength: 0.6892069402599001
Target distance: 0.09766700629769877
Arrived to point
=========================================
Target: [2.46   0.4075] | Position: [2.55465813 0.46489281]
Target angle: -2.5965413953470233 | Robot angle: -2.326030465911781 | Diff: -0.27051092943524235 | Rotation Strength: 0.6730750187587187
Target distance: 0.11069821985603451
Aligned, walking
=========================================
Target: [2.46   0.4075] | Position: [2.55067261 0.46255359]
Target angle: -2.595918565262062 | Robot angle: -2.3373592846248528 | Diff: -0.25855928063720945 | Rotation Strength: 0.6561174197504827
Target distance: 0.10607742091776463
Aligned, walking
=========================================
Target: [2.46   0.4075] | Position: [2.54585622 0.45943003]
Target angle: -2.597615460936302 | Robot angle: -2.3491005301327705 | Diff: -0.24851493080353126 | Rotation Strength: 0.6415493661599989
Target distance: 0.10033951919519636
Aligned, walking
=========================================
Target: [2.46   0.4075] | Position: [2.54249036 0.45656465]
Target angle: -2.6050109709334466 | Robot angle: -2.3595452437506834 | Diff: -0.24546572718276316 | Rotation Strength: 0.637073188911373
Target distance: 0.09597915793228197
Arrived to point
=========================================
Target: [2.45   0.3975] | Position: [2.53691365 0.45187137]
Target angle: -2.58257697570288 | Robot angle: -2.371715416563302 | Diff: -0.21086155913957771 | Rotation Strength: 0.5847700859201697
Target distance: 0.10251940610418725
Aligned, walking
=========================================
Target: [2.45   0.3975] | Position: [2.5314969  0.44711303]
Target angle: -2.5947480942547476 | Robot angle: -2.387841438526831 | Diff: -0.20690665572791644 | Rotation Strength: 0.5786438360319726
Target distance: 0.09541068121917337
Arrived to point
=========================================
Target: [2.435  0.3875] | Position: [2.52461601 0.4420252 ]
Target angle: -2.5949966036015826 | Robot angle: -2.403849742943014 | Diff: -0.19114686065856867 | Rotation Strength: 0.5540081474531771
Target distance: 0.10490007528354202
Aligned, walking
=========================================
Target: [2.435  0.3875] | Position: [2.51753599 0.4362277 ]
Target angle: -2.6082757960558025 | Robot angle: -2.4193856493619093 | Diff: -0.18889014669389326 | Rotation Strength: 0.5504556862131087
Target distance: 0.0958466367950321
Arrived to point
=========================================
Target: [2.43   0.3825] | Position: [2.50998616 0.43063131]
Target angle: -2.599890735937208 | Robot angle: -2.4348439839993063 | Diff: -0.16504675193790153 | Rotation Strength: 0.5126773464852288
Target distance: 0.09335099493884896
Arrived to point
=========================================
Target: [2.41   0.3775] | Position: [2.5030344  0.42542884]
Target angle: -2.665880184797922 | Robot angle: -2.447324867349315 | Diff: -0.2185553174486068 | Rotation Strength: 0.5966115804008107
Target distance: 0.10465454780499085
Aligned, walking
=========================================
Target: [2.41   0.3775] | Position: [2.49579314 0.41985474]
Target angle: -2.683010193254053 | Robot angle: -2.459754406664695 | Diff: -0.22325578658935807 | Rotation Strength: 0.6037920092104652
Target distance: 0.09567856039655943
Arrived to point
=========================================
Target: [2.4    0.3675] | Position: [2.48812843 0.41446371]
Target angle: -2.6519721749027734 | Robot angle: -2.47275997730514 | Diff: -0.17921219759763352 | Rotation Strength: 0.5351669099419887
Target distance: 0.09986095459547031
Arrived to point
=========================================
Target: [2.38   0.3575] | Position: [2.48108202 0.41079147]
Target angle: -2.656414578677823 | Robot angle: -2.4844676648832995 | Diff: -0.17194691379452332 | Rotation Strength: 0.5236443644150441
Target distance: 0.11426966289195159
Aligned, walking
=========================================
Target: [2.38   0.3575] | Position: [2.47469842 0.40744319]
Target angle: -2.656272282328973 | Robot angle: -2.4924705567701126 | Diff: -0.1638017255588604 | Rotation Strength: 0.5106969106721444
Target distance: 0.10706125685775747
Aligned, walking
=========================================
Target: [2.38   0.3575] | Position: [2.47021178 0.40479006]
Target angle: -2.658763910019718 | Robot angle: -2.496511106146968 | Diff: -0.16225280387274976 | Rotation Strength: 0.5082326135836244
Target distance: 0.10185536412877348
Aligned, walking
=========================================
Target: [2.38   0.3575] | Position: [2.46692679 0.40276838]
Target angle: -2.661471793026995 | Robot angle: -2.499828354870055 | Diff: -0.16164343815693982 | Rotation Strength: 0.5072630111011133
Target distance: 0.09800761853880322
Arrived to point
=========================================
Target: [2.375  0.3575] | Position: [2.46275182 0.40000578]
Target angle: -2.690513850261946 | Robot angle: -2.502495883901676 | Diff: -0.1880179663602699 | Rotation Strength: 0.5490813219496746
Target distance: 0.09750447830877573
Arrived to point
=========================================
Target: [2.35   0.3475] | Position: [2.45783468 0.39701982]
Target angle: -2.7110980062933874 | Robot angle: -2.505783366923739 | Diff: -0.20531463936964833 | Rotation Strength: 0.5761707973528399
Target distance: 0.11866141085039622
Aligned, walking
=========================================
Target: [2.35   0.3475] | Position: [2.4509446  0.39303759]
Target angle: -2.7178121304747647 | Robot angle: -2.5100658072258075 | Diff: -0.20774632324895714 | Rotation Strength: 0.5799465965616548
Target distance: 0.11074061652781009
Aligned, walking
=========================================
Target: [2.35   0.3475] | Position: [2.44307381 0.38882172]
Target angle: -2.7237668653726743 | Robot angle: -2.517399818556491 | Diff: -0.20636704681618312 | Rotation Strength: 0.5778060428193035
Target distance: 0.10183427296609002
Aligned, walking
=========================================
Target: [2.35   0.3475] | Position: [2.43556854 0.38470082]
Target angle: -2.731493757934334 | Robot angle: -2.5231379133437533 | Diff: -0.20835584459058065 | Rotation Strength: 0.580891584577687
Target distance: 0.0933052853004836
Arrived to point
=========================================
Target: [2.34   0.3425] | Position: [2.42668337 0.38001023]
Target angle: -2.7331954885348586 | Robot angle: -2.5334501662606126 | Diff: -0.19974532227424602 | Rotation Strength: 0.5674901314147844
Target distance: 0.09445117537260755
Arrived to point
=========================================
Target: [2.315  0.3375] | Position: [2.41798475 0.37430132]
Target angle: -2.798387393486968 | Robot angle: -2.547753641781797 | Diff: -0.25063375170517066 | Rotation Strength: 0.6446453508807763
Target distance: 0.10936268149379431
Aligned, walking
=========================================
Target: [2.315  0.3375] | Position: [2.40971835 0.36961829]
Target angle: -2.8146677537776843 | Robot angle: -2.563300696721007 | Diff: -0.2513670570566773 | Rotation Strength: 0.6457140461431488
Target distance: 0.10001574955421175
Aligned, walking
=========================================
Target: [2.315  0.3375] | Position: [2.40188089 0.36421926]
Target angle: -2.8432337923561577 | Robot angle: -2.5767156661972037 | Diff: -0.266518126158954 | Rotation Strength: 0.6674572873004384
Target distance: 0.09089668705605056
Arrived to point
=========================================
Target: [2.29   0.3225] | Position: [2.39338665 0.35932418]
Target angle: -2.7994236090114715 | Robot angle: -2.5905265061458773 | Diff: -0.20889710286559415 | Rotation Strength: 0.5817302421515087
Target distance: 0.10974889360426836
Aligned, walking
=========================================
Target: [2.29   0.3225] | Position: [2.38603794 0.35660853]
Target angle: -2.8003312075421207 | Robot angle: -2.6074522383606564 | Diff: -0.1928789691814643 | Rotation Strength: 0.5567310702973229
Target distance: 0.1019150514528705
Aligned, walking
=========================================
Target: [2.29   0.3225] | Position: [2.37816412 0.35341623]
Target angle: -2.80432392535346 | Robot angle: -2.6229494530805204 | Diff: -0.1813744722729398 | Rotation Strength: 0.5385895421534521
Target distance: 0.0934276435592213
Arrived to point
=========================================
Target: [2.265  0.3175] | Position: [2.37132532 0.34993815]
Target angle: -2.8454782076731937 | Robot angle: -2.638941345730645 | Diff: -0.20653686194254872 | Rotation Strength: 0.578069745179558
Target distance: 0.11116342670285183
Aligned, walking
=========================================
Target: [2.265  0.3175] | Position: [2.36429484 0.34615423]
Target angle: -2.8606481542641915 | Robot angle: -2.6535555189582656 | Diff: -0.20709263530592592 | Rotation Strength: 0.5789324820538161
Target distance: 0.10334665311792054
Aligned, walking
=========================================
Target: [2.265  0.3175] | Position: [2.35512051 0.34154373]
Target angle: -2.8808701999226907 | Robot angle: -2.6660433914480053 | Diff: -0.21482680847468538 | Rotation Strength: 0.5908861642642866
Target distance: 0.0932727567920237
Arrived to point
=========================================
Target: [2.25   0.3125] | Position: [2.34598922 0.33757264]
Target angle: -2.8860983922564984 | Robot angle: -2.678986386371153 | Diff: -0.2071120058853455 | Rotation Strength: 0.578962542689777
Target distance: 0.09920971462779006
Arrived to point
=========================================
Target: [2.225  0.3075] | Position: [2.33662087 0.33376267]
Target angle: -2.9105110625918647 | Robot angle: -2.6918069462870857 | Diff: -0.21870411630477893 | Rotation Strength: 0.5968395385091408
Target distance: 0.11466885822358282
Aligned, walking
=========================================
Target: [2.225  0.3075] | Position: [2.32693254 0.32975832]
Target angle: -2.926604117477309 | Robot angle: -2.706206380153361 | Diff: -0.22039773732394785 | Rotation Strength: 0.5994311772128724
Target distance: 0.10433443790509361
Aligned, walking
=========================================
Target: [2.225  0.3075] | Position: [2.3180508  0.32645389]
Target angle: -2.940647687738705 | Robot angle: -2.7216050572852293 | Diff: -0.2190426304534756 | Rotation Strength: 0.5973579822966602
Target distance: 0.09496157655902432
Arrived to point
=========================================
Target: [2.205  0.3025] | Position: [2.31068947 0.32420516]
Target angle: -2.939041560904032 | Robot angle: -2.7327877393314326 | Diff: -0.20625382157259953 | Rotation Strength: 0.5776301930439547
Target distance: 0.10789521851913958
Aligned, walking
=========================================
Target: [2.205  0.3025] | Position: [2.30280253 0.32159857]
Target angle: -2.9487427237960824 | Robot angle: -2.7439957676932893 | Diff: -0.20474695610279303 | Rotation Strength: 0.575288027624369
Target distance: 0.09964983818906598
Arrived to point
=========================================
Target: [2.19   0.2975] | Position: [2.29613002 0.31941608]
Target angle: -2.9379529262156665 | Robot angle: -2.7596643792981093 | Diff: -0.17828854691755724 | Rotation Strength: 0.5337038479425342
Target distance: 0.10836925298990724
Aligned, walking
=========================================
Target: [2.19   0.2975] | Position: [2.28884688 0.31662715]
Target angle: -2.950452119750827 | Robot angle: -2.7697162365038643 | Diff: -0.18073588324696255 | Rotation Strength: 0.537579093001477
Target distance: 0.10068045326721005
Aligned, walking
=========================================
Target: [2.19   0.2975] | Position: [2.28108304 0.31445886]
Target angle: -2.9575093047012047 | Robot angle: -2.7787022708503724 | Diff: -0.1788070338508323 | Rotation Strength: 0.5345252038743997
Target distance: 0.09264838455995723
Arrived to point
=========================================
Target: [2.18   0.2975] | Position: [2.27220222 0.312086  ]
Target angle: -2.9846971113337846 | Robot angle: -2.7912798585211416 | Diff: -0.193417252812643 | Rotation Strength: 0.5575765811767063
Target distance: 0.09334881687548381
Arrived to point
=========================================
Target: [2.16   0.2925] | Position: [2.26256871 0.31004226]
Target angle: -2.972202213582815 | Robot angle: -2.803112602497489 | Diff: -0.16908961108532594 | Rotation Strength: 0.5191051681051921
Target distance: 0.10405802160752989
Aligned, walking
=========================================
Target: [2.16   0.2925] | Position: [2.25269162 0.30737686]
Target angle: -2.98245148468044 | Robot angle: -2.8151622054427 | Diff: -0.16728927923773984 | Rotation Strength: 0.5162434391213059
Target distance: 0.09387788759661601
Arrived to point
=========================================
Target: [2.14   0.2925] | Position: [2.24314629 0.30489934]
Target angle: -3.021955518596448 | Robot angle: -2.828828316025591 | Diff: -0.19312720257085703 | Rotation Strength: 0.5571210248961631
Target distance: 0.1038888818354246
Aligned, walking
=========================================
Target: [2.14   0.2925] | Position: [2.2339665  0.30250395]
Target angle: -3.0355292407053382 | Robot angle: -2.8396442961156065 | Diff: -0.1958849445897317 | Rotation Strength: 0.5614483738698356
Target distance: 0.09449752292842808
Arrived to point
=========================================
Target: [2.13   0.2925] | Position: [2.22474293 0.29911743]
Target angle: -3.071859715397882 | Robot angle: -2.848393004090741 | Diff: -0.22346671130714135 | Rotation Strength: 0.6041131959465091
Target distance: 0.09497375045961258
Arrived to point
=========================================
Target: [2.105  0.2875] | Position: [2.21616014 0.29745724]
Target angle: -3.0522554544723137 | Robot angle: -2.860464765045018 | Diff: -0.19179068942729582 | Rotation Strength: 0.5550206516764338
Target distance: 0.11160521423930127
Aligned, walking
=========================================
Target: [2.105  0.2875] | Position: [2.20693859 0.2961263 ]
Target angle: -3.057171229144925 | Robot angle: -2.8710634429918365 | Diff: -0.18610778615308865 | Rotation Strength: 0.5460687093117192
Target distance: 0.10230292435197512
Aligned, walking
=========================================
Target: [2.105  0.2875] | Position: [2.19846241 0.29493033]
Target angle: -3.062258811114214 | Robot angle: -2.8794919086844573 | Diff: -0.18276690242975668 | Rotation Strength: 0.5407916952787974
Target distance: 0.09375729979041592
Arrived to point
=========================================
Target: [2.075  0.2825] | Position: [2.19292321 0.29295855]
Target angle: -3.0531346483035864 | Robot angle: -2.889079889608899 | Diff: -0.16405475869468722 | Rotation Strength: 0.5110994340717023
Target distance: 0.11838608562021208
Aligned, walking
=========================================
Target: [2.075  0.2825] | Position: [2.1867371  0.29228364]
Target angle: -3.0542558976400382 | Robot angle: -2.893545945456541 | Diff: -0.16070995218349715 | Rotation Strength: 0.5057775757764733
Target distance: 0.11216460484603678
Aligned, walking
=========================================
Target: [2.075  0.2825] | Position: [2.18000103 0.29129864]
Target angle: -3.0579922066256935 | Robot angle: -2.8995440276535307 | Diff: -0.1584481789721628 | Rotation Strength: 0.5021780952956663
Target distance: 0.10536902868394198
Aligned, walking
=========================================
Target: [2.075  0.2825] | Position: [2.17380793 0.2910475 ]
Target angle: -3.055301282114851 | Robot angle: -2.9066629728568234 | Diff: -0.14863830925802768 | Rotation Strength: 0.48656844876539684
Target distance: 0.09917695154346588
Arrived to point
=========================================
Target: [2.06   0.2825] | Position: [2.16605478 0.29010495]
Target angle: -3.070007405523586 | Robot angle: -2.9147599940600593 | Diff: -0.15524741146352694 | Rotation Strength: 0.4970839624282509
Target distance: 0.10632709515359078
Aligned, walking
=========================================
Target: [2.06   0.2825] | Position: [2.15681152 0.2882082 ]
Target angle: -3.0826988929781165 | Robot angle: -2.924707704124595 | Diff: -0.1579911888535217 | Rotation Strength: 0.5014507826385917
Target distance: 0.09697965216579743
Arrived to point
=========================================
Target: [2.035  0.2825] | Position: [2.14491137 0.28632573]
Target angle: -3.1067992940443454 | Robot angle: -2.9335753425282816 | Diff: -0.17322395151606385 | Rotation Strength: 0.5256718871096879
Target distance: 0.10997793611369777
Aligned, walking
=========================================
Target: [2.035  0.2825] | Position: [2.13287527 0.28469256]
Target angle: -3.119194871968875 | Robot angle: -2.9426177624968233 | Diff: -0.17657710947205185 | Rotation Strength: 0.5309914180019405
Target distance: 0.09789982104337898
Arrived to point
=========================================
Target: [2.01   0.2825] | Position: [2.12040962 0.28410673]
Target angle: -3.127041214009397 | Robot angle: -2.953994823590503 | Diff: -0.17304639041889391 | Rotation Strength: 0.5253900266753204
Target distance: 0.11042131405567297
Aligned, walking
=========================================
Target: [2.01   0.2825] | Position: [2.10821745 0.28281645]
Target angle: -3.138370777336549 | Robot angle: -2.966493260927898 | Diff: -0.17187751640865123 | Rotation Strength: 0.5235341608851742
Target distance: 0.09821796140929422
Arrived to point
=========================================
Target: [1.99   0.2825] | Position: [2.09796823 0.2810106 ]
Target angle: 3.1277987523973874 | Robot angle: -2.979453701427719 | Diff: -0.17593285335447995 | Rotation Strength: 0.5299698634495795
Target distance: 0.10797850647181831
Aligned, walking
=========================================
Target: [1.99   0.2825] | Position: [2.08849289 0.27951159]
Target angle: 3.1112606247605026 | Robot angle: -2.9907806493661546 | Diff: -0.18114403305292903 | Rotation Strength: 0.5382249507885625
Target distance: 0.09853821121831678
Arrived to point
=========================================
Target: [1.965  0.2825] | Position: [2.07834553 0.27832153]
Target angle: 3.1047444340547337 | Robot angle: -3.002226433671378 | Diff: -0.17621443945347437 | Rotation Strength: 0.530416387406424
Target distance: 0.11342252210684388
Aligned, walking
=========================================
Target: [1.965  0.2825] | Position: [2.06996695 0.28004207]
Target angle: 3.118180661765642 | Robot angle: -3.0140743355293225 | Diff: -0.15093030988462175 | Rotation Strength: 0.4902142985302739
Target distance: 0.10499572488779538
Aligned, walking
=========================================
Target: [1.965  0.2825] | Position: [2.06238365 0.28019568]
Target angle: 3.117934801377828 | Robot angle: -3.02467249854298 | Diff: -0.14057800725877811 | Rotation Strength: 0.4737609742836607
Target distance: 0.09741091006142495
Arrived to point
=========================================
Target: [1.95   0.2825] | Position: [2.05583632 0.28019356]
Target angle: 3.11980358353358 | Robot angle: -3.0312710183776463 | Diff: -0.1321107052683601 | Rotation Strength: 0.4603441824928163
Target distance: 0.10586144432038146
Aligned, walking
=========================================
Target: [1.95   0.2825] | Position: [2.05023414 0.28030986]
Target angle: 3.119745933547728 | Robot angle: -3.0363407055006535 | Diff: -0.12709866813120385 | Rotation Strength: 0.45242814298760536
Target distance: 0.10025806031190503
Aligned, walking
=========================================
Target: [1.95   0.2825] | Position: [2.04174876 0.27909178]
Target angle: 3.104462389141947 | Robot angle: -3.0387773545037753 | Diff: -0.139945563533864 | Rotation Strength: 0.47275728825043906
Target distance: 0.09181204392377723
Arrived to point
=========================================
Target: [1.925  0.2825] | Position: [2.03504639 0.27891721]
Target angle: 3.1090470316587915 | Robot angle: -3.0412172205306724 | Diff: -0.1329210549901223 | Rotation Strength: 0.4616260408099463
Target distance: 0.11010469664251199
Aligned, walking
=========================================
Target: [1.925  0.2825] | Position: [2.02565373 0.27921905]
Target angle: 3.1090077902559123 | Robot angle: -3.049165429380519 | Diff: -0.12501208754315485 | Rotation Strength: 0.44913943525021816
Target distance: 0.10070718447932615
Aligned, walking
=========================================
Target: [1.925  0.2825] | Position: [2.01466343 0.27971606]
Target angle: 3.1105538169806373 | Robot angle: -3.0565421179196006 | Diff: -0.11608937227934746 | Rotation Strength: 0.4351296747455272
Target distance: 0.08970663854135312
Arrived to point
=========================================
Target: [1.9    0.2825] | Position: [2.00183401 0.28000169]
Target angle: 3.117064448531984 | Robot angle: -3.067702832982274 | Diff: -0.0984180256653282 | Rotation Strength: 0.40770730829331747
Target distance: 0.10186464989618875
Aligned, walking
=========================================
Target: [1.9    0.2825] | Position: [1.98892023 0.27951298]
Target angle: 3.1080131859137516 | Robot angle: -3.0792244788238055 | Diff: -0.09594764244202914 | Rotation Strength: 0.4039151149587257
Target distance: 0.08897039068455456
Arrived to point
=========================================
Target: [1.86   0.2825] | Position: [1.97488697 0.27898978]
Target angle: 3.1110484919066783 | Robot angle: -3.090276394197982 | Diff: -0.08186042107492497 | Rotation Strength: 0.3825212674744234
Target distance: 0.11494058042335481
Aligned, walking
=========================================
Target: [1.86   0.2825] | Position: [1.96217162 0.2796673 ]
Target angle: 3.1138747911141085 | Robot angle: -3.1033911729717953 | Diff: -0.06591934309368241 | Rotation Strength: 0.3588533446265193
Target distance: 0.10221088209185748
Aligned, walking
=========================================
Target: [1.86   0.2825] | Position: [1.94797923 0.27955913]
Target angle: 3.108178267362536 | Robot angle: -3.109615507455004 | Diff: -0.06539153236204598 | Rotation Strength: 0.3580806170975296
Target distance: 0.088028367491297
Arrived to point
=========================================
Target: [1.83   0.2825] | Position: [1.92111223 0.28054959]
Target angle: 3.120189233240543 | Robot angle: -3.118202221094771 | Diff: -0.04479385284427195 | Rotation Strength: 0.3285316996931712
Target distance: 0.09113310241383794
Arrived to point
=========================================
Target: [1.8    0.2825] | Position: [1.90725591 0.28027298]
Target angle: 3.1208320066926074 | Robot angle: -3.120004350528127 | Diff: -0.042348949958851634 | Rotation Strength: 0.32510734880055814
Target distance: 0.10727902529326319
Aligned, walking
=========================================
Target: [1.8    0.2825] | Position: [1.89239708 0.27966798]
Target angle: 3.110951747160561 | Robot angle: -3.1195829040539973 | Diff: -0.05265065596502794 | Rotation Strength: 0.33965870421970645
Target distance: 0.09244047285551674
Arrived to point
=========================================
Target: [1.755  0.2825] | Position: [1.87946528 0.2789472 ]
Target angle: 3.1130559330251124 | Robot angle: -3.117663180860357 | Diff: -0.052466193294115726 | Rotation Strength: 0.33939536350801336
Target distance: 0.12451597918023287
Aligned, walking
=========================================
Target: [1.755  0.2825] | Position: [1.8645799 0.2786707]
Target angle: 3.106661614630829 | Robot angle: -3.11661848646897 | Diff: -0.059905206079786666 | Rotation Strength: 0.35009273352807413
Target distance: 0.10964678306515556
Aligned, walking
=========================================
Target: [1.755  0.2825] | Position: [1.85169888 0.28105042]
Target angle: 3.126603116468713 | Robot angle: -3.113971984256625 | Diff: -0.04261020645424907 | Rotation Strength: 0.32547238417503244
Target distance: 0.09670974622041062
Arrived to point
=========================================
Target: [1.73   0.2825] | Position: [1.83846884 0.28136437]
Target angle: 3.1311234061638906 | Robot angle: -3.1114874437573796 | Diff: -0.04057445725831599 | Rotation Strength: 0.3226336089941293
Target distance: 0.10847478163792738
Aligned, walking
=========================================
Target: [1.73   0.2825] | Position: [1.82565093 0.28086311]
Target angle: 3.124481185004008 | Robot angle: -3.1094941724500202 | Diff: -0.04920994972555803 | Rotation Strength: 0.3347631824548988
Target distance: 0.09566493516859757
Arrived to point
=========================================
Target: [1.71   0.2825] | Position: [1.81181718 0.27958655]
Target angle: 3.1129859149180703 | Robot angle: -3.1074734208271693 | Diff: -0.06272597143434666 | Rotation Strength: 0.3541894938276575
Target distance: 0.10185885763372694
Aligned, walking
=========================================
Target: [1.71   0.2825] | Position: [1.79630927 0.27859006]
Target angle: 3.0963220462632037 | Robot angle: -3.10527517248417 | Diff: -0.08158808843221266 | Rotation Strength: 0.38211184765855366
Target distance: 0.08639779083749012
Arrived to point
=========================================
Target: [1.685  0.2875] | Position: [1.78013139 0.27941414]
Target angle: 3.0567996696416238 | Robot angle: -3.1086579111497326 | Diff: -0.11772772638822993 | Rotation Strength: 0.4376950172954883
Target distance: 0.09547440610866245
Arrived to point
=========================================
Target: [1.67   0.2975] | Position: [1.76469571 0.28048252]
Target angle: 2.96378354868485 | Robot angle: -3.111233133815416 | Diff: -0.2081686246793204 | Rotation Strength: 0.5806013858885222
Target distance: 0.0962126424354537
Arrived to point
=========================================
Target: [1.645  0.3025] | Position: [1.7496971  0.28011638]
Target angle: 2.930969428562296 | Robot angle: -3.111544535989381 | Diff: -0.240671342627909 | Rotation Strength: 0.6299870721445459
Target distance: 0.10706311136901536
Aligned, walking
=========================================
Target: [1.645  0.3025] | Position: [1.73964552 0.27950321]
Target angle: 2.903233675395591 | Robot angle: -3.110980867584507 | Diff: -0.2689707641994872 | Rotation Strength: 0.6709138277237928
Target distance: 0.0973993156990572
Arrived to point
=========================================
Target: [1.62   0.3125] | Position: [1.7293301  0.27812658]
Target angle: 2.836977426747266 | Robot angle: -3.1085197553219723 | Diff: -0.33768812511034696 | Rotation Strength: 0.7594724430357322
Target distance: 0.11460629479041864
Aligned, walking
=========================================
Target: [1.62   0.3125] | Position: [1.71792148 0.27812612]
Target angle: 2.8039960227218437 | Robot angle: -3.1111256724174137 | Diff: -0.3680636120403289 | Rotation Strength: 0.793010062401889
Target distance: 0.10377948010037176
Aligned, walking
=========================================
Target: [1.62   0.3125] | Position: [1.70723935 0.27807646]
Target angle: 2.7657610889251583 | Robot angle: -3.1132606132396834 | Diff: -0.4041636050147446 | Rotation Strength: 0.8282087874248629
Target distance: 0.09378531109130657
Arrived to point
=========================================
Target: [1.6    0.3125] | Position: [1.70006419 0.27844415]
Target angle: 2.813549416233837 | Robot angle: -3.115619042221452 | Diff: -0.3540168487242976 | Rotation Strength: 0.7779468186421524
Target distance: 0.10570072288929411
Aligned, walking
=========================================
Target: [1.6    0.3125] | Position: [1.69400898 0.27947307]
Target angle: 2.8037452478174956 | Robot angle: -3.122082671945254 | Diff: -0.35735738741683676 | Rotation Strength: 0.7815987930452094
Target distance: 0.09964169438876277
Arrived to point
=========================================
Target: [1.58   0.3225] | Position: [1.68717797 0.27908404]
Target angle: 2.7567122243928885 | Robot angle: -3.131991067022784 | Diff: -0.39448201576391284 | Rotation Strength: 0.8192612662388695
Target distance: 0.11563763750836072
Aligned, walking
=========================================
Target: [1.58   0.3225] | Position: [1.68255657 0.27908849]
Target angle: 2.7411684676611605 | Robot angle: 3.138157818070723 | Diff: -0.3969893504095623 | Rotation Strength: 0.821612789702836
Target distance: 0.11136610245870923
Aligned, walking
=========================================
Target: [1.58   0.3225] | Position: [1.67792675 0.27857858]
Target angle: 2.71997603138231 | Robot angle: 3.1226810860076597 | Diff: -0.40270505462534967 | Rotation Strength: 0.8268836382583993
Target distance: 0.10732538580809388
Aligned, walking
=========================================
Target: [1.58   0.3225] | Position: [1.67403834 0.27960995]
Target angle: 2.713684928312599 | Robot angle: 3.1024597911634295 | Diff: -0.3887748628508305 | Rotation Strength: 0.8138188459320678
Target distance: 0.10335746301891227
Aligned, walking
=========================================
Target: [1.58   0.3225] | Position: [1.67018517 0.28123972]
Target angle: 2.7125141011526175 | Robot angle: 3.0795437010718834 | Diff: -0.36702959991926587 | Rotation Strength: 0.7919274559990519
Target distance: 0.09917547839823879
Arrived to point
=========================================
Target: [1.555  0.3275] | Position: [1.66520793 0.28187581]
Target angle: 2.7490905411834508 | Robot angle: 3.0579537480576278 | Diff: -0.308863206874177 | Rotation Strength: 0.7243782497140179
Target distance: 0.11927847193672753
Aligned, walking
=========================================
Target: [1.555  0.3275] | Position: [1.66120045 0.28247965]
Target angle: 2.7406382869517554 | Robot angle: 3.0383350883130875 | Diff: -0.29769680136133214 | Rotation Strength: 0.7099614235533376
Target distance: 0.11534889621025438
Aligned, walking
=========================================
Target: [1.555  0.3275] | Position: [1.65646954 0.28368286]
Target angle: 2.7339548951512853 | Robot angle: 3.017421759885634 | Diff: -0.2834668647343488 | Rotation Strength: 0.6909589093502576
Target distance: 0.11052605698698975
Aligned, walking
=========================================
Target: [1.555  0.3275] | Position: [1.65208543 0.28457648]
Target angle: 2.7253100494761293 | Robot angle: 3.0024780686456287 | Diff: -0.2771680191694994 | Rotation Strength: 0.6823313241681308
Target distance: 0.10615087803981331
Aligned, walking
=========================================
Target: [1.555  0.3275] | Position: [1.64835624 0.28603022]
Target angle: 2.723564023617211 | Robot angle: 2.9854739870609723 | Diff: -0.2619099634437614 | Rotation Strength: 0.6609141456961238
Target distance: 0.10215248374301422
Aligned, walking
=========================================
Target: [1.555  0.3275] | Position: [1.64338877 0.28746551]
Target angle: 2.716299483910108 | Robot angle: 2.9688553919530065 | Diff: -0.25255590804289874 | Rotation Strength: 0.6474435476837395
Target distance: 0.09703264624630113
Arrived to point
=========================================
Target: [1.53   0.3375] | Position: [1.63646447 0.28923127]
Target angle: 2.7159325320996572 | Robot angle: 2.9505117271360186 | Diff: -0.23457919503636138 | Rotation Strength: 0.6209017704598001
Target distance: 0.11689548113822773
Aligned, walking
=========================================
Target: [1.53   0.3375] | Position: [1.62951382 0.29129511]
Target angle: 2.7069054991559476 | Robot angle: 2.9319307954097162 | Diff: -0.22502529625376866 | Rotation Strength: 0.6064837397127144
Target distance: 0.10971732537547528
Aligned, walking
=========================================
Target: [1.53   0.3375] | Position: [1.62113152 0.29275639]
Target angle: 2.6851883487212502 | Robot angle: 2.91824228575644 | Diff: -0.23305393703518984 | Rotation Strength: 0.6186135133517923
Target distance: 0.10152312127333252
Aligned, walking
=========================================
Target: [1.53   0.3375] | Position: [1.61356383 0.29423893]
Target angle: 2.6638848507671717 | Robot angle: 2.9036566161830493 | Diff: -0.23977176541587752 | Rotation Strength: 0.6286511248200988
Target distance: 0.09409800062904423
Arrived to point
=========================================
Target: [1.505  0.3475] | Position: [1.60501438 0.29721411]
Target angle: 2.6757182033871043 | Robot angle: 2.890075383778706 | Diff: -0.2143571803916018 | Rotation Strength: 0.5901632282307208
Target distance: 0.1119443902980218
Aligned, walking
=========================================
Target: [1.505  0.3475] | Position: [1.59628947 0.30032872]
Target angle: 2.6646571153062553 | Robot angle: 2.8740075883038774 | Diff: -0.2093504729976221 | Rotation Strength: 0.582432357389594
Target distance: 0.10275649496964183
Aligned, walking
=========================================
Target: [1.505  0.3475] | Position: [1.58672835 0.30323748]
Target angle: 2.6452361625702148 | Robot angle: 2.8588955511967438 | Diff: -0.213659388626529 | Rotation Strength: 0.5890883424955744
Target distance: 0.09294457207883691
Arrived to point
=========================================
Target: [1.47   0.3625] | Position: [1.57850233 0.30590971]
Target angle: 2.660847578158407 | Robot angle: 2.8435808066324455 | Diff: -0.1827332284740386 | Rotation Strength: 0.5407384577604347
Target distance: 0.1223732692479282
Aligned, walking
=========================================
Target: [1.47   0.3625] | Position: [1.56991921 0.30870184]
Target angle: 2.6476861748786913 | Robot angle: 2.8293861431275342 | Diff: -0.18169996824884294 | Rotation Strength: 0.5391044579493348
Target distance: 0.11348167479398612
Aligned, walking
=========================================
Target: [1.47   0.3625] | Position: [1.56051924 0.31230036]
Target angle: 2.6352443614101073 | Robot angle: 2.814799089797096 | Diff: -0.1795547283869885 | Rotation Strength: 0.5357093260180255
Target distance: 0.10350717899647371
Aligned, walking
=========================================
Target: [1.47   0.3625] | Position: [1.55237113 0.31600829]
Target angle: 2.627747706457667 | Robot angle: 2.802512247452473 | Diff: -0.17476454099480598 | Rotation Strength: 0.5281167125355701
Target distance: 0.09458584863718814
Arrived to point
=========================================
Target: [1.455  0.3675] | Position: [1.54218983 0.31938537]
Target angle: 2.637339674015089 | Robot angle: 2.7902637784573505 | Diff: -0.15292410444226157 | Rotation Strength: 0.49338665709692897
Target distance: 0.09958455761898646
Arrived to point
=========================================
Target: [1.445  0.3725] | Position: [1.53312116 0.32331735]
Target angle: 2.6325326248513097 | Robot angle: 2.773788780237206 | Diff: -0.14125615538589642 | Rotation Strength: 0.47483742846694965
Target distance: 0.10091715358222937
Aligned, walking
=========================================
Target: [1.445  0.3725] | Position: [1.52267833 0.32779469]
Target angle: 2.6193688118978242 | Robot angle: 2.7589628976100453 | Diff: -0.1395940857122211 | Rotation Strength: 0.47219958880450386
Target distance: 0.0896241482951138
Arrived to point
=========================================
Target: [1.425  0.3825] | Position: [1.51301826 0.33266726]
Target angle: 2.6264245076041615 | Robot angle: 2.7498794270179143 | Diff: -0.12345491941375286 | Rotation Strength: 0.44668802479992664
Target distance: 0.10114600985237583
Aligned, walking
=========================================
Target: [1.425  0.3825] | Position: [1.50480135 0.33666947]
Target angle: 2.6202788015449094 | Robot angle: 2.7378439723891947 | Diff: -0.1175651708442853 | Rotation Strength: 0.43744033579298525
Target distance: 0.09202549729629157
Arrived to point
=========================================
Target: [1.41   0.3875] | Position: [1.49773737 0.33932295]
Target angle: 2.639436669545706 | Robot angle: 2.728606659543698 | Diff: -0.08916998999799208 | Rotation Strength: 0.3935709904882152
Target distance: 0.10009432027260813
Aligned, walking
=========================================
Target: [1.41   0.3875] | Position: [1.4909448  0.34289473]
Target angle: 2.637937653184448 | Robot angle: 2.727431568740797 | Diff: -0.089493915556349 | Rotation Strength: 0.39406328337478613
Target distance: 0.09242126657489
Arrived to point
=========================================
Target: [1.38   0.4125] | Position: [1.48533484 0.34666506]
Target angle: 2.5829887686686286 | Robot angle: 2.721295563611246 | Diff: -0.13830679494261755 | Rotation Strength: 0.4701576122866372
Target distance: 0.12421621382611607
Aligned, walking
=========================================
Target: [1.38   0.4125] | Position: [1.48051545 0.34983124]
Target angle: 2.5840914923830045 | Robot angle: 2.7147975308403254 | Diff: -0.13070603845732087 | Rotation Strength: 0.45812345079130157
Target distance: 0.11845137470274725
Aligned, walking
=========================================
Target: [1.38   0.4125] | Position: [1.47585166 0.35219507]
Target angle: 2.580015647726233 | Robot angle: 2.713322181632247 | Diff: -0.13330653390601377 | Rotation Strength: 0.46223599297728424
Target distance: 0.11324409397797558
Aligned, walking
=========================================
Target: [1.38   0.4125] | Position: [1.47211977 0.35385075]
Target angle: 2.574650368834755 | Robot angle: 2.711958750670558 | Diff: -0.13730838183580296 | Rotation Strength: 0.4685745546160329
Target distance: 0.10920525476946391
Aligned, walking
=========================================
Target: [1.38   0.4125] | Position: [1.46714595 0.35587076]
Target angle: 2.565343500007083 | Robot angle: 2.7111804019057804 | Diff: -0.14583690189869714 | Rotation Strength: 0.4821142729268125
Target distance: 0.10392923971470311
Aligned, walking
=========================================
Target: [1.38   0.4125] | Position: [1.46127189 0.35893491]
Target angle: 2.5588572507871454 | Robot angle: 2.709783094496137 | Diff: -0.15092584370899154 | Rotation Strength: 0.49020719311566896
Target distance: 0.097336211906011
Arrived to point
=========================================
Target: [1.365  0.4225] | Position: [1.45525721 0.36292348]
Target angle: 2.5581674681272375 | Robot angle: 2.7050616039820605 | Diff: -0.14689413585482303 | Rotation Strength: 0.4837949559045278
Target distance: 0.1081467842375157
Aligned, walking
=========================================
Target: [1.365  0.4225] | Position: [1.44577786 0.36738218]
Target angle: 2.542818791207769 | Robot angle: 2.6956613265587412 | Diff: -0.15284253535097214 | Rotation Strength: 0.4932568590163824
Target distance: 0.09779078049074522
Arrived to point
=========================================
Target: [1.35   0.4325] | Position: [1.43465461 0.37372819]
Target angle: 2.5347334653888236 | Robot angle: 2.693213564837725 | Diff: -0.1584800994489015 | Rotation Strength: 0.502228897325536
Target distance: 0.10305594885443893
Aligned, walking
=========================================
Target: [1.35   0.4325] | Position: [1.42381422 0.3802597 ]
Target angle: 2.5256997477874368 | Robot angle: 2.6818070380949717 | Diff: -0.1561072903075349 | Rotation Strength: 0.49845247399271453
Target distance: 0.09043001793202067
Arrived to point
=========================================
Target: [1.335  0.4425] | Position: [1.41315939 0.38635489]
Target angle: 2.518662901070437 | Robot angle: 2.6701646740608362 | Diff: -0.15150177299039935 | Rotation Strength: 0.49112349329714766
Target distance: 0.09623493742804963
Arrived to point
=========================================
Target: [1.32   0.4525] | Position: [1.40223845 0.39250193]
Target angle: 2.5113005068004908 | Robot angle: 2.6576100068727486 | Diff: -0.14630950007225785 | Rotation Strength: 0.48286551367412334
Target distance: 0.10179848468537392
Aligned, walking
=========================================
Target: [1.32   0.4525] | Position: [1.39134007 0.39861293]
Target angle: 2.4946732159649425 | Robot angle: 2.645469885079171 | Diff: -0.15079666911422862 | Rotation Strength: 0.490001685892136
Target distance: 0.08940481512282211
Arrived to point
=========================================
Target: [1.31   0.4575] | Position: [1.38260702 0.40417975]
Target angle: 2.5081714986922545 | Robot angle: 2.6351961246127846 | Diff: -0.1270246259205301 | Rotation Strength: 0.45231137051276493
Target distance: 0.09008233941912983
Arrived to point
=========================================
Target: [1.3    0.4625] | Position: [1.37479978 0.40989304]
Target angle: 2.528652885495285 | Robot angle: 2.627046877942151 | Diff: -0.09839399244686575 | Rotation Strength: 0.4076703620067774
Target distance: 0.09144670532144314
Arrived to point
=========================================
Target: [1.285  0.4775] | Position: [1.36818588 0.41490322]
Target angle: 2.49649807618718 | Robot angle: 2.6216928493985385 | Diff: -0.12519477321135852 | Rotation Strength: 0.44942719703177714
Target distance: 0.10410690609065026
Aligned, walking
=========================================
Target: [1.285  0.4775] | Position: [1.36302676 0.41775379]
Target angle: 2.4881099938754723 | Robot angle: 2.6195227928928384 | Diff: -0.13141279901736613 | Rotation Strength: 0.45924061345526956
Target distance: 0.09827402755681242
Arrived to point
=========================================
Target: [1.26   0.4875] | Position: [1.35886446 0.4190141 ]
Target angle: 2.5357658069102227 | Robot angle: 2.622797411084184 | Diff: -0.08703160417396116 | Rotation Strength: 0.39032659518370405
Target distance: 0.1202684520616647
Aligned, walking
=========================================
Target: [1.26   0.4875] | Position: [1.3564585  0.42050484]
Target angle: 2.5345344402564463 | Robot angle: 2.619428239018321 | Diff: -0.08489379876187453 | Rotation Strength: 0.38709274987325226
Target distance: 0.11744187615203047
Aligned, walking
=========================================
Target: [1.26   0.4875] | Position: [1.35522346 0.42198699]
Target angle: 2.5389710849154215 | Robot angle: 2.616542252293759 | Diff: -0.07757116737833769 | Rotation Strength: 0.37609259048362353
Target distance: 0.11558313789029434
Aligned, walking
=========================================
Target: [1.26   0.4875] | Position: [1.35521918 0.42200364]
Target angle: 2.5390687550426554 | Robot angle: 2.616280970743361 | Diff: -0.07721221570070558 | Rotation Strength: 0.37555653728724536
Target distance: 0.11557018122261979
Aligned, walking
=========================================
Target: [1.26   0.4875] | Position: [1.35421808 0.42263297]
Target angle: 2.5386418517894214 | Robot angle: 2.615048428892994 | Diff: -0.07640657710357246 | Rotation Strength: 0.37435451980401035
Target distance: 0.11438871651921757
Aligned, walking
=========================================
Target: [1.26   0.4875] | Position: [1.35209066 0.42385503]
Target angle: 2.536856648124175 | Robot angle: 2.616507650612606 | Diff: -0.07965100248843093 | Rotation Strength: 0.3792045267100739
Target distance: 0.11194360533676741
Aligned, walking
=========================================
Target: [1.26   0.4875] | Position: [1.34712855 0.42692948]
Target angle: 2.5341051215964807 | Robot angle: 2.616278508920974 | Diff: -0.08217338732449342 | Rotation Strength: 0.382991981067754
Target distance: 0.1061139539802831
Aligned, walking
=========================================
Target: [1.26   0.4875] | Position: [1.34076156 0.43066158]
Target angle: 2.5283338931757466 | Robot angle: 2.6163943841980215 | Diff: -0.08806049102227487 | Rotation Strength: 0.39188644819545404
Target distance: 0.09875745972113088
Arrived to point
=========================================
Target: [1.245  0.4975] | Position: [1.33075032 0.43671596]
Target angle: 2.524952360834403 | Robot angle: 2.6171815391387785 | Diff: -0.09222917830437538 | Rotation Strength: 0.39822874658810803
Target distance: 0.10510859730465019
Aligned, walking
=========================================
Target: [1.245  0.4975] | Position: [1.31830086 0.44384215]
Target angle: 2.5096970030615875 | Robot angle: 2.6182938819644432 | Diff: -0.10859687890285574 | Rotation Strength: 0.4234440981972999
Target distance: 0.0908415159539812
Arrived to point
=========================================
Target: [1.235  0.5075] | Position: [1.30546294 0.45113734]
Target angle: 2.466918221157049 | Robot angle: 2.6195993497441066 | Diff: -0.15268112858705774 | Rotation Strength: 0.49300002069786075
Target distance: 0.09023178798278896
Arrived to point
=========================================
Target: [1.22   0.5175] | Position: [1.29241145 0.45902871]
Target angle: 2.462303240087418 | Robot angle: 2.621657043230158 | Diff: -0.15935380314274017 | Rotation Strength: 0.5036193914859319
Target distance: 0.09307152847725034
Arrived to point
=========================================
Target: [1.205  0.5275] | Position: [1.2791658  0.46737298]
Target angle: 2.460354736065998 | Robot angle: 2.6232773276564885 | Diff: -0.16292259159049038 | Rotation Strength: 0.5092982858241426
Target distance: 0.09547683180799148
Arrived to point
=========================================
Target: [1.19   0.5375] | Position: [1.26744787 0.47440196]
Target angle: 2.45794253172443 | Robot angle: 2.62297704289967 | Diff: -0.16503451117524026 | Rotation Strength: 0.5126578772112226
Target distance: 0.09989762264959097
Arrived to point
=========================================
Target: [1.175  0.5425] | Position: [1.2575259  0.47992327]
Target angle: 2.492821126329696 | Robot angle: 2.6235410712061196 | Diff: -0.13071994487642336 | Rotation Strength: 0.45814542837417216
Target distance: 0.10356820073425733
Aligned, walking
=========================================
Target: [1.175  0.5425] | Position: [1.23931271 0.48966066]
Target angle: 2.4538189321749577 | Robot angle: 2.6255653695002277 | Diff: -0.17174643732526995 | Rotation Strength: 0.5233260001484855
Target distance: 0.08323533041180409
Arrived to point
=========================================
Target: [1.16   0.5575] | Position: [1.23167023 0.49412363]
Target angle: 2.417532236550837 | Robot angle: 2.6241849039998613 | Diff: -0.2066526674490241 | Rotation Strength: 0.5782495516126858
Target distance: 0.0956722829668826
Arrived to point
=========================================
Target: [1.15   0.5625] | Position: [1.22781982 0.49696685]
Target angle: 2.441694682285558 | Robot angle: 2.621374028671955 | Diff: -0.17967934638639704 | Rotation Strength: 0.5359066444879028
Target distance: 0.10173749589380214
Aligned, walking
=========================================
Target: [1.15   0.5625] | Position: [1.22606551 0.49759505]
Target angle: 2.4351991842073026 | Robot angle: 2.622270063755222 | Diff: -0.18707087954791923 | Rotation Strength: 0.5475880736429652
Target distance: 0.09999306781762016
Arrived to point
=========================================
Target: [1.13   0.5675] | Position: [1.22606049 0.49758769]
Target angle: 2.512455086451917 | Robot angle: 2.6226203027733934 | Diff: -0.11016521632147658 | Rotation Strength: 0.4258835127344145
Target distance: 0.11880803537866418
Aligned, walking
=========================================
Target: [1.13   0.5675] | Position: [1.22732137 0.49673433]
Target angle: 2.512887182049269 | Robot angle: 2.6229867778014757 | Diff: -0.11009959575220662 | Rotation Strength: 0.4257813723447921
Target distance: 0.12032966674781298
Aligned, walking
=========================================
Target: [1.13   0.5675] | Position: [1.22680663 0.49713699]
Target angle: 2.513078950788252 | Robot angle: 2.623588398141231 | Diff: -0.11050944735297907 | Rotation Strength: 0.4264194221144454
Target distance: 0.11967655356469338
Aligned, walking
=========================================
Target: [1.13   0.5675] | Position: [1.22535321 0.49860331]
Target angle: 2.5158975483271497 | Robot angle: 2.6211587196685864 | Diff: -0.10526117134143664 | Rotation Strength: 0.41826822253083273
Target distance: 0.1176392293551268
Aligned, walking
=========================================
Target: [1.13   0.5675] | Position: [1.22535321 0.49860331]
Target angle: 2.5158975483271497 | Robot angle: 2.6211587196685864 | Diff: -0.10526117134143664 | Rotation Strength: 0.41826822253083273
Target distance: 0.1176392293551268
Aligned, walking
=========================================
Target: [1.13   0.5675] | Position: [1.21635074 0.50462236]
Target angle: 2.512212607771543 | Robot angle: 2.6129379834606894 | Diff: -0.10072537568914619 | Rotation Strength: 0.41125920088622037
Target distance: 0.10681782863295665
Aligned, walking
=========================================
Target: [1.13   0.5675] | Position: [1.20903688 0.50927162]
Target angle: 2.506642384844678 | Robot angle: 2.6065299088764 | Diff: -0.09988752403172185 | Rotation Strength: 0.4099683369489373
Target distance: 0.09817012133233233
Arrived to point
=========================================
Target: [1.12   0.5775] | Position: [1.19865742 0.51660094]
Target angle: 2.4827628526086185 | Robot angle: 2.5983247914516276 | Diff: -0.11556193884300914 | Rotation Strength: 0.43430454879008773
Target distance: 0.09947705430264286
Arrived to point
=========================================
Target: [1.105  0.5875] | Position: [1.18697988 0.5246691 ]
Target angle: 2.487666239314196 | Robot angle: 2.5883345871907437 | Diff: -0.10066834787654777 | Rotation Strength: 0.4111713001321634
Target distance: 0.10328805609028514
Aligned, walking
=========================================
Target: [1.105  0.5875] | Position: [1.17468949 0.53281315]
Target angle: 2.4762375352574617 | Robot angle: 2.578043440118673 | Diff: -0.10180590486121144 | Rotation Strength: 0.41292575667313514
Target distance: 0.08858485637972979
Arrived to point
=========================================
Target: [1.095  0.5975] | Position: [1.16243118 0.54038404]
Target angle: 2.4388277183218587 | Robot angle: 2.570885310733207 | Diff: -0.13205759241134807 | Rotation Strength: 0.46026018361556487
Target distance: 0.08836966298550859
Arrived to point
=========================================
Target: [1.09   0.6025] | Position: [1.15182968 0.54676893]
Target angle: 2.408024284365619 | Robot angle: 2.562387320743251 | Diff: -0.1543630363776316 | Rotation Strength: 0.49567651046270234
Target distance: 0.08323978576923609
Arrived to point
=========================================
Target: [1.08   0.6125] | Position: [1.14325426 0.55458881]
Target angle: 2.4002633004137897 | Robot angle: 2.554542432147981 | Diff: -0.1542791317341914 | Rotation Strength: 0.4955429823714278
Target distance: 0.08576017240017304
Arrived to point
=========================================
Target: [1.07   0.6175] | Position: [1.13780374 0.56046319]
Target angle: 2.4422270882176207 | Robot angle: 2.543045494950954 | Diff: -0.10081840673333353 | Rotation Strength: 0.41140260796589845
Target distance: 0.08860329929531419
Arrived to point
=========================================
Target: [1.06   0.6175] | Position: [1.13149321 0.56582689]
Target angle: 2.515748027516503 | Robot angle: 2.5414519038450285 | Diff: -0.025703876328525332 | Rotation Strength: 0.3023011111277074
Target distance: 0.08821218723603377
Arrived to point
=========================================
Target: [1.05   0.6225] | Position: [1.128342   0.56811933]
Target angle: 2.5348074098006386 | Robot angle: 2.5401133268877762 | Diff: -0.005305917087137679 | Rotation Strength: 0.27563428113437505
Target distance: 0.09536627496444701
Arrived to point
=========================================
Target: [1.045  0.6275] | Position: [1.12651543 0.56896194]
Target angle: 2.5188072642900767 | Robot angle: 2.5370798083743935 | Diff: -0.018272544084316777 | Rotation Strength: 0.29241714482806536
Target distance: 0.10035670826029125
Aligned, walking
=========================================
Target: [1.045  0.6275] | Position: [1.12605664 0.56819766]
Target angle: 2.5099614011105267 | Robot angle: 2.5404826883571303 | Diff: -0.030521287246603634 | Rotation Strength: 0.3088085268247993
Target distance: 0.10043379234289952
Aligned, walking
=========================================
Target: [1.045  0.6275] | Position: [1.12635092 0.56747427]
Target angle: 2.5059054282477256 | Robot angle: 2.542188992295051 | Diff: -0.036283564047325356 | Rotation Strength: 0.31669294343722454
Target distance: 0.10109926181617684
Aligned, walking
=========================================
Target: [1.045  0.6275] | Position: [1.12511136 0.56802261]
Target angle: 2.5029514499356207 | Robot angle: 2.542471673965623 | Diff: -0.039520224030002105 | Rotation Strength: 0.3211686287270398
Target distance: 0.09977670155000967
Arrived to point
=========================================
Target: [1.035  0.6275] | Position: [1.12413147 0.56964763]
Target angle: 2.56587302779557 | Robot angle: 2.5407741561129775 | Diff: 0.025098871682592616 | Rotation Strength: 0.30148937382883234
Target distance: 0.10626060305826356
Aligned, walking
=========================================
Target: [1.035  0.6275] | Position: [1.12171894 0.57102856]
Target angle: 2.5643737878977486 | Robot angle: 2.5409473494303914 | Diff: 0.023426438467357258 | Rotation Strength: 0.29925192606175177
Target distance: 0.10348524921206131
Aligned, walking
=========================================
Target: [1.035  0.6275] | Position: [1.11695358 0.57421848]
Target angle: 2.565117158291108 | Robot angle: 2.5417191312059293 | Diff: 0.023398027085178796 | Rotation Strength: 0.29921399844253727
Target distance: 0.0977512585746035
Arrived to point
=========================================
Target: [1.025  0.6325] | Position: [1.10987762 0.57943304]
Target angle: 2.582837074458018 | Robot angle: 2.5411879205738295 | Diff: 0.04164915388418855 | Rotation Strength: 0.32413061966548296
Target distance: 0.10010151148460411
Aligned, walking
=========================================
Target: [1.025  0.6325] | Position: [1.10181773 0.58588682]
Target angle: 2.596186428241924 | Robot angle: 2.539606285850458 | Diff: 0.056580142391466026 | Rotation Strength: 0.3452918355462815
Target distance: 0.08985406376280214
Arrived to point
=========================================
Target: [1.01   0.6325] | Position: [1.08906377 0.59521099]
Target angle: 2.7008958783447934 | Robot angle: 2.538381180749526 | Diff: 0.1625146975952676 | Rotation Strength: 0.5086493115719684
Target distance: 0.08741595963212694
Arrived to point
=========================================
Target: [1.     0.6375] | Position: [1.07675214 0.60444345]
Target angle: 2.7349105692808084 | Robot angle: 2.537994312697606 | Diff: 0.19691625658320255 | Rotation Strength: 0.5630643093209213
Target distance: 0.08356809619322411
Arrived to point
=========================================
Target: [0.995  0.6375] | Position: [1.06320191 0.61358993]
Target angle: 2.804403254475135 | Robot angle: 2.539014437621889 | Diff: 0.2653888168532461 | Rotation Strength: 0.6658596240659667
Target distance: 0.0722716558722741
Arrived to point
=========================================
Target: [0.98   0.6425] | Position: [1.05032863 0.62226708]
Target angle: 2.861466381724746 | Robot angle: 2.540778039746497 | Diff: 0.3206883419782489 | Rotation Strength: 0.7391519367121744
Target distance: 0.07318119144863806
Arrived to point
=========================================
Target: [0.975  0.6425] | Position: [1.03912441 0.62972028]
Target angle: 2.944874471115847 | Robot angle: 2.5422946564915723 | Diff: 0.40257981462427495 | Rotation Strength: 0.8267694769650648
Target distance: 0.06538548500971751
Arrived to point
=========================================
Target: [0.975  0.6475] | Position: [1.02833706 0.63693703]
Target angle: 2.9460805823539857 | Robot angle: 2.543142357331722 | Diff: 0.40293822502226373 | Rotation Strength: 0.8270960239665645
Target distance: 0.0543729560357046
Arrived to point
=========================================
Target: [0.975  0.6525] | Position: [1.01934087 0.6429875 ]
Target angle: 2.9302645961086595 | Robot angle: 2.543346152835931 | Diff: 0.3869184432727284 | Rotation Strength: 0.8120215137004954
Target distance: 0.0453497590746419
Arrived to point
=========================================
Target: [0.975  0.6725] | Position: [1.01515677 0.64576855]
Target angle: 2.5542752928542907 | Robot angle: 2.5433147690296565 | Diff: 0.010960523824634194 | Rotation Strength: 0.28287944680124466
Target distance: 0.04824039985441789
Arrived to point
=========================================
Target: [0.975  0.6975] | Position: [1.00881485 0.65054099]
Target angle: 2.1948805178962383 | Robot angle: 2.541159016620556 | Diff: -0.3462784987243177 | Rotation Strength: 0.7693203285434174
Target distance: 0.05786702828791334
Arrived to point
=========================================
Target: [0.975  0.7175] | Position: [1.00562576 0.6530793 ]
Target angle: 2.0145730295923627 | Robot angle: 2.5388535903796443 | Diff: -0.5242805607872816 | Rotation Strength: 0.9119494687188637
Target distance: 0.07132996337997613
Arrived to point
=========================================
Target: [0.99   0.7375] | Position: [1.00463533 0.65350916]
Target angle: 1.7433133723889576 | Robot angle: 2.5388329741819984 | Diff: -0.7955196017930408 | Rotation Strength: 0.9831172346953914
Target distance: 0.08525640568188793
Arrived to point
=========================================
Target: [1.     0.7575] | Position: [1.00550646 0.65290358]
Target angle: 1.62339255098955 | Robot angle: 2.5389872448041864 | Diff: -0.9155946938146364 | Rotation Strength: 0.992067767173311
Target distance: 0.1047412592785346
Aligned, walking
=========================================
Target: [1.     0.7575] | Position: [1.00610941 0.65248517]
Target angle: 1.6289074893942646 | Robot angle: 2.539065199731983 | Diff: -0.9101577103377183 | Rotation Strength: 0.9917906959662618
Target distance: 0.10519238840977954
Aligned, walking
=========================================
Target: [1.     0.7575] | Position: [1.00637816 0.65229783]
Target angle: 1.6313498522814553 | Robot angle: 2.539143142643967 | Diff: -0.9077932903625117 | Rotation Strength: 0.9916672292993552
Target distance: 0.10539534012950728
Aligned, walking
=========================================
Target: [1.     0.7575] | Position: [1.00637811 0.6522978 ]
Target angle: 1.631349337928036 | Robot angle: 2.5391464952880503 | Diff: -0.9077971573600143 | Rotation Strength: 0.9916674327242738
Target distance: 0.10539536374984199
Aligned, walking
=========================================
Target: [1.     0.7575] | Position: [1.00685987 0.65169785]
Target angle: 1.6355424464051236 | Robot angle: 2.538992459404265 | Diff: -0.9034500129991416 | Rotation Strength: 0.9914356127300743
Target distance: 0.10602429762094054
Aligned, walking
=========================================
Target: [1.     0.7575] | Position: [1.00591914 0.65239899]
Target angle: 1.6270555040873855 | Robot angle: 2.533950281779676 | Diff: -0.9068947776922904 | Rotation Strength: 0.9916198289371451
Target distance: 0.10526756034783855
Aligned, walking
=========================================
Target: [1.     0.7575] | Position: [1.00657582 0.65320558]
Target angle: 1.633763551500497 | Robot angle: 2.516372993609208 | Diff: -0.882609442108711 | Rotation Strength: 0.9902323743117967
Target distance: 0.10450152102628839
Aligned, walking
=========================================
Target: [1.     0.7575] | Position: [1.0069642  0.65246156]
Target angle: 1.637000847188789 | Robot angle: 2.4952701046972656 | Diff: -0.8582692575084767 | Rotation Strength: 0.9886139140209894
Target distance: 0.10526905277056016
Aligned, walking
=========================================
Target: [1.     0.7575] | Position: [1.00773565 0.65178454]
Target angle: 1.643840388384608 | Robot angle: 2.471652269485366 | Diff: -0.8278118811007582 | Rotation Strength: 0.9862112034144419
Target distance: 0.10599810599537193
Aligned, walking
=========================================
Target: [1.     0.7575] | Position: [1.00786102 0.65150868]
Target angle: 1.644827443015112 | Robot angle: 2.446644371490576 | Diff: -0.8018169284754642 | Rotation Strength: 0.9837699098922924
Target distance: 0.10628243425211428
Aligned, walking
=========================================
Target: [1.     0.7575] | Position: [1.00804679 0.65198027]
Target angle: 1.6469076793441397 | Robot angle: 2.421337446733716 | Diff: -0.7744297673895764 | Rotation Strength: 0.9807380361943236
Target distance: 0.1058261054538364
Aligned, walking
=========================================
Target: [1.     0.7575] | Position: [1.00843881 0.65304051]
Target angle: 1.6514067175581548 | Robot angle: 2.3956852684437253 | Diff: -0.7442785508855705 | Rotation Strength: 0.9767567849431844
Target distance: 0.10479980047517141
Aligned, walking
=========================================
Target: [1.     0.7575] | Position: [1.0083464  0.65346738]
Target angle: 1.6508535333753764 | Robot angle: 2.3707444536131543 | Diff: -0.7198909202377779 | Rotation Strength: 0.9729584797684097
Target distance: 0.10436689081216836
Aligned, walking
=========================================
Target: [1.     0.7575] | Position: [1.00846056 0.65379967]
Target angle: 1.6522026607935745 | Robot angle: 2.3465845477833858 | Diff: -0.6943818869898113 | Rotation Strength: 0.968341323693469
Target distance: 0.1040448949674125
Aligned, walking
=========================================
Target: [1.     0.7575] | Position: [1.00883556 0.65419734]
Target angle: 1.656119518179981 | Robot angle: 2.322216624356022 | Diff: -0.666097106176041 | Rotation Strength: 0.9623304522501275
Target distance: 0.10367983231420091
Aligned, walking
=========================================
Target: [1.     0.7575] | Position: [1.00860829 0.65451153]
Target angle: 1.6541874987072678 | Robot angle: 2.2987494716107415 | Diff: -0.6445619729034737 | Rotation Strength: 0.9570331426992703
Target distance: 0.10334760734936853
Aligned, walking
=========================================
Target: [1.     0.7575] | Position: [1.008223   0.65567983]
Target angle: 1.6513815025627894 | Robot angle: 2.275774405444066 | Diff: -0.6243929028812767 | Rotation Strength: 0.9514322466062695
Target distance: 0.10215167066499313
Aligned, walking
=========================================
Target: [1.     0.7575] | Position: [1.00804097 0.6563949 ]
Target angle: 1.6501601037811806 | Robot angle: 2.2510217609204 | Diff: -0.6008616571392196 | Rotation Strength: 0.9440227080782427
Target distance: 0.10142434513502889
Aligned, walking
=========================================
Target: [1.     0.7575] | Position: [1.00725698 0.65732131]
Target angle: 1.6431103908168332 | Robot angle: 2.2260273895218203 | Diff: -0.5829169987049871 | Rotation Strength: 0.937670563777062
Target distance: 0.10044119328128011
Aligned, walking
=========================================
Target: [1.     0.7575] | Position: [1.0066495  0.65869421]
Target angle: 1.6379936437288638 | Robot angle: 2.202123799068172 | Diff: -0.5641301553393081 | Rotation Strength: 0.9303037162426615
Target distance: 0.09902928564138742
Arrived to point
=========================================
Target: [1.01   0.7775] | Position: [1.00652817 0.65955326]
Target angle: 1.5413692687080207 | Robot angle: 2.1789208453739564 | Diff: -0.6375515766659356 | Rotation Strength: 0.9551600483366055
Target distance: 0.1179978270694956
Aligned, walking
=========================================
Target: [1.01   0.7775] | Position: [1.00692034 0.6611706 ]
Target angle: 1.5443289021619826 | Robot angle: 2.156348177364313 | Diff: -0.6120192752023303 | Rotation Strength: 0.9476600409504268
Target distance: 0.11637015530632817
Aligned, walking
=========================================
Target: [1.01   0.7775] | Position: [1.00720097 0.66279045]
Target angle: 1.546400162258733 | Robot angle: 2.1330554979891296 | Diff: -0.5866553357303967 | Rotation Strength: 0.9390470805388198
Target distance: 0.11474369553191731
Aligned, walking
=========================================
Target: [1.01   0.7775] | Position: [1.00639087 0.66408247]
Target angle: 1.5389854676001482 | Robot angle: 2.111253056655758 | Diff: -0.5722675890556097 | Rotation Strength: 0.933588691833932
Target distance: 0.11347493611484356
Aligned, walking
=========================================
Target: [1.01   0.7775] | Position: [1.00523231 0.6651928 ]
Target angle: 1.5283696108244946 | Robot angle: 2.0893628773391226 | Diff: -0.560993266514628 | Rotation Strength: 0.9289977042304296
Target distance: 0.11240835258247764
Aligned, walking
=========================================
Target: [1.01   0.7775] | Position: [1.00512881 0.66614118]
Target angle: 1.5270810019788446 | Robot angle: 2.066987040610419 | Diff: -0.5399060386315746 | Rotation Strength: 0.9196165584032623
Target distance: 0.1114653098914426
Aligned, walking
=========================================
Target: [1.01   0.7775] | Position: [1.00496969 0.66739123]
Target angle: 1.5251431289560724 | Robot angle: 2.0439181479584185 | Diff: -0.5187750190023461 | Rotation Strength: 0.9090941530122542
Target distance: 0.11022361961876774
Aligned, walking
=========================================
Target: [1.01   0.7775] | Position: [1.00499667 0.66896337]
Target angle: 1.5247308939458666 | Robot angle: 2.021058383399007 | Diff: -0.4963274894531402 | Rotation Strength: 0.8965734883046007
Target distance: 0.10865188588632987
Aligned, walking
=========================================
Target: [1.01   0.7775] | Position: [1.00480678 0.67082894]
Target angle: 1.5221502599716494 | Robot angle: 1.9981946604040672 | Diff: -0.4760444004324178 | Rotation Strength: 0.8839718904356921
Target distance: 0.10679740325049414
Aligned, walking
=========================================
Target: [1.01   0.7775] | Position: [1.00435449 0.67280504]
Target angle: 1.5169250774057055 | Robot angle: 1.9751212790015575 | Diff: -0.45819620159585206 | Rotation Strength: 0.8717999016781273
Target distance: 0.10484705893151013
Aligned, walking
=========================================
Target: [1.01   0.7775] | Position: [1.00386913 0.67470408]
Target angle: 1.5112257581216806 | Robot angle: 1.952285310603898 | Diff: -0.4410595524822174 | Rotation Strength: 0.8591045281061537
Target distance: 0.10297858301581249
Aligned, walking
=========================================
Target: [1.01   0.7775] | Position: [1.00325364 0.67733589]
Target angle: 1.5035448733666046 | Robot angle: 1.93005048105461 | Diff: -0.4265056076880054 | Rotation Strength: 0.8475119915711012
Target distance: 0.10039105100771042
Aligned, walking
=========================================
Target: [1.01   0.7775] | Position: [1.00206131 0.67986501]
Target angle: 1.4896649415710321 | Robot angle: 1.90857318693977 | Diff: -0.41890824536873783 | Rotation Strength: 0.8411557555400988
Target distance: 0.097957208719665
Arrived to point
=========================================
Target: [1.025  0.7975] | Position: [1.00150388 0.68246517]
Target angle: 1.3693154508867682 | Robot angle: 1.887206944545345 | Diff: -0.5178914936585768 | Rotation Strength: 0.9086282461087727
Target distance: 0.11740987451929737
Aligned, walking
=========================================
Target: [1.025  0.7975] | Position: [1.00129302 0.68586425]
Target angle: 1.3615448160925467 | Robot angle: 1.8647560833062382 | Diff: -0.5032112672136915 | Rotation Strength: 0.9005671709812387
Target distance: 0.1141252009234488
Aligned, walking
=========================================
Target: [1.025  0.7975] | Position: [1.0013321  0.68814847]
Target angle: 1.3576454755462102 | Robot angle: 1.8445815869089408 | Diff: -0.48693611136273063 | Rotation Strength: 0.8908965269836687
Target distance: 0.11188353655864061
Aligned, walking
=========================================
Target: [1.025  0.7975] | Position: [1.00092459 0.690714  ]
Target angle: 1.3490491215976732 | Robot angle: 1.824690288458637 | Diff: -0.4756411668609637 | Rotation Strength: 0.8837083383091244
Target distance: 0.10946632302267056
Aligned, walking
=========================================
Target: [1.025  0.7975] | Position: [1.00012544 0.693064  ]
Target angle: 1.336972956343752 | Robot angle: 1.8083190296925915 | Diff: -0.4713460733488395 | Rotation Strength: 0.8808686964084809
Target distance: 0.10735745119523804
Aligned, walking
=========================================
Target: [1.025  0.7975] | Position: [0.99945241 0.69494766]
Target angle: 1.3266483642729474 | Robot angle: 1.7908425265522432 | Diff: -0.4641941622792958 | Rotation Strength: 0.8760073095492374
Target distance: 0.10568661549409135
Aligned, walking
=========================================
Target: [1.025  0.7975] | Position: [0.99970408 0.69701079]
Target angle: 1.3241921904175058 | Robot angle: 1.766906361748453 | Diff: -0.44271417133094726 | Rotation Strength: 0.8603747436951721
Target distance: 0.10362414889980055
Aligned, walking
=========================================
Target: [1.025  0.7975] | Position: [0.99969629 0.698327  ]
Target angle: 1.320979143066082 | Robot angle: 1.7452597764967601 | Diff: -0.4242806334306781 | Rotation Strength: 0.8456723958075966
Target distance: 0.10235019005397646
Aligned, walking
=========================================
Target: [1.025  0.7975] | Position: [0.99957635 0.69981123]
Target angle: 1.3161926739637373 | Robot angle: 1.7234964782832618 | Diff: -0.4073038043195245 | Rotation Strength: 0.8310344710371597
Target distance: 0.10094283959875133
Aligned, walking
=========================================
Target: [1.025  0.7975] | Position: [0.99922031 0.70260499]
Target angle: 1.3055328950454061 | Robot angle: 1.7013875727124752 | Diff: -0.39585467766706905 | Rotation Strength: 0.8205516076945776
Target distance: 0.09833440566601236
Arrived to point
=========================================
Target: [1.04   0.8225] | Position: [0.99931486 0.70534245]
Target angle: 1.2365569012320474 | Robot angle: 1.6843934704760963 | Diff: -0.4478365692440489 | Rotation Strength: 0.864246366230234
Target distance: 0.12402084843846511
Aligned, walking
=========================================
Target: [1.04   0.8225] | Position: [0.99961377 0.71017458]
Target angle: 1.2256420824216772 | Robot angle: 1.6601104888539355 | Diff: -0.43446840643225837 | Rotation Strength: 0.8539485239156327
Target distance: 0.11936518303792935
Aligned, walking
=========================================
Target: [1.04   0.8225] | Position: [0.99941203 0.71651311]
Target angle: 1.2050716765831249 | Robot angle: 1.6234336048366629 | Diff: -0.418361928253538 | Rotation Strength: 0.8406905038029275
Target distance: 0.11349275268842351
Aligned, walking
=========================================
Target: [1.04   0.8225] | Position: [0.99835808 0.71935187]
Target angle: 1.1870958887386447 | Robot angle: 1.6057626156265892 | Diff: -0.4186667268879445 | Rotation Strength: 0.8409502108903412
Target distance: 0.1112366236159418
Aligned, walking
=========================================
Target: [1.04   0.8225] | Position: [0.99825756 0.72290923]
Target angle: 1.173899876999231 | Robot angle: 1.587468318445171 | Diff: -0.41356844144593996 | Rotation Strength: 0.8365608443904087
Target distance: 0.10798496593361742
Aligned, walking
=========================================
Target: [1.04   0.8225] | Position: [0.99865357 0.72684816]
Target angle: 1.1627927612991948 | Robot angle: 1.5684340368553196 | Diff: -0.4056412755561247 | Rotation Strength: 0.8295430966949267
Target distance: 0.10420557406916171
Aligned, walking
=========================================
Target: [1.04   0.8225] | Position: [0.99927729 0.73101646]
Target angle: 1.1519938478179101 | Robot angle: 1.5474368526283557 | Diff: -0.3954430048104456 | Rotation Strength: 0.8201653807367838
Target distance: 0.10013778966879573
Aligned, walking
=========================================
Target: [1.04   0.8225] | Position: [0.99929549 0.73585415]
Target angle: 1.1316154891915327 | Robot angle: 1.5266523054295043 | Diff: -0.3950368162379716 | Rotation Strength: 0.8197836632813034
Target distance: 0.09573066697915811
Arrived to point
=========================================
Target: [1.05   0.8425] | Position: [0.99898372 0.73913186]
Target angle: 1.1123303044252255 | Robot angle: 1.5086121429629005 | Diff: -0.39628183853767496 | Rotation Strength: 0.8209516798990902
Target distance: 0.11527199777541586
Aligned, walking
=========================================
Target: [1.05   0.8425] | Position: [0.9992607  0.74266724]
Target angle: 1.100576096282742 | Robot angle: 1.4872065563200412 | Diff: -0.3866304600372992 | Rotation Strength: 0.81174150508153
Target distance: 0.111986863802874
Aligned, walking
=========================================
Target: [1.05   0.8425] | Position: [1.00015384 0.74642646]
Target angle: 1.092195765392562 | Robot angle: 1.4655805933413077 | Diff: -0.3733848279487457 | Rotation Strength: 0.7985154546665146
Target distance: 0.1082347621312808
Aligned, walking
=========================================
Target: [1.05   0.8425] | Position: [1.00166851 0.74962873]
Target angle: 1.0909513701178133 | Robot angle: 1.4463297300155364 | Diff: -0.35537835989772315 | Rotation Strength: 0.7794405087637102
Target distance: 0.10469482127272511
Aligned, walking
=========================================
Target: [1.05   0.8425] | Position: [1.00187487 0.75330388]
Target angle: 1.0760170861260576 | Robot angle: 1.4277570155086945 | Diff: -0.3517399293826369 | Rotation Strength: 0.7754327315488256
Target distance: 0.10135075218149632
Aligned, walking
=========================================
Target: [1.05   0.8425] | Position: [1.00237497 0.75777692]
Target angle: 1.0586911919883102 | Robot angle: 1.4060702420290312 | Diff: -0.347379050040721 | Rotation Strength: 0.7705613704930596
Target distance: 0.0971912747300771
Arrived to point
=========================================
Target: [1.065  0.8575] | Position: [1.00365187 0.76188736]
Target angle: 1.0003262133092932 | Robot angle: 1.3839963188941038 | Diff: -0.38367010558481063 | Rotation Strength: 0.8088445463512127
Target distance: 0.11360180968058133
Aligned, walking
=========================================
Target: [1.065  0.8575] | Position: [1.00544565 0.76635307]
Target angle: 0.9920427639879623 | Robot angle: 1.3635176288880277 | Diff: -0.3714748649000654 | Rotation Strength: 0.7965520762412989
Target distance: 0.10887829240252277
Aligned, walking
=========================================
Target: [1.065  0.8575] | Position: [1.00624123 0.77028782]
Target angle: 0.9779093226012217 | Robot angle: 1.3466919577734222 | Diff: -0.36878263517220056 | Rotation Strength: 0.7937604196089205
Target distance: 0.1051596787307454
Aligned, walking
=========================================
Target: [1.065  0.8575] | Position: [1.00713964 0.77549124]
Target angle: 0.9563627578678124 | Robot angle: 1.329639379985946 | Diff: -0.3732766221181336 | Rotation Strength: 0.7984046022538052
Target distance: 0.1003656249935381
Aligned, walking
=========================================
Target: [1.065  0.8575] | Position: [1.00826744 0.78033061]
Target angle: 0.9368547376529586 | Robot angle: 1.3123763195836293 | Diff: -0.37552158193067076 | Rotation Strength: 0.8006951363259627
Target distance: 0.09577942329470075
Arrived to point
=========================================
Target: [1.075  0.8725] | Position: [1.0100575  0.78444609]
Target angle: 0.935323155333311 | Robot angle: 1.2919500038315235 | Diff: -0.35662684849821247 | Rotation Strength: 0.7808038596245935
Target distance: 0.10941215965684432
Aligned, walking
=========================================
Target: [1.075  0.8725] | Position: [1.0124737  0.78836165]
Target angle: 0.931702223174943 | Robot angle: 1.2704435698485455 | Diff: -0.33874134667360245 | Rotation Strength: 0.7606951438084653
Target distance: 0.10482747742263981
Aligned, walking
=========================================
Target: [1.075  0.8725] | Position: [1.01395267 0.79184638]
Target angle: 0.9228890688228644 | Robot angle: 1.2515132098971824 | Diff: -0.32862414107431803 | Rotation Strength: 0.7487743741416533
Target distance: 0.10115227149439361
Aligned, walking
=========================================
Target: [1.075  0.8725] | Position: [1.01495003 0.7948834 ]
Target angle: 0.9123150090024552 | Robot angle: 1.2325248262485715 | Diff: -0.3202098172461163 | Rotation Strength: 0.7385641469313072
Target distance: 0.09813427624235134
Arrived to point
=========================================
Target: [1.095  0.8925] | Position: [1.01712154 0.79875737]
Target angle: 0.8775733783543478 | Robot angle: 1.211799418428508 | Diff: -0.3342260400741601 | Rotation Strength: 0.7554232560786205
Target distance: 0.1218717997746292
Aligned, walking
=========================================
Target: [1.095  0.8925] | Position: [1.01945054 0.8045571 ]
Target angle: 0.8610578746150459 | Robot angle: 1.1940370736954842 | Diff: -0.33297919908043827 | Rotation Strength: 0.7539537349746991
Target distance: 0.11593823050310129
Aligned, walking
=========================================
Target: [1.095  0.8925] | Position: [1.02157921 0.80999957]
Target angle: 0.8435646970835622 | Robot angle: 1.1780733380339043 | Diff: -0.33450864095034216 | Rotation Strength: 0.7557555018742049
Target distance: 0.11043972955359092
Aligned, walking
=========================================
Target: [1.095  0.8925] | Position: [1.0240253  0.81453754]
Target angle: 0.8322813043482857 | Robot angle: 1.1610956472933989 | Diff: -0.32881434294511314 | Rotation Strength: 0.7490020824937147
Target distance: 0.10543031855128146
Aligned, walking
=========================================
Target: [1.095  0.8925] | Position: [1.02644171 0.81902524]
Target angle: 0.8199993298254462 | Robot angle: 1.1437928110880708 | Diff: -0.32379348126262464 | Rotation Strength: 0.7429452626676964
Target distance: 0.10049268934852626
Aligned, walking
=========================================
Target: [1.095  0.8925] | Position: [1.02832161 0.82318505]
Target angle: 0.8047831362457591 | Robot angle: 1.1262448847085622 | Diff: -0.32146174846280307 | Rotation Strength: 0.7401001309448973
Target distance: 0.09617988057130916
Arrived to point
=========================================
Target: [1.115  0.9075] | Position: [1.0308549 0.8283229]
Target angle: 0.7549891635387165 | Robot angle: 1.106544945469163 | Diff: -0.35155578193044645 | Rotation Strength: 0.7752285217266128
Target distance: 0.11553964885873982
Aligned, walking
=========================================
Target: [1.115  0.9075] | Position: [1.03412433 0.83425007]
Target angle: 0.7359610022958076 | Robot angle: 1.0874964009232384 | Diff: -0.3515353986274308 | Rotation Strength: 0.7752059096140581
Target distance: 0.10911657419928208
Aligned, walking
=========================================
Target: [1.115  0.9075] | Position: [1.03682569 0.83909042]
Target angle: 0.7188811283910006 | Robot angle: 1.0702445311183535 | Diff: -0.3513634027273529 | Rotation Strength: 0.7750150425344188
Target distance: 0.10388019176864548
Aligned, walking
=========================================
Target: [1.115  0.9075] | Position: [1.03959178 0.84362401]
Target angle: 0.7027902160643866 | Robot angle: 1.0548572599362487 | Diff: -0.35206704387186205 | Rotation Strength: 0.7757951591801049
Target distance: 0.09882581255543937
Arrived to point
=========================================
Target: [1.125  0.9225] | Position: [1.04243009 0.84743256]
Target angle: 0.7378408312189997 | Robot angle: 1.0400377098369846 | Diff: -0.30219687861798494 | Rotation Strength: 0.7158249191719444
Target distance: 0.11159261223452255
Aligned, walking
=========================================
Target: [1.125  0.9225] | Position: [1.04524891 0.85139295]
Target angle: 0.7281615957105885 | Robot angle: 1.021882458508932 | Diff: -0.2937208627983434 | Rotation Strength: 0.7047217866683423
Target distance: 0.10684778241184764
Aligned, walking
=========================================
Target: [1.125  0.9225] | Position: [1.04824217 0.85458537]
Target angle: 0.7243484715931872 | Robot angle: 0.999750636621779 | Diff: -0.2754021650285918 | Rotation Strength: 0.679889630545095
Target distance: 0.10248980897572191
Aligned, walking
=========================================
Target: [1.125  0.9225] | Position: [1.05034004 0.8577533 ]
Target angle: 0.714407289066866 | Robot angle: 0.9813038219116859 | Diff: -0.26689653284481984 | Rotation Strength: 0.6679917710020096
Target distance: 0.09882431386448862
Arrived to point
=========================================
Target: [1.145  0.9425] | Position: [1.05324383 0.86191467]
Target angle: 0.720670642612999 | Robot angle: 0.964499986797076 | Diff: -0.2438293441840771 | Rotation Strength: 0.6346611176737252
Target distance: 0.12211957023718707
Aligned, walking
=========================================
Target: [1.145  0.9425] | Position: [1.05721077 0.86581506]
Target angle: 0.7179865843345818 | Robot angle: 0.9467259660153351 | Diff: -0.22873938168075325 | Rotation Strength: 0.6121123553925898
Target distance: 0.11656555304291732
Aligned, walking
=========================================
Target: [1.145  0.9425] | Position: [1.06184953 0.87130864]
Target angle: 0.7080680591162203 | Robot angle: 0.9301296694285277 | Diff: -0.22206161031230742 | Rotation Strength: 0.601971889796492
Target distance: 0.1094632844251477
Aligned, walking
=========================================
Target: [1.145  0.9425] | Position: [1.06619445 0.8755381 ]
Target angle: 0.7043259561761537 | Robot angle: 0.9144026064544377 | Diff: -0.21007665027828404 | Rotation Strength: 0.5835562604874853
Target distance: 0.10341281541645574
Aligned, walking
=========================================
Target: [1.145  0.9425] | Position: [1.07078322 0.8817557 ]
Target angle: 0.6859028380416912 | Robot angle: 0.8993616004932345 | Diff: -0.21345876245154338 | Rotation Strength: 0.5887791378804865
Target distance: 0.0959062011606172
Arrived to point
=========================================
Target: [1.165  0.9675] | Position: [1.07568198 0.88844596]
Target angle: 0.7245133660632739 | Robot angle: 0.884910083445396 | Diff: -0.16039671738212213 | Rotation Strength: 0.5052791080931697
Target distance: 0.11927803260269292
Aligned, walking
=========================================
Target: [1.165  0.9675] | Position: [1.0817958  0.89569162]
Target angle: 0.7120147056606942 | Robot angle: 0.8710437176950245 | Diff: -0.15902901203433029 | Rotation Strength: 0.5031024937846503
Target distance: 0.10990623982019133
Aligned, walking
=========================================
Target: [1.165  0.9675] | Position: [1.08856907 0.90320482]
Target angle: 0.6993743537842665 | Robot angle: 0.85714655777881 | Diff: -0.1577722039945435 | Rotation Strength: 0.5011022596967134
Target distance: 0.099877713644473
Arrived to point
=========================================
Target: [1.19   0.9875] | Position: [1.09506436 0.90958508]
Target angle: 0.6872438580670273 | Robot angle: 0.8426434250718184 | Diff: -0.15539956700479118 | Rotation Strength: 0.49732611792170933
Target distance: 0.12281494760072195
Aligned, walking
=========================================
Target: [1.19   0.9875] | Position: [1.10160385 0.9153128 ]
Target angle: 0.6848009288549854 | Robot angle: 0.8294937758255863 | Diff: -0.1446928469706008 | Rotation Strength: 0.48029602776717695
Target distance: 0.1141265577635061
Aligned, walking
=========================================
Target: [1.19   0.9875] | Position: [1.10919354 0.92296564]
Target angle: 0.6739042285612244 | Robot angle: 0.8166838957733722 | Diff: -0.14277966721214774 | Rotation Strength: 0.4772566033290946
Target distance: 0.10341357931636837
Aligned, walking
=========================================
Target: [1.19   0.9875] | Position: [1.11590148 0.92939966]
Target angle: 0.6649677293684761 | Robot angle: 0.8058732180144488 | Diff: -0.14090548864597263 | Rotation Strength: 0.4742807699810683
Target distance: 0.09416071804021592
Arrived to point
=========================================
Target: [1.21   1.0075] | Position: [1.12264451 0.9376123 ]
Target angle: 0.6747640100963981 | Robot angle: 0.7979538769199364 | Diff: -0.12318986682353827 | Rotation Strength: 0.44627101392024837
Target distance: 0.11187167512792154
Aligned, walking
=========================================
Target: [1.21   1.0075] | Position: [1.13068492 0.94541455]
Target angle: 0.6641460600152711 | Robot angle: 0.7852610819493018 | Diff: -0.12111502193403068 | Rotation Strength: 0.44300928941078943
Target distance: 0.10072479841918959
Aligned, walking
=========================================
Target: [1.21   1.0075] | Position: [1.13913291 0.95318787]
Target angle: 0.6539111219291653 | Robot angle: 0.7741865456589174 | Diff: -0.12027542372975208 | Rotation Strength: 0.4416907925452609
Target distance: 0.08928578394656639
Arrived to point
=========================================
Target: [1.26   1.0325] | Position: [1.14842807 0.96025089]
Target angle: 0.5746554397798027 | Robot angle: 0.7633480241908823 | Diff: -0.1886925844110796 | Rotation Strength: 0.550144438238967
Target distance: 0.13292189513118702
Aligned, walking
=========================================
Target: [1.26   1.0325] | Position: [1.15851786 0.96935858]
Target angle: 0.5565778193766926 | Robot angle: 0.7510799261845631 | Diff: -0.1945021068078705 | Rotation Strength: 0.5592796008336128
Target distance: 0.11952180919261926
Aligned, walking
=========================================
Target: [1.26   1.0325] | Position: [1.16700978 0.97684266]
Target angle: 0.539337129395209 | Robot angle: 0.7399261184503123 | Diff: -0.20058898905510336 | Rotation Strength: 0.5688079237166233
Target distance: 0.10837398691901098
Aligned, walking
=========================================
Target: [1.26   1.0325] | Position: [1.17599672 0.98399331]
Target angle: 0.5236645891128302 | Robot angle: 0.7294409169848071 | Diff: -0.20577632787197686 | Rotation Strength: 0.5768883830436288
Target distance: 0.09700232151254777
Arrived to point
=========================================
Target: [1.29   1.0625] | Position: [1.1838918  0.99126548]
Target angle: 0.5912299424995888 | Robot angle: 0.7194491194175328 | Diff: -0.12821917691794393 | Rotation Strength: 0.45419593708897443
Target distance: 0.12780182958911981
Aligned, walking
=========================================
Target: [1.29   1.0625] | Position: [1.19243252 0.99764796]
Target angle: 0.5866322981804277 | Robot angle: 0.7036617865680359 | Diff: -0.11702948838760818 | Rotation Strength: 0.4366012972773069
Target distance: 0.11715459987011859
Aligned, walking
=========================================
Target: [1.29   1.0625] | Position: [1.20125851 1.00318503]
Target angle: 0.5892028903523223 | Robot angle: 0.6893405225555549 | Diff: -0.10013763220323257 | Rotation Strength: 0.4103535454012309
Target distance: 0.10673948433220377
Aligned, walking
=========================================
Target: [1.29   1.0625] | Position: [1.20843511 1.00845446]
Target angle: 0.5851874510566004 | Robot angle: 0.6742608379048254 | Diff: -0.08907338684822497 | Rotation Strength: 0.3934242175395827
Target distance: 0.09784554908442693
Arrived to point
=========================================
Target: [1.31   1.0775] | Position: [1.21563524 1.01428494]
Target angle: 0.5902384845234137 | Robot angle: 0.6637243534565216 | Diff: -0.07348586893310793 | Rotation Strength: 0.37000988006124835
Target distance: 0.11358191187347796
Aligned, walking
=========================================
Target: [1.31   1.0775] | Position: [1.22234752 1.01995292]
Target angle: 0.580956805111565 | Robot angle: 0.6515386622592709 | Diff: -0.07058185714770593 | Rotation Strength: 0.3657108470973053
Target distance: 0.10485524773900685
Aligned, walking
=========================================
Target: [1.31   1.0775] | Position: [1.23043902 1.0251626 ]
Target angle: 0.5818581939165051 | Robot angle: 0.6414942349270536 | Diff: -0.059636041010548535 | Rotation Strength: 0.34970295163542753
Target distance: 0.09523210094691506
Arrived to point
=========================================
Target: [1.33   1.0875] | Position: [1.24075684 1.03135351]
Target angle: 0.5615712484402935 | Robot angle: 0.6331929524330158 | Diff: -0.07162170399272227 | Rotation Strength: 0.3672477955066934
Target distance: 0.10543609235042845
Aligned, walking
=========================================
Target: [1.33   1.0875] | Position: [1.25214828 1.03744084]
Target angle: 0.5714431685070043 | Robot angle: 0.6234454585091069 | Diff: -0.05200229000210266 | Rotation Strength: 0.33873352986253913
Target distance: 0.09255706500362881
Arrived to point
=========================================
Target: [1.35   1.0975] | Position: [1.26357268 1.0442722 ]
Target angle: 0.5520053620885932 | Robot angle: 0.6131337114766069 | Diff: -0.0611283493880137 | Rotation Strength: 0.351866502299093
Target distance: 0.1015031099664459
Aligned, walking
=========================================
Target: [1.35   1.0975] | Position: [1.2729485  1.05098966]
Target angle: 0.5430818752421027 | Robot angle: 0.6129735355118062 | Diff: -0.0698916602697035 | Rotation Strength: 0.3646922056138773
Target distance: 0.09000080933904274
Arrived to point
=========================================
Target: [1.37   1.1175] | Position: [1.28361149 1.05953544]
Target angle: 0.590979628011481 | Robot angle: 0.6144248988173979 | Diff: -0.023445270805916962 | Rotation Strength: 0.2992770677070644
Target distance: 0.10403300294233322
Aligned, walking
=========================================
Target: [1.37   1.1175] | Position: [1.29417963 1.06790891]
Target angle: 0.5792242447155291 | Robot angle: 0.6182865010066454 | Diff: -0.03906225629111626 | Rotation Strength: 0.32053332215605457
Target distance: 0.09059804305275082
Arrived to point
=========================================
Target: [1.38   1.1275] | Position: [1.30571035 1.07541395]
Target angle: 0.6114780988760367 | Robot angle: 0.6181830334101623 | Diff: -0.006704934534125684 | Rotation Strength: 0.27741608629904235
Target distance: 0.09072986282339558
Arrived to point
=========================================
Target: [1.4    1.1375] | Position: [1.31711293 1.08289814]
Target angle: 0.5825018137315774 | Robot angle: 0.6181459855128884 | Diff: -0.03564417178131096 | Rotation Strength: 0.31581275174232726
Target distance: 0.09925538082245575
Arrived to point
=========================================
Target: [1.42   1.1425] | Position: [1.32696342 1.08998079]
Target angle: 0.5139079828108088 | Robot angle: 0.6183512971338541 | Diff: -0.10444331432304521 | Rotation Strength: 0.4170018851928743
Target distance: 0.10683666303373172
Aligned, walking
=========================================
Target: [1.42   1.1425] | Position: [1.33535052 1.09627292]
Target angle: 0.49984399562536685 | Robot angle: 0.6188255772919291 | Diff: -0.11898158166656225 | Rotation Strength: 0.4396605705141917
Target distance: 0.09644935343603181
Arrived to point
=========================================
Target: [1.445  1.1625] | Position: [1.34229122 1.10083703]
Target angle: 0.5406894174119237 | Robot angle: 0.6166214503275431 | Diff: -0.07593203291561945 | Rotation Strength: 0.3736472208341022
Target distance: 0.11979739085724679
Aligned, walking
=========================================
Target: [1.445  1.1625] | Position: [1.34865404 1.10558619]
Target angle: 0.5335705664844017 | Robot angle: 0.6170839966157802 | Diff: -0.08351343013137846 | Rotation Strength: 0.38500993094011915
Target distance: 0.11190051547748502
Aligned, walking
=========================================
Target: [1.445  1.1625] | Position: [1.35258495 1.10825218]
Target angle: 0.5308073496973691 | Robot angle: 0.6167267447406948 | Diff: -0.08591939504332569 | Rotation Strength: 0.38864294043104486
Target distance: 0.10716047096260052
Aligned, walking
=========================================
Target: [1.445  1.1625] | Position: [1.35629782 1.10986207]
Target angle: 0.5355695888160641 | Robot angle: 0.6129006173186458 | Diff: -0.07733102850258167 | Rotation Strength: 0.3757339369011349
Target distance: 0.10314469303028244
Aligned, walking
=========================================
Target: [1.445  1.1625] | Position: [1.35599312 1.11180757]
Target angle: 0.5177165633321419 | Robot angle: 0.6183408877065393 | Diff: -0.10062432437439739 | Rotation Strength: 0.4111034476624801
Target distance: 0.10243020596121752
Aligned, walking
=========================================
Target: [1.445  1.1625] | Position: [1.35761239 1.11300206]
Target angle: 0.5153610349257498 | Robot angle: 0.6186740111241722 | Diff: -0.10331297619842239 | Rotation Strength: 0.4152535186405948
Target distance: 0.10043226740873937
Aligned, walking
=========================================
Target: [1.445  1.1625] | Position: [1.36150879 1.11552632]
Target angle: 0.5124793474587452 | Robot angle: 0.6196309585774982 | Diff: -0.10715161111875293 | Rotation Strength: 0.42119940449045357
Target distance: 0.09579827061140204
Arrived to point
=========================================
Target: [1.455  1.1725] | Position: [1.36318894 1.11647838]
Target angle: 0.5478739240581856 | Robot angle: 0.6188330626220209 | Diff: -0.07095913856383529 | Rotation Strength: 0.3662681747026265
Target distance: 0.10755321094285508
Aligned, walking
=========================================
Target: [1.455  1.1725] | Position: [1.37234824 1.12241753]
Target angle: 0.5447797370287848 | Robot angle: 0.617831554494682 | Diff: -0.07305181746589717 | Rotation Strength: 0.36936598934149245
Target distance: 0.09664143723116984
Arrived to point
=========================================
Target: [1.475  1.1875] | Position: [1.38225459 1.12881809]
Target angle: 0.564131780856246 | Robot angle: 0.6112467829855177 | Diff: -0.047115002129271666 | Rotation Strength: 0.3317996832830512
Target distance: 0.10975098509774175
Aligned, walking
=========================================
Target: [1.475  1.1875] | Position: [1.39201265 1.13569536]
Target angle: 0.5580579649069293 | Robot angle: 0.595359007333288 | Diff: -0.03730104242635868 | Rotation Strength: 0.31809631947596595
Target distance: 0.09782955310996598
Arrived to point
=========================================
Target: [1.49   1.1925] | Position: [1.4029475  1.14189985]
Target angle: 0.5265261718826477 | Robot angle: 0.5908387544530811 | Diff: -0.06431258257043337 | Rotation Strength: 0.3565033043835436
Target distance: 0.10069018279823089
Aligned, walking
=========================================
Target: [1.49   1.1925] | Position: [1.41493858 1.14997092]
Target angle: 0.5154913146944038 | Robot angle: 0.5821745712643289 | Diff: -0.06668325656992513 | Rotation Strength: 0.35997303006830594
Target distance: 0.08627247228539923
Arrived to point
=========================================
Target: [1.525  1.2075] | Position: [1.42675498 1.15817318]
Target angle: 0.46530990296293995 | Robot angle: 0.5773679051461396 | Diff: -0.11205800218319961 | Rotation Strength: 0.42883238004813373
Target distance: 0.10993279796661623
Aligned, walking
=========================================
Target: [1.525  1.2075] | Position: [1.43817723 1.16493379]
Target angle: 0.4558297085527996 | Robot angle: 0.572076572918558 | Diff: -0.11624686436575837 | Rotation Strength: 0.43537612798614167
Target distance: 0.09669578953711394
Arrived to point
=========================================
Target: [1.55   1.2175] | Position: [1.44828653 1.1711948 ]
Target angle: 0.42721244679710324 | Robot angle: 0.5713692321677097 | Diff: -0.1441567853706065 | Rotation Strength: 0.4794442422951266
Target distance: 0.11175778022794605
Aligned, walking
=========================================
Target: [1.55   1.2175] | Position: [1.45741098 1.1771786 ]
Target angle: 0.4107203353020714 | Robot angle: 0.5719805693934399 | Diff: -0.16126023409136847 | Rotation Strength: 0.5066532410764918
Target distance: 0.10098783241200868
Aligned, walking
=========================================
Target: [1.55   1.2175] | Position: [1.46583507 1.18146024]
Target angle: 0.4045813656566333 | Robot angle: 0.5687262798597117 | Diff: -0.16414491420307842 | Rotation Strength: 0.5112428493933161
Target distance: 0.0915565402990571
Arrived to point
=========================================
Target: [1.57   1.2325] | Position: [1.47772257 1.18887789]
Target angle: 0.4415928193217482 | Robot angle: 0.564986733746689 | Diff: -0.12339391442494074 | Rotation Strength: 0.4465920381450593
Target distance: 0.10206867083875837
Aligned, walking
=========================================
Target: [1.57   1.2325] | Position: [1.48452337 1.19404559]
Target angle: 0.4227559640999057 | Robot angle: 0.5659605683701754 | Diff: -0.1432046042702697 | Rotation Strength: 0.477931553462962
Target distance: 0.09372830638028158
Arrived to point
=========================================
Target: [1.59   1.2375] | Position: [1.49120458 1.19771369]
Target angle: 0.3828439497744842 | Robot angle: 0.5594693769475922 | Diff: -0.17662542717310803 | Rotation Strength: 0.531068021840704
Target distance: 0.10650580112953711
Aligned, walking
=========================================
Target: [1.59   1.2375] | Position: [1.49955076 1.20165738]
Target angle: 0.3772896081789665 | Robot angle: 0.5530780092909198 | Diff: -0.17578840111195326 | Rotation Strength: 0.5297407802560419
Target distance: 0.09729212622835882
Arrived to point
=========================================
Target: [1.605  1.2525] | Position: [1.50643356 1.20519792]
Target angle: 0.44743906007700085 | Robot angle: 0.5461414839121876 | Diff: -0.09870242383518679 | Rotation Strength: 0.4081445929591043
Target distance: 0.1093289968083238
Aligned, walking
=========================================
Target: [1.605  1.2525] | Position: [1.51345914 1.20942449]
Target angle: 0.43981980387774033 | Robot angle: 0.5367503430152905 | Diff: -0.09693053913755012 | Rotation Strength: 0.4054225756135087
Target distance: 0.10116930828992864
Aligned, walking
=========================================
Target: [1.605  1.2525] | Position: [1.51620699 1.21056223]
Target angle: 0.4412506926452804 | Robot angle: 0.5273236577544407 | Diff: -0.0860729651091603 | Rotation Strength: 0.3888752567177791
Target distance: 0.09819864938693153
Arrived to point
=========================================
Target: [1.615  1.2575] | Position: [1.51999674 1.21235558]
Target angle: 0.4436017777288028 | Robot angle: 0.5244582425620545 | Diff: -0.0808564648332517 | Rotation Strength: 0.3810127683877519
Target distance: 0.10518382542521572
Aligned, walking
=========================================
Target: [1.615  1.2575] | Position: [1.52258943 1.21286679]
Target angle: 0.4499457314888047 | Robot angle: 0.5199057823102362 | Diff: -0.06996005082143153 | Rotation Strength: 0.36479308733292715
Target distance: 0.10262473430269153
Aligned, walking
=========================================
Target: [1.615  1.2575] | Position: [1.52580832 1.21417886]
Target angle: 0.45214902537601454 | Robot angle: 0.517324859071322 | Diff: -0.06517583369530744 | Rotation Strength: 0.3577650409350017
Target distance: 0.09915582123542659
Arrived to point
=========================================
Target: [1.635  1.2725] | Position: [1.52912537 1.2156941 ]
Target angle: 0.4924499915263918 | Robot angle: 0.5152002494966221 | Diff: -0.022750257970230336 | Rotation Strength: 0.2983500106201348
Target distance: 0.12015134874105536
Aligned, walking
=========================================
Target: [1.635  1.2725] | Position: [1.532574   1.21768724]
Target angle: 0.4913667242477535 | Robot angle: 0.5150644249740406 | Diff: -0.023697700726287074 | Rotation Strength: 0.29961418477540347
Target distance: 0.1161702394063456
Aligned, walking
=========================================
Target: [1.635  1.2725] | Position: [1.53764361 1.22054186]
Target angle: 0.49023506308907683 | Robot angle: 0.5148970945040197 | Diff: -0.02466203141494283 | Rotation Strength: 0.300904034312763
Target distance: 0.11035359098982128
Aligned, walking
=========================================
Target: [1.635  1.2725] | Position: [1.5441064 1.2241839]
Target angle: 0.48858171094117697 | Robot angle: 0.514559047378349 | Diff: -0.02597733643717204 | Rotation Strength: 0.302668419873097
Target distance: 0.10293732413231513
Aligned, walking
=========================================
Target: [1.635  1.2725] | Position: [1.55205903 1.22872198]
Target angle: 0.48565626419924524 | Robot angle: 0.514454333942842 | Diff: -0.028798069743596777 | Rotation Strength: 0.3064718772948024
Target distance: 0.09378549792416627
Arrived to point
=========================================
Target: [1.65   1.2875] | Position: [1.56014676 1.2336892 ]
Target angle: 0.5395913870967304 | Robot angle: 0.5157732720332868 | Diff: 0.023818115063443557 | Rotation Strength: 0.2997750731749036
Target distance: 0.10473397735454533
Aligned, walking
=========================================
Target: [1.65   1.2875] | Position: [1.57141535 1.24066214]
Target angle: 0.5374863331893658 | Robot angle: 0.5171941489119325 | Diff: 0.02029218427743329 | Rotation Strength: 0.2950845496782363
Target distance: 0.09148405725400156
Arrived to point
=========================================
Target: [1.68   1.3025] | Position: [1.5850258  1.24769422]
Target angle: 0.523380847416981 | Robot angle: 0.5153561976769461 | Diff: 0.008024649740034917 | Rotation Strength: 0.2791033797787703
Target distance: 0.10965296196701518
Aligned, walking
=========================================
Target: [1.68   1.3025] | Position: [1.5978627  1.25405832]
Target angle: 0.5328595598936992 | Robot angle: 0.513964101751216 | Diff: 0.018895458142483168 | Rotation Strength: 0.2932383382713952
Target distance: 0.09535791813578592
Arrived to point
=========================================
Target: [1.7    1.3175] | Position: [1.6110111  1.26183953]
Target angle: 0.5589419164114489 | Robot angle: 0.5140115122692763 | Diff: 0.04493040414217253 | Rotation Strength: 0.3287234974236003
Target distance: 0.10496242717107605
Aligned, walking
=========================================
Target: [1.7    1.3175] | Position: [1.62117479 1.26972964]
Target angle: 0.5448408051995997 | Robot angle: 0.5180685584303766 | Diff: 0.026772246769223074 | Rotation Strength: 0.3037375675252645
Target distance: 0.09217061041986939
Arrived to point
=========================================
Target: [1.72   1.3325] | Position: [1.63371326 1.27894359]
Target angle: 0.5554864452372228 | Robot angle: 0.5206559765511329 | Diff: 0.034830468686089855 | Rotation Strength: 0.3146945102979084
Target distance: 0.1015563408183341
Aligned, walking
=========================================
Target: [1.72   1.3325] | Position: [1.64639364 1.28485388]
Target angle: 0.5744817459938454 | Robot angle: 0.5147780832994666 | Diff: 0.05970366269437877 | Rotation Strength: 0.34980085672709504
Target distance: 0.08768151853875342
Arrived to point
=========================================
Target: [1.74   1.3525] | Position: [1.65798813 1.28905301]
Target angle: 0.6584546971736058 | Robot angle: 0.513018434507174 | Diff: 0.14543626266643184 | Rotation Strength: 0.4814774810978718
Target distance: 0.1036892778187726
Aligned, walking
=========================================
Target: [1.74   1.3525] | Position: [1.66730465 1.29353692]
Target angle: 0.6814716638481646 | Robot angle: 0.5118174908559654 | Diff: 0.1696541729921992 | Rotation Strength: 0.5200023218390477
Target distance: 0.09360159557022912
Arrived to point
=========================================
Target: [1.775  1.3775] | Position: [1.67371065 1.2969251 ]
Target angle: 0.6719862909839729 | Robot angle: 0.5100961795986692 | Diff: 0.16189011138530374 | Rotation Strength: 0.5076555163407763
Target distance: 0.1294289298882473
Aligned, walking
=========================================
Target: [1.775  1.3775] | Position: [1.68376713 1.3026344 ]
Target angle: 0.6871756528906872 | Robot angle: 0.5097906545627837 | Diff: 0.17738499832790344 | Rotation Strength: 0.5322720662395495
Target distance: 0.11801819659826622
Aligned, walking
=========================================
Target: [1.775  1.3775] | Position: [1.68922931 1.30747021]
Target angle: 0.6847074475555002 | Robot angle: 0.5143962664786699 | Diff: 0.1703111810768303 | Rotation Strength: 0.5210462203793049
Target distance: 0.11072841653528324
Aligned, walking
=========================================
Target: [1.775  1.3775] | Position: [1.69348884 1.31036557]
Target angle: 0.6889799207731802 | Robot angle: 0.5139040400866377 | Diff: 0.17507588068654245 | Rotation Strength: 0.5286106304489468
Target distance: 0.1055987758960429
Aligned, walking
=========================================
Target: [1.775  1.3775] | Position: [1.69486604 1.3117939 ]
Target angle: 0.6867896932182722 | Robot angle: 0.5179077757878972 | Diff: 0.16888191743037506 | Rotation Strength: 0.5187750877164444
Target distance: 0.1036279123493676
Aligned, walking
=========================================
Target: [1.775  1.3775] | Position: [1.69490256 1.31279233]
Target angle: 0.6795164523960002 | Robot angle: 0.5218459344791722 | Diff: 0.15767051791682807 | Rotation Strength: 0.5009404219542846
Target distance: 0.10296933057543504
Aligned, walking
=========================================
Target: [1.775  1.3775] | Position: [1.69698559 1.31453372]
Target angle: 0.6790618292687967 | Robot angle: 0.528060799621473 | Diff: 0.15100102964732365 | Rotation Strength: 0.49032680990948296
Target distance: 0.10025467194469477
Aligned, walking
=========================================
Target: [1.775  1.3775] | Position: [1.7003451 1.3165278]
Target angle: 0.684853649195543 | Robot angle: 0.5367103645308204 | Diff: 0.1481432846647226 | Rotation Strength: 0.4857811951681281
Target distance: 0.0963896467895842
Arrived to point
=========================================
Target: [1.785  1.3875] | Position: [1.70659323 1.32021936]
Target angle: 0.709176224670812 | Robot angle: 0.5470044617980152 | Diff: 0.16217176287279678 | Rotation Strength: 0.5081036672486037
Target distance: 0.1033165342793594
Aligned, walking
=========================================
Target: [1.785  1.3875] | Position: [1.7125869  1.32483983]
Target angle: 0.7133185046472295 | Robot angle: 0.5599022800512712 | Diff: 0.15341622459595827 | Rotation Strength: 0.49416976920941813
Target distance: 0.09575987976640263
Arrived to point
=========================================
Target: [1.81   1.4125] | Position: [1.7195882  1.33001345]
Target angle: 0.739592626661774 | Robot angle: 0.5716002519917405 | Diff: 0.16799237467003358 | Rotation Strength: 0.5173611861216899
Target distance: 0.12238596395858899
Aligned, walking
=========================================
Target: [1.81   1.4125] | Position: [1.72831142 1.33672673]
Target angle: 0.7478492143819779 | Robot angle: 0.5847135251304945 | Diff: 0.16313568925148347 | Rotation Strength: 0.5096373196655957
Target distance: 0.11142087895290331
Aligned, walking
=========================================
Target: [1.81   1.4125] | Position: [1.73697795 1.34328508]
Target angle: 0.7586384436349687 | Robot angle: 0.5974726494834055 | Diff: 0.16116579415156318 | Rotation Strength: 0.5065029612609551
Target distance: 0.10061274484317867
Aligned, walking
=========================================
Target: [1.81   1.4125] | Position: [1.74475983 1.34921767]
Target angle: 0.7701659172353112 | Robot angle: 0.6087774446371306 | Diff: 0.16138847259818068 | Rotation Strength: 0.5068573017412286
Target distance: 0.0908896752491223
Arrived to point
=========================================
Target: [1.82   1.4175] | Position: [1.75420053 1.35647809]
Target angle: 0.7477444591784264 | Robot angle: 0.6215515483454683 | Diff: 0.12619291083295803 | Rotation Strength: 0.4510000306269203
Target distance: 0.08973986636406692
Arrived to point
=========================================
Target: [1.835  1.4325] | Position: [1.7607151  1.36231123]
Target angle: 0.7570536374388506 | Robot angle: 0.6323101608647619 | Diff: 0.12474347657408869 | Rotation Strength: 0.4487163880140399
Target distance: 0.10219936487653435
Aligned, walking
=========================================
Target: [1.835  1.4325] | Position: [1.76917993 1.36895086]
Target angle: 0.7678461071192455 | Robot angle: 0.6435927570965316 | Diff: 0.12425335002271387 | Rotation Strength: 0.44794465776195136
Target distance: 0.09149193926295769
Arrived to point
=========================================
Target: [1.855  1.4475] | Position: [1.77566428 1.37439934]
Target angle: 0.7445182708160769 | Robot angle: 0.6571014781544835 | Diff: 0.08741679266159341 | Rotation Strength: 0.39091030287043405
Target distance: 0.10787892489412718
Aligned, walking
=========================================
Target: [1.855  1.4475] | Position: [1.78232691 1.38031864]
Target angle: 0.7461508773105283 | Robot angle: 0.6665455975649963 | Diff: 0.079605279745532 | Rotation Strength: 0.37913600642200285
Target distance: 0.09896823836652391
Arrived to point
=========================================
Target: [1.87   1.4625] | Position: [1.78566426 1.38415907]
Target angle: 0.7485637037847281 | Robot angle: 0.6720967449829951 | Diff: 0.07646695880173304 | Rotation Strength: 0.3744445561391688
Target distance: 0.1151078563409239
Aligned, walking
=========================================
Target: [1.87   1.4625] | Position: [1.78796714 1.38663592]
Target angle: 0.7463496099075311 | Robot angle: 0.6757743746089093 | Diff: 0.07057523529862175 | Rotation Strength: 0.36570106837598826
Target distance: 0.11173517588186976
Aligned, walking
=========================================
Target: [1.87   1.4625] | Position: [1.78946983 1.38881819]
Target angle: 0.7410185625241019 | Robot angle: 0.6793081215175549 | Diff: 0.06171044100654699 | Rotation Strength: 0.35271207670755955
Target distance: 0.10915180701360891
Aligned, walking
=========================================
Target: [1.87   1.4625] | Position: [1.79126512 1.39123543]
Target angle: 0.7356370511957802 | Robot angle: 0.6805223977538555 | Diff: 0.05511465344192468 | Rotation Strength: 0.3431857927185715
Target distance: 0.1061970844428738
Aligned, walking
=========================================
Target: [1.87   1.4625] | Position: [1.79110231 1.39151941]
Target angle: 0.7326236818386027 | Robot angle: 0.6816975409212978 | Diff: 0.05092614091730496 | Rotation Strength: 0.3372006574831171
Target distance: 0.10612770214495518
Aligned, walking
=========================================
Target: [1.87   1.4625] | Position: [1.79236059 1.39328006]
Target angle: 0.7281307164231574 | Robot angle: 0.6785830109050495 | Diff: 0.04954770551810794 | Rotation Strength: 0.3352421995987781
Target distance: 0.1040157555617665
Aligned, walking
=========================================
Target: [1.87   1.4625] | Position: [1.79560057 1.39584877]
Target angle: 0.7305213068496554 | Robot angle: 0.6754777832321537 | Diff: 0.055043523617501755 | Rotation Strength: 0.3430837286555367
Target distance: 0.09988824446073948
Arrived to point
=========================================
Target: [1.885  1.4775] | Position: [1.79956981 1.399429  ]
Target angle: 0.7404185327668658 | Robot angle: 0.6744008143534259 | Diff: 0.06601771841343984 | Rotation Strength: 0.3589974496223317
Target distance: 0.11572985053928111
Aligned, walking
=========================================
Target: [1.885  1.4775] | Position: [1.80516418 1.40494845]
Target angle: 0.7376334688287751 | Robot angle: 0.6717004255004264 | Diff: 0.0659330433283487 | Rotation Strength: 0.35887341187621613
Target distance: 0.10787717940805429
Aligned, walking
=========================================
Target: [1.885  1.4775] | Position: [1.81492131 1.41282069]
Target angle: 0.7453523248237715 | Robot angle: 0.6675757874555024 | Diff: 0.07777653736826906 | Rotation Strength: 0.3763994236663062
Target distance: 0.0953647542593939
Arrived to point
=========================================
Target: [1.905  1.4925] | Position: [1.82470506 1.42022126]
Target angle: 0.7329066220386675 | Robot angle: 0.6645257053493703 | Diff: 0.06838091668929724 | Rotation Strength: 0.36246677836692753
Target distance: 0.10803468718464211
Aligned, walking
=========================================
Target: [1.905  1.4925] | Position: [1.8365009  1.43029286]
Target angle: 0.7372971042638299 | Robot angle: 0.6661323748543193 | Diff: 0.07116472940951057 | Rotation Strength: 0.36657202842273884
Target distance: 0.09253029368525333
Arrived to point
=========================================
Target: [1.93   1.5125] | Position: [1.84730232 1.43958278]
Target angle: 0.7226303075589073 | Robot angle: 0.6681158435214334 | Diff: 0.05451446403747395 | Rotation Strength: 0.3423250375931941
Target distance: 0.11025346222923513
Aligned, walking
=========================================
Target: [1.93   1.5125] | Position: [1.86031561 1.45075564]
Target angle: 0.7250582672905921 | Robot angle: 0.6703758753618332 | Diff: 0.0546823919287589 | Rotation Strength: 0.34256576531287974
Target distance: 0.09310359974953511
Arrived to point
=========================================
Target: [1.955  1.5325] | Position: [1.87326809 1.45989532]
Target angle: 0.7263284541734158 | Robot angle: 0.667942733874217 | Diff: 0.05838572029919886 | Rotation Strength: 0.3478949821822527
Target distance: 0.1093231181333747
Aligned, walking
=========================================
Target: [1.955  1.5325] | Position: [1.88388279 1.46823016]
Target angle: 0.7348650124638203 | Robot angle: 0.6661768110142492 | Diff: 0.0686882014495711 | Rotation Strength: 0.362918955812794
Target distance: 0.09585546310299738
Arrived to point
=========================================
Target: [1.99   1.5625] | Position: [1.89380653 1.47655186]
Target angle: 0.7292081126080148 | Robot angle: 0.6677563261915678 | Diff: 0.061451786416446996 | Rotation Strength: 0.3523362282850352
Target distance: 0.1289971514416817
Aligned, walking
=========================================
Target: [1.99   1.5625] | Position: [1.90154951 1.48306572]
Target angle: 0.7317449542686347 | Robot angle: 0.6682435266997437 | Diff: 0.06350142756889099 | Rotation Strength: 0.35531952385825294
Target distance: 0.11888352792150353
Aligned, walking
=========================================
Target: [1.99   1.5625] | Position: [1.90967579 1.48988352]
Target angle: 0.7350439111630629 | Robot angle: 0.6689578269486463 | Diff: 0.06608608421441664 | Rotation Strength: 0.35909761019434105
Target distance: 0.10828264898631786
Aligned, walking
=========================================
Target: [1.99   1.5625] | Position: [1.91573816 1.49501132]
Target angle: 0.7376522191016828 | Robot angle: 0.6709499115717854 | Diff: 0.06670230752989736 | Rotation Strength: 0.360000973040674
Target distance: 0.1003471132865895
Aligned, walking
=========================================
Target: [1.99   1.5625] | Position: [1.91876835 1.49734717]
Target angle: 0.7408564811233047 | Robot angle: 0.6700404893055811 | Diff: 0.07081599181772358 | Rotation Strength: 0.36605667325181734
Target distance: 0.09653413190040883
Arrived to point
=========================================
Target: [2.045  1.6125] | Position: [1.92215192 1.50023459]
Target angle: 0.7404176104659381 | Robot angle: 0.669814964687558 | Diff: 0.07060264577838016 | Rotation Strength: 0.3657415471309172
Target distance: 0.1664186727380291
Aligned, walking
=========================================
Target: [2.045  1.6125] | Position: [1.92497622 1.50247399]
Target angle: 0.7419663375641297 | Robot angle: 0.6701346145775204 | Diff: 0.07183172298660923 | Rotation Strength: 0.36755854368204666
Target distance: 0.16282331144760773
Aligned, walking
=========================================
Target: [2.045  1.6125] | Position: [1.9287042  1.50547746]
Target angle: 0.7438971394117995 | Robot angle: 0.6702365543428996 | Diff: 0.07366058506889983 | Rotation Strength: 0.3702691922616339
Target distance: 0.15804599545779252
Aligned, walking
=========================================
Target: [2.045  1.6125] | Position: [1.93499577 1.5104619 ]
Target angle: 0.74784720630345 | Robot angle: 0.6708120193197789 | Diff: 0.07703518698367118 | Rotation Strength: 0.3752922773400592
Target distance: 0.15004234177088238
Aligned, walking
=========================================
Target: [2.045  1.6125] | Position: [1.94268722 1.51700333]
Target angle: 0.7509538269071534 | Robot angle: 0.6714147464891775 | Diff: 0.07953908041797586 | Rotation Strength: 0.3790368083848449
Target distance: 0.13995541228546218
Aligned, walking
=========================================
Target: [2.045  1.6125] | Position: [1.95252314 1.52427723]
Target angle: 0.7618602128948662 | Robot angle: 0.6702733446775251 | Diff: 0.09158686821734108 | Rotation Strength: 0.3972492394372742
Target distance: 0.1278093352573611
Aligned, walking
=========================================
Target: [2.045  1.6125] | Position: [1.96320219 1.53262772]
Target angle: 0.7734885109952696 | Robot angle: 0.6689585690426769 | Diff: 0.10452994195259269 | Rotation Strength: 0.41713596444862133
Target distance: 0.11432612605171762
Aligned, walking
=========================================
Target: [2.045  1.6125] | Position: [1.97397605 1.54226721]
Target angle: 0.7797973404935057 | Robot angle: 0.671197594989422 | Diff: 0.10859974550408369 | Rotation Strength: 0.4234485535851745
Target distance: 0.09988516065660581
Arrived to point
=========================================
Target: [2.075  1.6425] | Position: [1.98516609 1.55143712]
Target angle: 0.7921918279903641 | Robot angle: 0.672630334616735 | Diff: 0.11956149337362909 | Rotation Strength: 0.44057028888326877
Target distance: 0.12791629515181066
Aligned, walking
=========================================
Target: [2.075  1.6425] | Position: [2.0094577  1.57048123]
Target angle: 0.8324441423258087 | Robot angle: 0.6707594406099355 | Diff: 0.16168470171587312 | Rotation Strength: 0.507328670111849
Target distance: 0.09737811163791647
Arrived to point
=========================================
Target: [2.09   1.6525] | Position: [2.0198364  1.57856355]
Target angle: 0.8115743328682377 | Robot angle: 0.6683480420837582 | Diff: 0.14322629078447946 | Rotation Strength: 0.4779660014894266
Target distance: 0.10192904623950483
Aligned, walking
=========================================
Target: [2.09   1.6525] | Position: [2.02819685 1.58597947]
Target angle: 0.8221431956959839 | Robot angle: 0.6688507449591787 | Diff: 0.1532924507368052 | Rotation Strength: 0.49397280469368954
Target distance: 0.09079983967834855
Arrived to point
=========================================
Target: [2.11   1.6725] | Position: [2.0348018  1.59220167]
Target angle: 0.8181853786598445 | Robot angle: 0.6755001353913683 | Diff: 0.1426852432684762 | Rotation Strength: 0.47710663594744274
Target distance: 0.11001177851736114
Aligned, walking
=========================================
Target: [2.11   1.6725] | Position: [2.03908705 1.59653618]
Target angle: 0.8197731500063501 | Robot angle: 0.6825755878576527 | Diff: 0.13719756214869738 | Rotation Strength: 0.46839888023083176
Target distance: 0.1039189517565584
Aligned, walking
=========================================
Target: [2.11   1.6725] | Position: [2.04316482 1.59964054]
Target angle: 0.8284960671489365 | Robot angle: 0.6882951605525607 | Diff: 0.14020090659637585 | Rotation Strength: 0.4731624907737688
Target distance: 0.09887083706666569
Arrived to point
=========================================
Target: [2.125  1.6875] | Position: [2.04467656 1.60187825]
Target angle: 0.8173153947180629 | Robot angle: 0.692863294993249 | Diff: 0.12445209972481397 | Rotation Strength: 0.44825756970212804
Target distance: 0.1174007573226282
Aligned, walking
=========================================
Target: [2.125  1.6875] | Position: [2.04522947 1.60285556]
Target angle: 0.8150334038764786 | Robot angle: 0.6978647185846092 | Diff: 0.11716868529186941 | Rotation Strength: 0.43681928645618606
Target distance: 0.11631001366119811
Aligned, walking
=========================================
Target: [2.125  1.6875] | Position: [2.04575324 1.60318479]
Target angle: 0.816376200605244 | Robot angle: 0.7013575871969708 | Diff: 0.11501861340827313 | Rotation Strength: 0.43345494172517063
Target distance: 0.1157112965171656
Aligned, walking
=========================================
Target: [2.125  1.6875] | Position: [2.046018   1.60408955]
Target angle: 0.8126614405983794 | Robot angle: 0.7036184245772823 | Diff: 0.10904301602109712 | Rotation Strength: 0.4241376519652599
Target distance: 0.11487149606641228
Aligned, walking
=========================================
Target: [2.125  1.6875] | Position: [2.04768814 1.60585337]
Target angle: 0.8126612421921826 | Robot angle: 0.7058757192079397 | Diff: 0.10678552298424293 | Rotation Strength: 0.4206313335867803
Target distance: 0.11244240756297472
Aligned, walking
=========================================
Target: [2.125  1.6875] | Position: [2.0492555  1.60881509]
Target angle: 0.8044363517089064 | Robot angle: 0.7101991294917518 | Diff: 0.09423722221715458 | Rotation Strength: 0.4012961919652771
Target distance: 0.10921787754236134
Aligned, walking
=========================================
Target: [2.125  1.6875] | Position: [2.05343033 1.61342967]
Target angle: 0.8025666586138125 | Robot angle: 0.71483863221028 | Diff: 0.0877280264035325 | Rotation Strength: 0.3913821691112177
Target distance: 0.10299820961463775
Aligned, walking
=========================================
Target: [2.125  1.6875] | Position: [2.05612882 1.61847341]
Target angle: 0.7865251198652161 | Robot angle: 0.7234664126785422 | Diff: 0.06305870718667395 | Rotation Strength: 0.3546741730120002
Target distance: 0.09750851151729344
Arrived to point
=========================================
Target: [2.145  1.7075] | Position: [2.06328603 1.62545511]
Target angle: 0.7874189080050393 | Robot angle: 0.7310317851930401 | Diff: 0.0563871228119992 | Rotation Strength: 0.3450140990542605
Target distance: 0.11579523652779948
Aligned, walking
=========================================
Target: [2.145  1.7075] | Position: [2.0727613  1.63492922]
Target angle: 0.7876913314019998 | Robot angle: 0.7397541725383334 | Diff: 0.04793715886366634 | Rotation Strength: 0.3329611289509101
Target distance: 0.10239603422696886
Aligned, walking
=========================================
Target: [2.145  1.7075] | Position: [2.08355748 1.6438438 ]
Target angle: 0.8030918173936996 | Robot angle: 0.7462652490818646 | Diff: 0.05682656831183497 | Rotation Strength: 0.3456465720701182
Target distance: 0.0884720011582667
Arrived to point
=========================================
Target: [2.17   1.7325] | Position: [2.09381985 1.65355104]
Target angle: 0.8032446684082353 | Robot angle: 0.7478258765868393 | Diff: 0.055418791821395974 | Rotation Strength: 0.3436223637713657
Target distance: 0.1097103125219691
Aligned, walking
=========================================
Target: [2.17   1.7325] | Position: [2.10363469 1.66303752]
Target angle: 0.8081963867787416 | Robot angle: 0.7498255234537528 | Diff: 0.058370863324988864 | Rotation Strength: 0.34787352513532466
Target distance: 0.09606971334972547
Arrived to point
=========================================
Target: [2.185  1.7525] | Position: [2.11303864 1.67390981]
Target angle: 0.829400033613922 | Robot angle: 0.7542640894274477 | Diff: 0.07513594418647429 | Rotation Strength: 0.37246187953216725
Target distance: 0.10655916100428299
Aligned, walking
=========================================
Target: [2.185  1.7525] | Position: [2.12428593 1.68416636]
Target angle: 0.8443742597255985 | Robot angle: 0.75502503847152 | Diff: 0.08934922125407851 | Rotation Strength: 0.3938433544327713
Target distance: 0.09140943042751476
Arrived to point
=========================================
Target: [2.2    1.7725] | Position: [2.13340815 1.69247278]
Target angle: 0.8767774536486872 | Robot angle: 0.7537151057732006 | Diff: 0.12306234787548664 | Rotation Strength: 0.4460704135105319
Target distance: 0.10410970275277921
Aligned, walking
=========================================
Target: [2.2    1.7725] | Position: [2.14301259 1.70120204]
Target angle: 0.8964913429538699 | Robot angle: 0.7519974405850629 | Diff: 0.144493902368807 | Rotation Strength: 0.4799798972531023
Target distance: 0.09127411236819084
Arrived to point
=========================================
Target: [2.22   1.7925] | Position: [2.15049682 1.70818357]
Target angle: 0.8814048199892808 | Robot angle: 0.7511556406388769 | Diff: 0.13024917935040392 | Rotation Strength: 0.45740152577558324
Target distance: 0.10927008915622843
Aligned, walking
=========================================
Target: [2.22   1.7925] | Position: [2.15748099 1.71485727]
Target angle: 0.8928842526105321 | Robot angle: 0.7512441320009478 | Diff: 0.1416401206095843 | Rotation Strength: 0.4754470176077201
Target distance: 0.09968460032307215
Arrived to point
=========================================
Target: [2.235  1.8225] | Position: [2.16429761 1.72067533]
Target angle: 0.9638695412093368 | Robot angle: 0.7492276464337575 | Diff: 0.21464189477557927 | Rotation Strength: 0.5906015585500696
Target distance: 0.12396407254312115
Aligned, walking
=========================================
Target: [2.235  1.8225] | Position: [2.16860066 1.72489748]
Target angle: 0.9734121244408387 | Robot angle: 0.7486959649350458 | Diff: 0.22471615950579293 | Rotation Strength: 0.6060139500220516
Target distance: 0.11804713260505373
Aligned, walking
=========================================
Target: [2.235  1.8225] | Position: [2.17121402 1.72784252]
Target angle: 0.9778295471969205 | Robot angle: 0.7504571143079906 | Diff: 0.22737243288892994 | Rotation Strength: 0.6100441644337538
Target distance: 0.11414328828979091
Aligned, walking
=========================================
Target: [2.235  1.8225] | Position: [2.17407012 1.73055232]
Target angle: 0.9855739948783953 | Robot angle: 0.7507707306001636 | Diff: 0.23480326427823162 | Rotation Strength: 0.6212374787416821
Target distance: 0.11030333038075522
Aligned, walking
=========================================
Target: [2.235  1.8225] | Position: [2.17462939 1.7320328 ]
Target angle: 0.9823412457405905 | Robot angle: 0.753453411139545 | Diff: 0.22888783460104545 | Rotation Strength: 0.6123367228748556
Target distance: 0.10876085895619718
Aligned, walking
=========================================
Target: [2.235  1.8225] | Position: [2.17621622 1.73383856]
Target angle: 0.9853267198080875 | Robot angle: 0.7593384730562422 | Diff: 0.22598824675184526 | Rotation Strength: 0.6079458534690649
Target distance: 0.10637849373988195
Aligned, walking
=========================================
Target: [2.235  1.8225] | Position: [2.17781801 1.73500825]
Target angle: 0.9919154583722012 | Robot angle: 0.7713718143680137 | Diff: 0.22054364400418747 | Rotation Strength: 0.5996541909577491
Target distance: 0.10452074647232638
Aligned, walking
=========================================
Target: [2.235  1.8225] | Position: [2.18078459 1.73894588]
Target angle: 0.9952188934862587 | Robot angle: 0.7833402261913553 | Diff: 0.21187866729490334 | Rotation Strength: 0.5863414658704107
Target distance: 0.09960221712563222
Arrived to point
=========================================
Target: [2.265  1.8625] | Position: [2.18410573 1.74377693]
Target angle: 0.9726838242150899 | Robot angle: 0.7986419999302168 | Diff: 0.17404182428487314 | Rotation Strength: 0.5269699641271112
Target distance: 0.1436629761828774
Aligned, walking
=========================================
Target: [2.265  1.8625] | Position: [2.18830028 1.74917778]
Target angle: 0.9757914685053883 | Robot angle: 0.8143710520521532 | Diff: 0.16142041645323513 | Rotation Strength: 0.5069081323319475
Target distance: 0.13683849275667437
Aligned, walking
=========================================
Target: [2.265  1.8625] | Position: [2.19291404 1.75575405]
Target angle: 0.9768378529615251 | Robot angle: 0.8313287234857221 | Diff: 0.14550912947580308 | Rotation Strength: 0.4815932940686646
Target distance: 0.1288063799613611
Aligned, walking
=========================================
Target: [2.265  1.8625] | Position: [2.19915238 1.76279814]
Target angle: 0.9871132624137688 | Robot angle: 0.8449877193411188 | Diff: 0.14212554307265002 | Rotation Strength: 0.4762177863406858
Target distance: 0.11948376529809594
Aligned, walking
=========================================
Target: [2.265  1.8625] | Position: [2.20723544 1.77045602]
Target angle: 1.010346970162729 | Robot angle: 0.852984510184732 | Diff: 0.15736245997799703 | Rotation Strength: 0.5004501335043794
Target distance: 0.10866847755739786
Aligned, walking
=========================================
Target: [2.265  1.8625] | Position: [2.21299332 1.77809627]
Target angle: 1.0185749943637683 | Robot angle: 0.8679809388899136 | Diff: 0.15059405547385474 | Rotation Strength: 0.48967934941420355
Target distance: 0.0991397193077654
Arrived to point
=========================================
Target: [2.285  1.8975] | Position: [2.21789962 1.78532761]
Target angle: 1.0317089553489076 | Robot angle: 0.8801921858378225 | Diff: 0.15151676951108506 | Rotation Strength: 0.491147353498941
Target distance: 0.13071001001671184
Aligned, walking
=========================================
Target: [2.285  1.8975] | Position: [2.22280924 1.79341327]
Target angle: 1.0322245662007736 | Robot angle: 0.892395587348271 | Diff: 0.13982897885250267 | Rotation Strength: 0.47257229255214983
Target distance: 0.12125072064986787
Aligned, walking
=========================================
Target: [2.285  1.8975] | Position: [2.22947265 1.80173772]
Target angle: 1.0453280170989947 | Robot angle: 0.9048240194887702 | Diff: 0.14050399761022447 | Rotation Strength: 0.47364351011130357
Target distance: 0.11069643668396838
Aligned, walking
=========================================
Target: [2.285  1.8975] | Position: [2.2363943  1.81071165]
Target angle: 1.0602709536650154 | Robot angle: 0.916337937198719 | Diff: 0.14393301646629642 | Rotation Strength: 0.4790887154249558
Target distance: 0.09947226436909466
Arrived to point
=========================================
Target: [2.31   1.9275] | Position: [2.24223944 1.81983715]
Target angle: 1.0090553983849224 | Robot angle: 0.928833882185339 | Diff: 0.0802215161995834 | Rotation Strength: 0.3800599052804401
Target distance: 0.12721156498749697
Aligned, walking
=========================================
Target: [2.31   1.9275] | Position: [2.24808832 1.82897574]
Target angle: 1.0097628168486406 | Robot angle: 0.9398703754057518 | Diff: 0.06989244144288875 | Rotation Strength: 0.36469335784183143
Target distance: 0.11636187873952201
Aligned, walking
=========================================
Target: [2.31   1.9275] | Position: [2.2542549  1.83866295]
Target angle: 1.0104024525584974 | Robot angle: 0.9507402343168563 | Diff: 0.059662218241641085 | Rotation Strength: 0.34974085046409786
Target distance: 0.10487868289565637
Aligned, walking
=========================================
Target: [2.31   1.9275] | Position: [2.26021967 1.84749635]
Target angle: 1.0141944752049872 | Robot angle: 0.9631786291055215 | Diff: 0.051015846099465634 | Rotation Strength: 0.33732830386350665
Target distance: 0.09422666403589111
Arrived to point
=========================================
Target: [2.33   1.9625] | Position: [2.26556853 1.85697382]
Target angle: 1.0226386176194913 | Robot angle: 0.9702006219216326 | Diff: 0.052437995697858675 | Rotation Strength: 0.3393551170920428
Target distance: 0.12364137138453861
Aligned, walking
=========================================
Target: [2.33   1.9625] | Position: [2.27152096 1.86698855]
Target angle: 1.0214017730460263 | Robot angle: 0.9751370199964713 | Diff: 0.04626475304955502 | Rotation Strength: 0.33060070129851116
Target distance: 0.11199212259177464
Aligned, walking
=========================================
Target: [2.33   1.9625] | Position: [2.27764632 1.87752869]
Target angle: 1.0185982106965303 | Robot angle: 0.9778042438940693 | Diff: 0.04079396680246106 | Rotation Strength: 0.3229390830758121
Target distance: 0.09980496534709203
Arrived to point
=========================================
Target: [2.37   2.0125] | Position: [2.28574603 1.88886497]
Target angle: 0.972612902031555 | Robot angle: 0.976649034927588 | Diff: -0.004036132896032996 | Rotation Strength: 0.2740232207110741
Target distance: 0.14961400603078043
Aligned, walking
=========================================
Target: [2.37   2.0125] | Position: [2.29364843 1.90191467]
Target angle: 0.9665212276668624 | Robot angle: 0.9774603609431711 | Diff: -0.010939133276308688 | Rotation Strength: 0.2828518230430873
Target distance: 0.1343825737570931
Aligned, walking
=========================================
Target: [2.37   2.0125] | Position: [2.30137428 1.91368167]
Target angle: 0.9637958169740317 | Robot angle: 0.9789336040664169 | Diff: -0.015137787092385224 | Rotation Strength: 0.2883051327626792
Target distance: 0.12031023207617317
Aligned, walking
=========================================
Target: [2.37   2.0125] | Position: [2.30914444 1.92574373]
Target angle: 0.9590949830668478 | Robot angle: 0.9791836365345663 | Diff: -0.020088653467718487 | Rotation Strength: 0.2948150995294757
Target distance: 0.10597192992111266
Aligned, walking
=========================================
Target: [2.37   2.0125] | Position: [2.31695169 1.93788926]
Target angle: 0.9527252172759351 | Robot angle: 0.9800227891596016 | Diff: -0.02729757188366655 | Rotation Strength: 0.30444529247240704
Target distance: 0.09154717583712409
Arrived to point
=========================================
Target: [2.39   2.0375] | Position: [2.32642841 1.9506428 ]
Target angle: 0.9389741965239686 | Robot angle: 0.9770369091035143 | Diff: -0.03806271257954563 | Rotation Strength: 0.31914903522934546
Target distance: 0.10763605671135505
Aligned, walking
=========================================
Target: [2.39   2.0375] | Position: [2.3349361  1.96384683]
Target angle: 0.9288261468932877 | Robot angle: 0.9756537884664533 | Diff: -0.04682764157316566 | Rotation Strength: 0.331394215653838
Target distance: 0.09196098332429303
Arrived to point
=========================================
Target: [2.41   2.0575] | Position: [2.3433644  1.97737759]
Target angle: 0.8770390559569208 | Robot angle: 0.976970914493867 | Diff: -0.0999318585369462 | Rotation Strength: 0.41003661146903736
Target distance: 0.10421085740993473
Aligned, walking
=========================================
Target: [2.41   2.0575] | Position: [2.35160877 1.99106387]
Target angle: 0.8497573700134695 | Robot angle: 0.9795001288128136 | Diff: -0.12974275879934405 | Rotation Strength: 0.4566014933210315
Target distance: 0.08844939711047016
Arrived to point
=========================================
Target: [2.43   2.0825] | Position: [2.35993416 2.00354244]
Target angle: 0.8449941069874631 | Robot angle: 0.9778397046402656 | Diff: -0.13284559765280246 | Rotation Strength: 0.461506656314023
Target distance: 0.10556285792856811
Aligned, walking
=========================================
Target: [2.43   2.0825] | Position: [2.36758608 2.01440227]
Target angle: 0.8289208943447228 | Robot angle: 0.9770068320715088 | Diff: -0.14808593772678602 | Rotation Strength: 0.4856899989663329
Target distance: 0.09237315039269128
Arrived to point
=========================================
Target: [2.44   2.1075] | Position: [2.37342781 2.02485492]
Target angle: 0.8926991563153877 | Robot angle: 0.9748626577288153 | Diff: -0.08216350141342765 | Rotation Strength: 0.38297710890555614
Target distance: 0.10612287827222582
Aligned, walking
=========================================
Target: [2.44   2.1075] | Position: [2.37988111 2.03228301]
Target angle: 0.8964990163347002 | Robot angle: 0.9758689691494791 | Diff: -0.07936995281477888 | Rotation Strength: 0.3787834208419991
Target distance: 0.09629058590696775
Arrived to point
=========================================
Target: [2.455  2.1225] | Position: [2.38360486 2.03900023]
Target angle: 0.8633870254367917 | Robot angle: 0.9746858829083651 | Diff: -0.11129885747157342 | Rotation Strength: 0.4276490506580116
Target distance: 0.10986117529953864
Aligned, walking
=========================================
Target: [2.455  2.1225] | Position: [2.3859544  2.04292466]
Target angle: 0.856129636159348 | Robot angle: 0.9754784467189825 | Diff: -0.11934881055963453 | Rotation Strength: 0.4402366026854656
Target distance: 0.1053543024258225
Aligned, walking
=========================================
Target: [2.455  2.1225] | Position: [2.38683411 2.04461728]
Target angle: 0.8518317157118949 | Robot angle: 0.9766599842172914 | Diff: -0.12482826850539652 | Rotation Strength: 0.4488499225728867
Target distance: 0.10350027507122853
Aligned, walking
=========================================
Target: [2.455  2.1225] | Position: [2.3888975  2.04669267]
Target angle: 0.8536791537581205 | Robot angle: 0.9774944148289011 | Diff: -0.12381526107078056 | Rotation Strength: 0.4472550755114669
Target distance: 0.10057977270989059
Aligned, walking
=========================================
Target: [2.455  2.1225] | Position: [2.38948111 2.04739486]
Target angle: 0.8534622227114479 | Robot angle: 0.9784755026827776 | Diff: -0.12501327997132972 | Rotation Strength: 0.4491413134223461
Target distance: 0.09966698544334253
Arrived to point
=========================================
Target: [2.47   2.1425] | Position: [2.39013072 2.0473629 ]
Target angle: 0.8724193012898782 | Robot angle: 0.9782136405608428 | Diff: -0.1057943392709646 | Rotation Strength: 0.41909434014297875
Target distance: 0.12421823454277249
Aligned, walking
=========================================
Target: [2.47   2.1425] | Position: [2.39130129 2.04859942]
Target angle: 0.8732475404986246 | Robot angle: 0.9763761070756525 | Diff: -0.10312856657702785 | Rotation Strength: 0.4149684815468996
Target distance: 0.12251858967877548
Aligned, walking
=========================================
Target: [2.47   2.1425] | Position: [2.39254583 2.05093929]
Target angle: 0.8686684999579661 | Robot angle: 0.9731850002117977 | Diff: -0.10451650025383152 | Rotation Strength: 0.41711515904738605
Target distance: 0.11992711381341559
Aligned, walking
=========================================
Target: [2.47   2.1425] | Position: [2.39579581 2.05479107]
Target angle: 0.8686129182504656 | Robot angle: 0.9676924231496162 | Diff: -0.09907950489915063 | Rotation Strength: 0.4087246091008342
Target distance: 0.11488741478808118
Aligned, walking
=========================================
Target: [2.47   2.1425] | Position: [2.39982228 2.06048879]
Target angle: 0.8629972450620862 | Robot angle: 0.9567668635927857 | Diff: -0.09376961853069954 | Rotation Strength: 0.4005811900601435
Target distance: 0.10793864624111926
Aligned, walking
=========================================
Target: [2.47   2.1425] | Position: [2.40540336 2.06715253]
Target angle: 0.8620698442083592 | Robot angle: 0.9506883025671833 | Diff: -0.08861845835882409 | Rotation Strength: 0.3927332858975554
Target distance: 0.099247003210745
Arrived to point
=========================================
Target: [2.485  2.1675] | Position: [2.41250463 2.07600396]
Target angle: 0.9007475985881106 | Robot angle: 0.9412572723565527 | Diff: -0.040509673768442056 | Rotation Strength: 0.322543483856802
Target distance: 0.11673518802915649
Aligned, walking
=========================================
Target: [2.485  2.1675] | Position: [2.4199248  2.08663904]
Target angle: 0.8931481680642523 | Robot angle: 0.9328207603543088 | Diff: -0.039672592290056485 | Rotation Strength: 0.3213801455728553
Target distance: 0.103794392958865
Aligned, walking
=========================================
Target: [2.485  2.1675] | Position: [2.42952804 2.0983735 ]
Target angle: 0.8945509264795071 | Robot angle: 0.928657638971111 | Diff: -0.03410671249160391 | Rotation Strength: 0.3137016814664051
Target distance: 0.0886318916470214
Arrived to point
=========================================
Target: [2.5    2.1925] | Position: [2.43840793 2.10987729]
Target angle: 0.9302060718268823 | Robot angle: 0.9266250289666225 | Diff: 0.003581042860259842 | Rotation Strength: 0.27344724654648755
Target distance: 0.10305384580776239
Aligned, walking
=========================================
Target: [2.5    2.1925] | Position: [2.44767902 2.12202969]
Target angle: 0.9321419699686642 | Robot angle: 0.924723867366378 | Diff: 0.007418102602286147 | Rotation Strength: 0.27832711131307164
Target distance: 0.08776986783986643
Arrived to point
=========================================
Target: [2.51   2.2125] | Position: [2.45509203 2.13255975]
Target angle: 0.9689418697202745 | Robot angle: 0.9254533285057276 | Diff: 0.04348854121454693 | Rotation Strength: 0.32670117221246364
Target distance: 0.09698107224272631
Arrived to point
=========================================
Target: [2.515  2.2225] | Position: [2.47014414 2.1530567 ]
Target angle: 0.9972839856060034 | Robot angle: 0.9259658813897049 | Diff: 0.07131810421629847 | Rotation Strength: 0.3667987784047537
Target distance: 0.08267055091591717
Arrived to point
=========================================
Target: [2.53   2.2425] | Position: [2.47770504 2.1625326 ]
Target angle: 0.9916468449184457 | Robot angle: 0.9228305781913804 | Diff: 0.06881626672706531 | Rotation Strength: 0.3631074788246228
Target distance: 0.09554867010689319
Arrived to point
=========================================
Target: [2.53   2.2475] | Position: [2.48421496 2.17188013]
Target angle: 1.0263694612297876 | Robot angle: 0.9245079696103282 | Diff: 0.10186149161945934 | Rotation Strength: 0.4130115453260329
Target distance: 0.08840042051848192
Arrived to point
=========================================
Target: [2.535  2.2575] | Position: [2.48844184 2.17780568]
Target angle: 1.0420686351123756 | Robot angle: 0.9246995227465922 | Diff: 0.1173691123657834 | Rotation Strength: 0.43713320794216626
Target distance: 0.09229759861274842
Arrived to point
=========================================
Target: [2.54   2.2675] | Position: [2.49136519 2.1822373 ]
Target angle: 1.0524174018664247 | Robot angle: 0.9244334975672706 | Diff: 0.12798390429915418 | Rotation Strength: 0.45382465701337316
Target distance: 0.09815840379397672
Arrived to point
=========================================
Target: [2.54   2.2825] | Position: [2.49366183 2.18542448]
Target angle: 1.1254392746740534 | Robot angle: 0.9244187690401748 | Diff: 0.20102050563387852 | Rotation Strength: 0.5694815696009734
Target distance: 0.1075680398401196
Aligned, walking
=========================================
Target: [2.54   2.2825] | Position: [2.49507398 2.18669195]
Target angle: 1.1323228816678697 | Robot angle: 0.9235274599623748 | Diff: 0.2087954217054948 | Rotation Strength: 0.5815727272360564
Target distance: 0.10581838222533457
Aligned, walking
=========================================
Target: [2.54   2.2825] | Position: [2.49480133 2.18652626]
Target angle: 1.130658976385762 | Robot angle: 0.9239670830704672 | Diff: 0.2066918933152948 | Rotation Strength: 0.578310451296182
Target distance: 0.10608429979131402
Aligned, walking
=========================================
Target: [2.54   2.2825] | Position: [2.4937458  2.18590788]
Target angle: 1.1242024455178008 | Robot angle: 0.9252643924830606 | Diff: 0.19893805303474021 | Rotation Strength: 0.5662282964246621
Target distance: 0.10709570268391652
Aligned, walking
=========================================
Target: [2.54   2.2825] | Position: [2.49462854 2.18717859]
Target angle: 1.1265455403170215 | Robot angle: 0.9265109183548788 | Diff: 0.20003462196214272 | Rotation Strength: 0.5679421208888342
Target distance: 0.10556865624327205
Aligned, walking
=========================================
Target: [2.54   2.2825] | Position: [2.49556684 2.19003403]
Target angle: 1.1228413762178144 | Robot angle: 0.932468291092138 | Diff: 0.1903730851256764 | Rotation Strength: 0.5527906925830163
Target distance: 0.10258782355212288
Aligned, walking
=========================================
Target: [2.54   2.2825] | Position: [2.49825589 2.19315682]
Target angle: 1.1337039617355469 | Robot angle: 0.9440292129732386 | Diff: 0.18967474876230828 | Rotation Strength: 0.5516913892150888
Target distance: 0.09861427319025717
Arrived to point
=========================================
Target: [2.555  2.2975] | Position: [2.50035733 2.1981451 ]
Target angle: 1.0679725857969053 | Robot angle: 0.9578435425071046 | Diff: 0.11012904328980078 | Rotation Strength: 0.42582720753981884
Target distance: 0.11338967153541646
Aligned, walking
=========================================
Target: [2.555  2.2975] | Position: [2.50439812 2.20515057]
Target angle: 1.0695366448624455 | Robot angle: 0.9706411927662906 | Diff: 0.09889545209615491 | Rotation Strength: 0.4084414720818159
Target distance: 0.10530416969220457
Aligned, walking
=========================================
Target: [2.555  2.2975] | Position: [2.5093044  2.21307961]
Target angle: 1.0746676785943308 | Robot angle: 0.983884006160765 | Diff: 0.09078367243356578 | Rotation Strength: 0.3960255440522993
Target distance: 0.09599422201016297
Arrived to point
=========================================
Target: [2.555  2.3075] | Position: [2.51500285 2.22222087]
Target angle: 1.1322428975831214 | Robot angle: 0.99612352340323 | Diff: 0.1361193741798914 | Rotation Strength: 0.4666901226954302
Target distance: 0.09419290090658261
Arrived to point
=========================================
Target: [2.56   2.3175] | Position: [2.52068219 2.23244963]
Target angle: 1.1377704031169404 | Robot angle: 1.0037081562558452 | Diff: 0.13406224686109525 | Rotation Strength: 0.46343210141653957
Target distance: 0.09369875315450363
Arrived to point
=========================================
Target: [2.56   2.3325] | Position: [2.52621389 2.24223721]
Target angle: 1.2126322724381406 | Robot angle: 1.01063799908881 | Diff: 0.20199427334933073 | Rotation Strength: 0.5710007820226278
Target distance: 0.09637879360008915
Arrived to point
=========================================
Target: [2.565  2.3375] | Position: [2.53084266 2.25195915]
Target angle: 1.190884672949359 | Robot angle: 1.0189154184802263 | Diff: 0.1719692544691327 | Rotation Strength: 0.5236798410718239
Target distance: 0.09210842043290096
Arrived to point
=========================================
Target: [2.58   2.3625] | Position: [2.53597013 2.261145  ]
Target angle: 1.1609803571607955 | Robot angle: 1.0219290972021549 | Diff: 0.13905125995864065 | Rotation Strength: 0.47133840918669334
Target distance: 0.11050550100570039
Aligned, walking
=========================================
Target: [2.58   2.3625] | Position: [2.53958233 2.26701602]
Target angle: 1.170372644952291 | Robot angle: 1.0219629093361249 | Diff: 0.14840973561616622 | Rotation Strength: 0.4862049322025076
Target distance: 0.10368596308122754
Aligned, walking
=========================================
Target: [2.58   2.3625] | Position: [2.54143482 2.27107547]
Target angle: 1.1716178003377813 | Robot angle: 1.024380505889412 | Diff: 0.1472372944483693 | Rotation Strength: 0.4843405551794361
Target distance: 0.09922559106838215
Arrived to point
=========================================
Target: [2.585  2.3775] | Position: [2.5428451  2.27333274]
Target angle: 1.1862578814594222 | Robot angle: 1.0240269435445821 | Diff: 0.1622309379148401 | Rotation Strength: 0.508197822225555
Target distance: 0.11237372219753101
Aligned, walking
=========================================
Target: [2.585  2.3775] | Position: [2.54321352 2.27406719]
Target angle: 1.1868495463209863 | Robot angle: 1.024733007906793 | Diff: 0.16211653841419338 | Rotation Strength: 0.5080157976308916
Target distance: 0.11155471820876797
Aligned, walking
=========================================
Target: [2.585  2.3775] | Position: [2.54194315 2.27380535]
Target angle: 1.1772322700641906 | Robot angle: 1.0253462806722622 | Diff: 0.15188598939192843 | Rotation Strength: 0.49173481293453203
Target distance: 0.11227855109533352
Aligned, walking
=========================================
Target: [2.585  2.3775] | Position: [2.5412581  2.27443575]
Target angle: 1.1694221838036567 | Robot angle: 1.0228187192130083 | Diff: 0.14660346459064844 | Rotation Strength: 0.4833328381488282
Target distance: 0.11196246111256802
Aligned, walking
=========================================
Target: [2.585  2.3775] | Position: [2.54212588 2.27537012]
Target angle: 1.1733384034132497 | Robot angle: 1.0267336593724252 | Diff: 0.14660474404082446 | Rotation Strength: 0.48333487219460447
Target distance: 0.11076417023126277
Aligned, walking
=========================================
Target: [2.585  2.3775] | Position: [2.54432679 2.27851988]
Target angle: 1.1809091453978153 | Robot angle: 1.0324007707631537 | Diff: 0.1485083746346616 | Rotation Strength: 0.4863618029276504
Target distance: 0.10701109489238164
Aligned, walking
=========================================
Target: [2.585  2.3775] | Position: [2.54670499 2.28220478]
Target angle: 1.1886904815600374 | Robot angle: 1.0395274143430715 | Diff: 0.14916306721696593 | Rotation Strength: 0.4874030609833946
Target distance: 0.10270192891985877
Aligned, walking
=========================================
Target: [2.585  2.3775] | Position: [2.54963985 2.2880748 ]
Target angle: 1.1942479703982913 | Robot angle: 1.0443307380405438 | Diff: 0.14991723235774757 | Rotation Strength: 0.4886026604688646
Target distance: 0.09616239567073719
Arrived to point
=========================================
Target: [2.585  2.3875] | Position: [2.55348603 2.29688197]
Target angle: 1.2361120765408815 | Robot angle: 1.0532740453337102 | Diff: 0.18283803120717135 | Rotation Strength: 0.5409041446897827
Target distance: 0.09594142420606565
Arrived to point
=========================================
Target: [2.59   2.3925] | Position: [2.55795997 2.30668402]
Target angle: 1.2134665208644062 | Robot angle: 1.0654067004369976 | Diff: 0.14805982042740862 | Rotation Strength: 0.48564846613998125
Target distance: 0.09160210817809811
Arrived to point
=========================================
Target: [2.6    2.4075] | Position: [2.56257933 2.3163159 ]
Target angle: 1.181368783950977 | Robot angle: 1.078059824093442 | Diff: 0.10330895985753497 | Rotation Strength: 0.4152473100833942
Target distance: 0.09856392418727848
Arrived to point
=========================================
Target: [2.6    2.4125] | Position: [2.56766755 2.32624608]
Target angle: 1.2121554079247332 | Robot angle: 1.0896198100417802 | Diff: 0.12253559788295298 | Rotation Strength: 0.4452419684718376
Target distance: 0.09211474374030802
Arrived to point
=========================================
Target: [2.605  2.4225] | Position: [2.5730203  2.33566633]
Target angle: 1.2179240760681482 | Robot angle: 1.0986134281101112 | Diff: 0.11931064795803703 | Rotation Strength: 0.4401767336262471
Target distance: 0.09253532756443847
Arrived to point
=========================================
Target: [2.61   2.4275] | Position: [2.57766051 2.34566784]
Target angle: 1.1944408239790816 | Robot angle: 1.099692535306291 | Diff: 0.09474828867279061 | Rotation Strength: 0.4020781323904501
Target distance: 0.08799059900415625
Arrived to point
=========================================
Target: [2.61   2.4325] | Position: [2.57835168 2.34948105]
Target angle: 1.206585386075119 | Robot angle: 1.1041420598217666 | Diff: 0.1024433262533524 | Rotation Strength: 0.41390982361725714
Target distance: 0.08884685324412252
Arrived to point
=========================================
Target: [2.615  2.4425] | Position: [2.57795203 2.35121698]
Target angle: 1.1852499571933635 | Robot angle: 1.1079981603980498 | Diff: 0.07725179679531369 | Rotation Strength: 0.3756156321854751
Target distance: 0.09851467714092804
Arrived to point
=========================================
Target: [2.615  2.4525] | Position: [2.57785164 2.35034994]
Target angle: 1.222000373793822 | Robot angle: 1.1078634782468297 | Diff: 0.11413689554699236 | Rotation Strength: 0.43207701905871376
Target distance: 0.10869514702034314
Aligned, walking
=========================================
Target: [2.615  2.4525] | Position: [2.57812916 2.35067231]
Target angle: 1.2233912818829475 | Robot angle: 1.1089582285439077 | Diff: 0.11443305333903986 | Rotation Strength: 0.4325397295949842
Target distance: 0.10829744721163918
Aligned, walking
=========================================
Target: [2.615  2.4525] | Position: [2.57775895 2.35088596]
Target angle: 1.2195027375787308 | Robot angle: 1.110351701187012 | Diff: 0.10915103639171875 | Rotation Strength: 0.42430562282211914
Target distance: 0.10822342604640717
Aligned, walking
=========================================
Target: [2.615  2.4525] | Position: [2.57795512 2.35066741]
Target angle: 1.2218965761543448 | Robot angle: 1.1102503438992448 | Diff: 0.11164623225509995 | Rotation Strength: 0.4281904249739461
Target distance: 0.10836142588957333
Aligned, walking
=========================================
Target: [2.615  2.4525] | Position: [2.57816865 2.35277408]
Target angle: 1.217009583175309 | Robot angle: 1.1117676047302076 | Diff: 0.1052419784451013 | Rotation Strength: 0.4182384925956857
Target distance: 0.10630996269052839
Aligned, walking
=========================================
Target: [2.615  2.4525] | Position: [2.57857624 2.35520159]
Target angle: 1.2125947836511592 | Robot angle: 1.1153413270614045 | Diff: 0.0972534565897547 | Rotation Strength: 0.40591822238115005
Target distance: 0.10389259346271161
Aligned, walking
=========================================
Target: [2.615  2.4525] | Position: [2.5799454  2.35942266]
Target angle: 1.2106078972682752 | Robot angle: 1.1196520326128994 | Diff: 0.09095586465537586 | Rotation Strength: 0.396287775566424
Target distance: 0.0994596209476596
Arrived to point
=========================================
Target: [2.615  2.4675] | Position: [2.58133788 2.36402392]
Target angle: 1.2562813202629721 | Robot angle: 1.1276014636649974 | Diff: 0.12867985659797476 | Rotation Strength: 0.45492307572537916
Target distance: 0.1088137699141627
Aligned, walking
=========================================
Target: [2.615  2.4675] | Position: [2.58378041 2.3716597 ]
Target angle: 1.2558899069982514 | Robot angle: 1.1369832227398673 | Diff: 0.11890668425838413 | Rotation Strength: 0.43954310696690724
Target distance: 0.10079694991732767
Aligned, walking
=========================================
Target: [2.615  2.4675] | Position: [2.58937347 2.38500155]
Target angle: 1.2696155874486 | Robot angle: 1.14391285586124 | Diff: 0.12570273158736 | Rotation Strength: 0.45022749737954604
Target distance: 0.08638699325225577
Arrived to point
=========================================
Target: [2.625  2.4875] | Position: [2.59386433 2.39647207]
Target angle: 1.2412257064661194 | Robot angle: 1.1506518514948718 | Diff: 0.09057385497124759 | Rotation Strength: 0.3957060938649498
Target distance: 0.09620558350868258
Arrived to point
=========================================
Target: [2.625  2.4925] | Position: [2.59958315 2.40955865]
Target angle: 1.2734385126909746 | Robot angle: 1.157958828990144 | Diff: 0.11547968370083073 | Rotation Strength: 0.43417590012181473
Target distance: 0.08674839323970096
Arrived to point
=========================================
Target: [2.625  2.5025] | Position: [2.60408876 2.42176324]
Target angle: 1.3173602634296824 | Robot angle: 1.16475941709567 | Diff: 0.15260084633401227 | Rotation Strength: 0.49287227302692327
Target distance: 0.08340086222193409
Arrived to point
=========================================
Target: [2.625  2.5125] | Position: [2.60722399 2.43343366]
Target angle: 1.3496494435663609 | Robot angle: 1.1756300063479372 | Diff: 0.1740194372184236 | Rotation Strength: 0.5269344375341551
Target distance: 0.08103994268410837
Arrived to point
=========================================
Target: [2.63   2.5325] | Position: [2.61059496 2.44310774]
Target angle: 1.3570353712285144 | Robot angle: 1.1855271353729178 | Diff: 0.1715082358555966 | Rotation Strength: 0.522947702523362
Target distance: 0.09147421744723458
Arrived to point
=========================================
Target: [2.63   2.5425] | Position: [2.61373769 2.45314181]
Target angle: 1.3907763470129666 | Robot angle: 1.1885310653769636 | Diff: 0.20224528163600297 | Rotation Strength: 0.5713921740929089
Target distance: 0.09082593008309163
Arrived to point
=========================================
Target: [2.63   2.5525] | Position: [2.61653404 2.46059457]
Target angle: 1.4253117721868254 | Robot angle: 1.1884059812233216 | Diff: 0.23690579096350373 | Rotation Strength: 0.6243818630619082
Target distance: 0.09288670483165434
Arrived to point
=========================================
Target: [2.635  2.5575] | Position: [2.61852138 2.46470627]
Target angle: 1.3950452131441713 | Robot angle: 1.188128188556563 | Diff: 0.2069170245876082 | Rotation Strength: 0.5786599302377107
Target distance: 0.09424553653740149
Arrived to point
=========================================
Target: [2.635  2.5625] | Position: [2.61946154 2.4663324 ]
Target angle: 1.4106039191892936 | Robot angle: 1.186140382131816 | Diff: 0.22446353705747768 | Rotation Strength: 0.6056298985028383
Target distance: 0.09741484453359281
Arrived to point
=========================================
Target: [2.635  2.5775] | Position: [2.61887573 2.46613802]
Target angle: 1.4270041288052795 | Robot angle: 1.1871941447454306 | Diff: 0.23980998405984888 | Rotation Strength: 0.6287079228942608
Target distance: 0.11252324969574334
Aligned, walking
=========================================
Target: [2.635  2.5775] | Position: [2.61889828 2.46495342]
Target angle: 1.4286934225074797 | Robot angle: 1.1866259328125297 | Diff: 0.24206748969494996 | Rotation Strength: 0.6320565248281277
Target distance: 0.11369255641105121
Aligned, walking
=========================================
Target: [2.635  2.5775] | Position: [2.61801759 2.46261781]
Target angle: 1.4240345908150411 | Robot angle: 1.1864939856997614 | Diff: 0.23754060511527975 | Rotation Strength: 0.6253292005272753
Target distance: 0.11613061766208407
Aligned, walking
=========================================
Target: [2.635  2.5775] | Position: [2.61746138 2.46123509]
Target angle: 1.4210746760822985 | Robot angle: 1.1867054999553375 | Diff: 0.23436917612696107 | Rotation Strength: 0.6205870077175858
Target distance: 0.11758032711997869
Aligned, walking
=========================================
Target: [2.635  2.5775] | Position: [2.61725168 2.46128734]
Target angle: 1.4192445524161341 | Robot angle: 1.1871833313742792 | Diff: 0.2320612210418549 | Rotation Strength: 0.6171213578815568
Target distance: 0.11756013199496783
Aligned, walking
=========================================
Target: [2.635  2.5775] | Position: [2.61644517 2.462116  ]
Target angle: 1.4113519645906019 | Robot angle: 1.198673142958996 | Diff: 0.21267882163160579 | Rotation Strength: 0.5875764306616058
Target distance: 0.11686637479274187
Aligned, walking
=========================================
Target: [2.635  2.5775] | Position: [2.6166205  2.46494538]
Target angle: 1.4089308788544752 | Robot angle: 1.2110621751402117 | Diff: 0.19786870371426346 | Rotation Strength: 0.5645554861762723
Target distance: 0.11404538016283228
Aligned, walking
=========================================
Target: [2.635  2.5775] | Position: [2.61734912 2.47066674]
Target angle: 1.4070565408633202 | Robot angle: 1.2254379045086692 | Diff: 0.18161863635465103 | Rotation Strength: 0.5389758033773715
Target distance: 0.10828156813911448
Aligned, walking
=========================================
Target: [2.635  2.5775] | Position: [2.61941684 2.47850319]
Target angle: 1.414666680348322 | Robot angle: 1.241169818482394 | Diff: 0.17349686186592805 | Rotation Strength: 0.52610507296465
Target distance: 0.10021578804186639
Aligned, walking
=========================================
Target: [2.635  2.5775] | Position: [2.62232412 2.48843261]
Target angle: 1.4294278640855955 | Robot angle: 1.256094242211761 | Diff: 0.1733336218738346 | Rotation Strength: 0.5258459696432298
Target distance: 0.08996487451053344
Arrived to point
=========================================
Target: [2.64   2.5875] | Position: [2.625131   2.49745406]
Target angle: 1.4071462184534198 | Robot angle: 1.269610566123391 | Diff: 0.13753565233002885 | Rotation Strength: 0.4689348543128872
Target distance: 0.0912653194728369
Arrived to point
=========================================
Target: [2.64   2.5925] | Position: [2.62789673 2.50808696]
Target angle: 1.4283854298034644 | Robot angle: 1.283386442891432 | Diff: 0.14499898691203228 | Rotation Strength: 0.4807825264732283
Target distance: 0.08527631467958394
Arrived to point
=========================================
Target: [2.64   2.6175] | Position: [2.63066563 2.51798935]
Target angle: 1.4772672530466204 | Robot angle: 1.2952599451432745 | Diff: 0.18200730790334596 | Rotation Strength: 0.5395905749242318
Target distance: 0.09994748180050593
Arrived to point
=========================================
Target: [2.64   2.6325] | Position: [2.63315839 2.5297135 ]
Target angle: 1.5043329752824874 | Robot angle: 1.3059264327172686 | Diff: 0.19840654256521884 | Rotation Strength: 0.5653970272928383
Target distance: 0.1030139466900861
Aligned, walking
=========================================
Target: [2.64   2.6325] | Position: [2.6348676  2.53951793]
Target angle: 1.5156545686392304 | Robot angle: 1.3165671626452884 | Diff: 0.19908740599394203 | Rotation Strength: 0.5664618138868152
Target distance: 0.09312361195232267
Arrived to point
=========================================
Target: [2.65   2.6525] | Position: [2.6362323  2.54730837]
Target angle: 1.4406540255546076 | Robot angle: 1.3206055826068095 | Diff: 0.12004844294779815 | Rotation Strength: 0.44133448445732204
Target distance: 0.10608877491443645
Aligned, walking
=========================================
Target: [2.65   2.6525] | Position: [2.6371599 2.5517071]
Target angle: 1.444087885874061 | Robot angle: 1.3211715018379984 | Diff: 0.12291638403606253 | Rotation Strength: 0.4458408189535794
Target distance: 0.10160746236188045
Aligned, walking
=========================================
Target: [2.65   2.6525] | Position: [2.6383785  2.55435983]
Target angle: 1.4529278210204222 | Robot angle: 1.3211484189099663 | Diff: 0.1317794021104559 | Rotation Strength: 0.45982025795726345
Target distance: 0.09882586643139926
Arrived to point
=========================================
Target: [2.65   2.6625] | Position: [2.63836061 2.5540194 ]
Target angle: 1.463910534614782 | Robot angle: 1.3207727498969781 | Diff: 0.14313778471780392 | Rotation Strength: 0.4778254150104132
Target distance: 0.1091032318837805
Aligned, walking
=========================================
Target: [2.65   2.6625] | Position: [2.63815594 2.55407087]
Target angle: 1.4619945161004173 | Robot angle: 1.3207838238236285 | Diff: 0.14121069227678884 | Rotation Strength: 0.474765255459886
Target distance: 0.1090740906254683
Aligned, walking
=========================================
Target: [2.65   2.6625] | Position: [2.63810951 2.55418924]
Target angle: 1.461452920029151 | Robot angle: 1.3211108191997027 | Diff: 0.1403421008294483 | Rotation Strength: 0.4733865663523329
Target distance: 0.1089614786457904
Aligned, walking
=========================================
Target: [2.65   2.6625] | Position: [2.63834256 2.55592738]
Target angle: 1.4618445762738697 | Robot angle: 1.3224284931088892 | Diff: 0.13941608316498044 | Rotation Strength: 0.4719171736867426
Target distance: 0.10720829973971696
Aligned, walking
=========================================
Target: [2.65   2.6625] | Position: [2.6378994  2.55858253]
Target angle: 1.4548740848316033 | Robot angle: 1.327187603196804 | Diff: 0.12768648163479934 | Rotation Strength: 0.4533553724571737
Target distance: 0.10461962354006002
Aligned, walking
=========================================
Target: [2.65   2.6625] | Position: [2.63796193 2.56241743]
Target angle: 1.4510900034310303 | Robot angle: 1.3317478638225726 | Diff: 0.11934213960845774 | Rotation Strength: 0.44022613724701454
Target distance: 0.10080394536022629
Aligned, walking
=========================================
Target: [2.65   2.6625] | Position: [2.63876106 2.56879287]
Target angle: 1.451429597257441 | Robot angle: 1.3408310426877952 | Diff: 0.11059855456964574 | Rotation Strength: 0.42655817516245653
Target distance: 0.09437870800448377
Arrived to point
=========================================
Target: [2.65   2.6675] | Position: [2.64184257 2.58797197]
Target angle: 1.4685807846139864 | Robot angle: 1.3607507668701384 | Diff: 0.10783001774384804 | Rotation Strength: 0.4222526608117798
Target distance: 0.07994529904164886
Arrived to point
=========================================
Target: [2.655  2.6825] | Position: [2.64424485 2.60022478]
Target angle: 1.4408117593464755 | Robot angle: 1.370109332517524 | Diff: 0.07070242682895156 | Rotation Strength: 0.36588891601069407
Target distance: 0.08297520918462391
Arrived to point
=========================================
Target: [2.655  2.6875] | Position: [2.64708222 2.61369239]
Target angle: 1.4639291264503616 | Robot angle: 1.3789993631055282 | Diff: 0.08492976334483338 | Rotation Strength: 0.38714707192596987
Target distance: 0.07423109281876437
Arrived to point
=========================================
Target: [2.655  2.7075] | Position: [2.6482051  2.62426736]
Target angle: 1.4893395170698724 | Robot angle: 1.390418398954374 | Diff: 0.09892111811549853 | Rotation Strength: 0.40848095167680876
Target distance: 0.08350953599080319
Arrived to point
=========================================
Target: [2.655  2.7125] | Position: [2.6486518  2.63313746]
Target angle: 1.4909764027999435 | Robot angle: 1.3998347208495883 | Diff: 0.09114168195035521 | Rotation Strength: 0.3965708235965396
Target distance: 0.07961602699034552
Arrived to point
=========================================
Target: [2.655  2.7175] | Position: [2.64873968 2.64103933]
Target angle: 1.4891021668608637 | Robot angle: 1.4030935549985148 | Diff: 0.08600861186234887 | Rotation Strength: 0.3887778988648959
Target distance: 0.076716532111857
Arrived to point
=========================================
Target: [2.655  2.7275] | Position: [2.64919605 2.64617725]
Target angle: 1.4995477930527485 | Robot angle: 1.405002739523609 | Diff: 0.09454505352913944 | Rotation Strength: 0.40176711924690856
Target distance: 0.08152959920535449
Arrived to point
=========================================
Target: [2.66   2.7325] | Position: [2.64939473 2.64969072]
Target angle: 1.443421048486477 | Robot angle: 1.4065378415687588 | Diff: 0.03688320691771807 | Rotation Strength: 0.31751961038184084
Target distance: 0.08348561489733342
Arrived to point
=========================================
Target: [2.66   2.7375] | Position: [2.64963466 2.65083349]
Target angle: 1.4517614224589908 | Robot angle: 1.406454498134484 | Diff: 0.04530692432450678 | Rotation Strength: 0.3292526473082752
Target distance: 0.08728415980710498
Arrived to point
=========================================
Target: [2.66   2.7475] | Position: [2.64963497 2.65083338]
Target angle: 1.4639799779103706 | Robot angle: 1.4064328305837464 | Diff: 0.05754714732662425 | Rotation Strength: 0.3466848490569796
Target distance: 0.09722072100328477
Arrived to point
=========================================
Target: [2.665  2.7575] | Position: [2.64945758 2.64976923]
Target angle: 1.4275140413139082 | Robot angle: 1.4066593442844573 | Diff: 0.020854697029450975 | Rotation Strength: 0.2958299925057397
Target distance: 0.10884615831167935
Aligned, walking
=========================================
Target: [2.665  2.7575] | Position: [2.64945769 2.64976901]
Target angle: 1.4275152866591734 | Robot angle: 1.4066568450855996 | Diff: 0.02085844157357375 | Rotation Strength: 0.29583495843941554
Target distance: 0.1088463538009156
Aligned, walking
=========================================
Target: [2.665  2.7575] | Position: [2.64957939 2.65050432]
Target angle: 1.427658342743948 | Robot angle: 1.4065404350416522 | Diff: 0.021117907702295824 | Rotation Strength: 0.2961791745054728
Target distance: 0.10810120549389798
Aligned, walking
=========================================
Target: [2.665  2.7575] | Position: [2.64925492 2.65127983]
Target angle: 1.4236372783139144 | Robot angle: 1.4078838598645085 | Diff: 0.01575341844940592 | Rotation Strength: 0.28910996800007926
Target distance: 0.10738077599490971
Aligned, walking
=========================================
Target: [2.665  2.7575] | Position: [2.64986516 2.65241188]
Target angle: 1.4277593882096937 | Robot angle: 1.408120263435369 | Diff: 0.019639124774324834 | Rotation Strength: 0.29422048566520753
Target distance: 0.1061723874657861
Aligned, walking
=========================================
Target: [2.665  2.7575] | Position: [2.65029869 2.65498228]
Target angle: 1.4283647665857995 | Robot angle: 1.4066529040736757 | Diff: 0.02171186251212376 | Rotation Strength: 0.29696800642815235
Target distance: 0.1035664617770202
Aligned, walking
=========================================
Target: [2.665  2.7575] | Position: [2.6504024  2.65917873]
Target angle: 1.42340462010527 | Robot angle: 1.4110949141581433 | Diff: 0.012309705947126659 | Rotation Strength: 0.284625077032141
Target distance: 0.09939900479702948
Arrived to point
=========================================
Target: [2.665  2.7625] | Position: [2.6523245  2.66973267]
Target angle: 1.4349997669687333 | Robot angle: 1.4106071076155366 | Diff: 0.024392659353196677 | Rotation Strength: 0.30054341488515113
Target distance: 0.09362930178154154
Arrived to point
=========================================
Target: [2.665  2.7675] | Position: [2.6546701  2.68476566]
Target angle: 1.4465829033266804 | Robot angle: 1.4081722899685225 | Diff: 0.038410613358157875 | Rotation Strength: 0.31963048937490157
Target distance: 0.08337672590011756
Arrived to point
=========================================
Target: [2.665  2.7725] | Position: [2.65665621 2.69929644]
Target angle: 1.457305448111443 | Robot angle: 1.4061670533215924 | Diff: 0.051138394789850494 | Rotation Strength: 0.3375027233887522
Target distance: 0.07367754213086058
Arrived to point
=========================================
Target: [2.665  2.7775] | Position: [2.65890865 2.71450534]
Target angle: 1.4743996822485386 | Robot angle: 1.4067963082366983 | Diff: 0.06760337401184024 | Rotation Strength: 0.3613236922793388
Target distance: 0.06328848393081238
Arrived to point
=========================================
Target: [2.665  2.7825] | Position: [2.66160575 2.7311022 ]
Target angle: 1.5048532123951102 | Robot angle: 1.4051119676562616 | Diff: 0.0997412447388486 | Rotation Strength: 0.40974309350051463
Target distance: 0.0515097517135245
Arrived to point
=========================================
Target: [2.665  2.7875] | Position: [2.6644424  2.74818901]
Target angle: 1.556612913522713 | Robot angle: 1.4018179893778155 | Diff: 0.15479492414489737 | Rotation Strength: 0.49636383753554436
Target distance: 0.039314948317078734
Arrived to point
=========================================
Target: [2.665  2.7925] | Position: [2.66677355 2.76580766]
Target angle: 1.6371428724253825 | Robot angle: 1.4008765997547767 | Diff: 0.23626627267060574 | Rotation Strength: 0.6234265420971193
Target distance: 0.026751193030006067
Arrived to point
=========================================
Target: [2.665  2.7975] | Position: [2.66833795 2.77727594]
Target angle: 1.7343699191874995 | Robot angle: 1.4007306447116177 | Diff: 0.3336392744758818 | Rotation Strength: 0.754732436973996
Target distance: 0.02049766877660441
Arrived to point
=========================================
Target: [2.665  2.8075] | Position: [2.67019315 2.78785631]
Target angle: 1.8292508445336964 | Robot angle: 1.3997435255083142 | Diff: 0.4295073190253822 | Rotation Strength: 0.8499652480001787
Target distance: 0.020318552601993185
Arrived to point
=========================================
Target: [2.665  2.8125] | Position: [2.67084285 2.79342148]
Target angle: 1.8679796671875177 | Robot angle: 1.4009335280024722 | Diff: 0.46704613918504556 | Rotation Strength: 0.8779659886484534
Target distance: 0.01995316172883082
Arrived to point
=========================================
Target: [2.665  2.8175] | Position: [2.67139229 2.79729829]
Target angle: 1.8772515737479045 | Robot angle: 1.4015165740107935 | Diff: 0.475734999737111 | Rotation Strength: 0.8837697135392694
Target distance: 0.021188924563462344
Arrived to point
=========================================
Target: [2.665  2.8225] | Position: [2.67122704 2.79847895]
Target angle: 1.8244453623272765 | Robot angle: 1.4021985012428093 | Diff: 0.4222468610844672 | Rotation Strength: 0.8439750504840801
Target distance: 0.024815052021941078
Arrived to point
=========================================
Target: [2.665  2.8275] | Position: [2.67083744 2.79599148]
Target angle: 1.753984738818911 | Robot angle: 1.402344027933709 | Diff: 0.351640710885202 | Rotation Strength: 0.7753227198419728
Target distance: 0.03204469257388468
Arrived to point
Routine complete.
