Initilazing Navigation...
Navigation has been initialized correctly
Calibrando sistema de coordenadas del ROBOT...
El punto de origen es el más importante. Este asume que el robot está 'derecho',
es decir que el ángulo de rotación del robot será tomado como *0*.

Se asume que al momento de settear el origen, el robot está mirando en la dirección del eje Y.
Presiona enter para settear el punto de origen.
RECUERDA QUE EL ROBOT DEBE MIRAR EN LA DIRECCION DEL EJE Y DE TU SISTEMA REFERENCIADO
> Calibrated, press enter to continue...=========================================
Target: [0.22   0.1725] | Position: [-7.44675170e-04  2.34121842e-07]
Target angle: 0.6633239130388775 | Robot angle: -9.4108307648888e-06 | Diff: 0.6633333238696424 | Rotation Strength: 0.9616874173328965
Target distance: 0.28015063955621766
Aligned, walking
=========================================
Target: [0.22   0.1725] | Position: [0. 0.]
Target angle: 0.6649647173754469 | Robot angle: 0.0 | Diff: 0.6649647173754469 | Rotation Strength: 0.9620682488411169
Target distance: 0.27956439329785904
Aligned, walking
=========================================
Target: [0.22   0.1725] | Position: [0. 0.]
Target angle: 0.6649647173754469 | Robot angle: 0.0 | Diff: 0.6649647173754469 | Rotation Strength: 0.9620682488411169
Target distance: 0.27956439329785904
Aligned, walking
=========================================
Target: [0.22   0.1725] | Position: [0. 0.]
Target angle: 0.6649647173754469 | Robot angle: 0.0 | Diff: 0.6649647173754469 | Rotation Strength: 0.9620682488411169
Target distance: 0.27956439329785904
Aligned, walking
=========================================
Target: [0.22   0.1725] | Position: [-0.00027394  0.00018599]
Target angle: 0.6638369752338358 | Robot angle: 0.0007895013324832334 | Diff: 0.6630474739013525 | Rotation Strength: 0.961620311766246
Target distance: 0.2796653860915306
Aligned, walking
=========================================
Target: [0.22   0.1725] | Position: [ 5.86386055e-05 -7.11099428e-05]
Target angle: 0.6652943078421263 | Robot angle: 0.005464853613950549 | Diff: 0.6598294542281757 | Rotation Strength: 0.9608570294084463
Target distance: 0.27956214056802026
Aligned, walking
=========================================
Target: [0.22   0.1725] | Position: [0.00119076 0.00014394]
Target angle: 0.6671958756933773 | Robot angle: 0.01909056811746579 | Diff: 0.6481053075759116 | Rotation Strength: 0.9579512219582973
Target distance: 0.27853921695816186
Aligned, walking
=========================================
Target: [0.22   0.1725] | Position: [0.00154091 0.00053071]
Target angle: 0.6668823609854697 | Robot angle: 0.042842304051098345 | Diff: 0.6240400569343714 | Rotation Strength: 0.9513283427723076
Target distance: 0.27802483552116225
Aligned, walking
=========================================
Target: [0.22   0.1725] | Position: [0.00297309 0.00104914]
Target angle: 0.6686124321181426 | Robot angle: 0.07456803433397274 | Diff: 0.5940443977841698 | Rotation Strength: 0.9416845946938763
Target distance: 0.2765792410267588
Aligned, walking
=========================================
Target: [0.22   0.1725] | Position: [0.00310735 0.00213314]
Target angle: 0.6658301155030157 | Robot angle: 0.11328071940268991 | Diff: 0.5525493961003258 | Rotation Strength: 0.9253691451167306
Target distance: 0.2758029915991024
Aligned, walking
=========================================
Target: [0.22   0.1725] | Position: [0.00343702 0.00374937]
Target angle: 0.6619423863471599 | Robot angle: 0.15458596258434953 | Diff: 0.5073564237628103 | Rotation Strength: 0.9029053373185448
Target distance: 0.2745474413606341
Aligned, walking
=========================================
Target: [0.22   0.1725] | Position: [0.00411814 0.00462022]
Target angle: 0.6609613766577551 | Robot angle: 0.19902215490424613 | Diff: 0.461939221753509 | Rotation Strength: 0.8744396126995366
Target distance: 0.2734750380457354
Aligned, walking
=========================================
Target: [0.22   0.1725] | Position: [0.00550193 0.00559917]
Target angle: 0.6612435512725527 | Robot angle: 0.2447587390656536 | Diff: 0.41648481220689915 | Rotation Strength: 0.8390835048023753
Target distance: 0.2717817328635704
Aligned, walking
=========================================
Target: [0.22   0.1725] | Position: [0.00767186 0.00680227]
Target angle: 0.6626657143239458 | Robot angle: 0.2910912465277966 | Diff: 0.3715744677961492 | Rotation Strength: 0.7966548158371987
Target distance: 0.2693306112638706
Aligned, walking
=========================================
Target: [0.22   0.1725] | Position: [0.00989197 0.0082044 ]
Target angle: 0.663642339008323 | Robot angle: 0.33618783514910433 | Diff: 0.3274545038592187 | Rotation Strength: 0.7473710776563398
Target distance: 0.26671788058658963
Aligned, walking
=========================================
Target: [0.22   0.1725] | Position: [0.01351999 0.01074906]
Target angle: 0.6645202133971293 | Robot angle: 0.3786511588088173 | Diff: 0.285869054588312 | Rotation Strength: 0.6942148841825899
Target distance: 0.2622925104966659
Aligned, walking
=========================================
Target: [0.22   0.1725] | Position: [0.01833635 0.01371182]
Target angle: 0.6670052127373154 | Robot angle: 0.4203109312279536 | Diff: 0.2466942815093618 | Rotation Strength: 0.6388795946713142
Target distance: 0.2566747262910336
Aligned, walking
=========================================
Target: [0.22   0.1725] | Position: [0.0228504  0.01763706]
Target angle: 0.66584279407838 | Robot angle: 0.46358991862273724 | Diff: 0.20225287545564274 | Rotation Strength: 0.5714040135908529
Target distance: 0.25070000758817174
Aligned, walking
=========================================
Target: [0.22   0.1725] | Position: [0.02762258 0.0219319 ]
Target angle: 0.664084393829445 | Robot angle: 0.5043561307845912 | Diff: 0.15972826304485377 | Rotation Strength: 0.5042153262770777
Target distance: 0.2442945441602068
Aligned, walking
=========================================
Target: [0.22   0.1725] | Position: [0.03443733 0.02636617]
Target angle: 0.6670831337850256 | Robot angle: 0.5400870675037917 | Diff: 0.12699606628123394 | Rotation Strength: 0.45226633031337615
Target distance: 0.23619610641520097
Aligned, walking
=========================================
Target: [0.22   0.1725] | Position: [0.04285225 0.03150338]
Target angle: 0.6722522785041067 | Robot angle: 0.5733233807136466 | Diff: 0.0989288977904601 | Rotation Strength: 0.408492918643646
Target distance: 0.2264097478221016
Aligned, walking
=========================================
Target: [0.22   0.1725] | Position: [0.0559099  0.04041857]
Target angle: 0.6777412619292109 | Robot angle: 0.6034986045322097 | Diff: 0.0742426573970012 | Rotation Strength: 0.3711336383754491
Target distance: 0.21064440067028836
Aligned, walking
=========================================
Target: [0.22   0.1725] | Position: [0.06890987 0.05164792]
Target angle: 0.6746601116885671 | Robot angle: 0.6337553849238935 | Diff: 0.040904726764673605 | Rotation Strength: 0.32309327636809804
Target distance: 0.19347726530584858
Arrived to point
=========================================
Target: [0.225  0.1775] | Position: [0.08510297 0.06447352]
Target angle: 0.6795553262805538 | Robot angle: 0.6576958171513887 | Diff: 0.021859509129165122 | Rotation Strength: 0.29716428425138075
Target distance: 0.1798503940441799
Arrived to point
=========================================
Target: [0.235  0.1925] | Position: [0.10314473 0.07853455]
Target angle: 0.7127503533908626 | Robot angle: 0.6775674812917458 | Diff: 0.035182872099116747 | Rotation Strength: 0.3151785422260851
Target distance: 0.17428119907155323
Arrived to point
=========================================
Target: [0.245  0.2175] | Position: [0.12408203 0.09598444]
Target angle: 0.7878631244012197 | Robot angle: 0.6907807274524091 | Diff: 0.0970823969488106 | Rotation Strength: 0.40565563858525144
Target distance: 0.1714269118310015
Arrived to point
=========================================
Target: [0.255  0.2325] | Position: [0.14666083 0.11536938]
Target angle: 0.8243700827516509 | Robot angle: 0.6988210324272295 | Diff: 0.12554905032442143 | Rotation Strength: 0.44998534157058034
Target distance: 0.1595523659859628
Arrived to point
=========================================
Target: [0.26   0.2575] | Position: [0.16916568 0.13729522]
Target angle: 0.9236806692879522 | Robot angle: 0.6981896106659171 | Diff: 0.2254910586220351 | Rotation Strength: 0.6071911786233197
Target distance: 0.15066540121718675
Arrived to point
=========================================
Target: [0.27   0.2725] | Position: [0.18827018 0.15782681]
Target angle: 0.9515846586584189 | Robot angle: 0.6997709567766064 | Diff: 0.2518137018818125 | Rotation Strength: 0.6463642602720275
Target distance: 0.14081798300573653
Arrived to point
=========================================
Target: [0.28   0.2975] | Position: [0.21956213 0.19556335]
Target angle: 1.0356164169809965 | Robot angle: 0.6981850737761448 | Diff: 0.3374313432048517 | Rotation Strength: 0.7591736946577061
Target distance: 0.1185066095377528
Arrived to point
=========================================
Target: [0.29   0.3225] | Position: [0.23224663 0.21119192]
Target angle: 1.0921743924219287 | Robot angle: 0.6949740158995859 | Diff: 0.39720037652234286 | Rotation Strength: 0.8218096053209845
Target distance: 0.12539912811181095
Arrived to point
=========================================
Target: [0.305  0.3475] | Position: [0.24341378 0.224077  ]
Target angle: 1.107961084085236 | Robot angle: 0.6938342919554459 | Diff: 0.4141267921297902 | Rotation Strength: 0.8370462682435026
Target distance: 0.13793512438793612
Arrived to point
=========================================
Target: [0.315  0.3725] | Position: [0.2550029  0.23624755]
Target angle: 1.1560064763283773 | Robot angle: 0.6930971128002561 | Diff: 0.4629093635281212 | Rotation Strength: 0.8751161523260949
Target distance: 0.14887707180096005
Arrived to point
=========================================
Target: [0.33   0.4025] | Position: [0.26070659 0.24601163]
Target angle: 1.1539441394513181 | Robot angle: 0.7049746851625143 | Diff: 0.44896945428880386 | Rotation Strength: 0.8650903103976145
Target distance: 0.171143761292966
Arrived to point
=========================================
Target: [0.35   0.4325] | Position: [0.26311197 0.25331246]
Target angle: 1.1193015378924667 | Robot angle: 0.7253162821985049 | Diff: 0.3939852556939618 | Rotation Strength: 0.8187925189087844
Target distance: 0.19914242219256603
Arrived to point
=========================================
Target: [0.36   0.4575] | Position: [0.26349606 0.25723299]
Target angle: 1.121752450279942 | Robot angle: 0.7458809983368306 | Diff: 0.37587145194311145 | Rotation Strength: 0.8010503428875662
Target distance: 0.22230583474904542
Aligned, walking
=========================================
Target: [0.36   0.4575] | Position: [0.26196542 0.25816039]
Target angle: 1.113732787477569 | Robot angle: 0.7770152590244632 | Diff: 0.3367175284531059 | Rotation Strength: 0.758341889203429
Target distance: 0.22214197497388713
Aligned, walking
=========================================
Target: [0.36   0.4575] | Position: [0.25911422 0.2570261 ]
Target angle: 1.1045628970875132 | Robot angle: 0.8152951623910516 | Diff: 0.2892677346964616 | Rotation Strength: 0.6987885312828039
Target distance: 0.22442755051831295
Aligned, walking
=========================================
Target: [0.36   0.4575] | Position: [0.25651647 0.25488699]
Target angle: 1.098589920466912 | Robot angle: 0.8548132292000554 | Diff: 0.24377669126685664 | Rotation Strength: 0.6345833928136604
Target distance: 0.2275101567001469
Aligned, walking
=========================================
Target: [0.36   0.4575] | Position: [0.25320676 0.25345533]
Target angle: 1.0886188084160562 | Robot angle: 0.8962362786121227 | Diff: 0.19238252980393344 | Rotation Strength: 0.555950994851679
Target distance: 0.2303020279997764
Aligned, walking
=========================================
Target: [0.36   0.4575] | Position: [0.25129303 0.25341409]
Target angle: 1.0813688451523547 | Robot angle: 0.9394167709964609 | Diff: 0.14195207415589373 | Rotation Strength: 0.4759423338535792
Target distance: 0.2312320593438898
Aligned, walking
=========================================
Target: [0.36   0.4575] | Position: [0.25371356 0.25866715]
Target angle: 1.0798909342399563 | Robot angle: 0.9831335259254725 | Diff: 0.09675740831448376 | Rotation Strength: 0.4051569159934896
Target distance: 0.2254579979147858
Aligned, walking
=========================================
Target: [0.36   0.4575] | Position: [0.25676137 0.26589171]
Target angle: 1.0765922745663072 | Robot angle: 1.0255746347076862 | Diff: 0.05101763985862107 | Rotation Strength: 0.33733085654285344
Target distance: 0.21765098783298645
Aligned, walking
=========================================
Target: [0.36   0.4575] | Position: [0.2604235 0.2768517]
Target angle: 1.0670188710391546 | Robot angle: 1.0684124359361977 | Diff: -0.0013935648970431203 | Rotation Strength: 0.27068927679833976
Target distance: 0.2062747913340845
Aligned, walking
=========================================
Target: [0.36   0.4575] | Position: [0.26645198 0.2921002 ]
Target angle: 1.0560647429400412 | Robot angle: 1.1027222722250327 | Diff: -0.04665752928499156 | Rotation Strength: 0.33115430389899714
Target distance: 0.19002191120763726
Arrived to point
=========================================
Target: [0.375  0.4975] | Position: [0.27544866 0.31293944]
Target angle: 1.0761303570996361 | Robot angle: 1.128651747682726 | Diff: -0.05252139058308991 | Rotation Strength: 0.3394741532901153
Target distance: 0.2096975675995505
Aligned, walking
=========================================
Target: [0.375  0.4975] | Position: [0.28327216 0.33789979]
Target angle: 1.0491611684889968 | Robot angle: 1.148322362161223 | Diff: -0.09916119367222631 | Rotation Strength: 0.40885029417124863
Target distance: 0.18408211447628547
Arrived to point
=========================================
Target: [0.385  0.5225] | Position: [0.29218106 0.36415438]
Target angle: 1.0406010073318281 | Robot angle: 1.1606116408456089 | Diff: -0.12001063351378072 | Rotation Strength: 0.4412751381238701
Target distance: 0.18354478963951135
Arrived to point
=========================================
Target: [0.41   0.5475] | Position: [0.30290907 0.39347085]
Target angle: 0.9632559048444556 | Robot angle: 1.1690303288883488 | Diff: -0.20577442404389323 | Rotation Strength: 0.5768854246565325
Target distance: 0.18759916345429517
Arrived to point
=========================================
Target: [0.44   0.5925] | Position: [0.30290907 0.39347085]
Target angle: 0.9676279241554644 | Robot angle: 1.1690303288883488 | Diff: -0.2014024047328844 | Rotation Strength: 0.5700775426309197
Target distance: 0.24167442015576973
Aligned, walking
=========================================
Target: [0.44   0.5925] | Position: [0.3223695  0.45422878]
Target angle: 0.865882706035686 | Robot angle: 1.1670216419485575 | Diff: -0.30113893591287155 | Rotation Strength: 0.7144528842025328
Target distance: 0.18153750527346849
Arrived to point
=========================================
Target: [0.455  0.6325] | Position: [0.32934682 0.48387493]
Target angle: 0.8689571278519415 | Robot angle: 1.1621446326284683 | Diff: -0.2931875047765269 | Rotation Strength: 0.704014737471645
Target distance: 0.1946230535566069
Arrived to point
=========================================
Target: [0.485  0.6875] | Position: [0.33551207 0.51167777]
Target angle: 0.8661733833892962 | Robot angle: 1.152587908146253 | Diff: -0.2864145247569567 | Rotation Strength: 0.6949515459894092
Target distance: 0.2307814966580851
Aligned, walking
=========================================
Target: [0.485  0.6875] | Position: [0.34196882 0.53989298]
Target angle: 0.8011409918920078 | Robot angle: 1.1383166690554534 | Diff: -0.33717567716344554 | Rotation Strength: 0.7588759929071537
Target distance: 0.2055377114301125
Aligned, walking
=========================================
Target: [0.485  0.6875] | Position: [0.34798551 0.56105725]
Target angle: 0.7452926979913617 | Robot angle: 1.1185809990223303 | Diff: -0.37328830103096866 | Rotation Strength: 0.7984165690129353
Target distance: 0.18644232629758628
Arrived to point
=========================================
Target: [0.5    0.7275] | Position: [0.35452555 0.58002561]
Target angle: 0.7922249811056523 | Robot angle: 1.1011648798633242 | Diff: -0.3089398987576719 | Rotation Strength: 0.7244757174396292
Target distance: 0.2071509440185095
Aligned, walking
=========================================
Target: [0.5    0.7275] | Position: [0.36391832 0.59696939]
Target angle: 0.7645804087663168 | Robot angle: 1.0689941217219916 | Diff: -0.30441371295567476 | Rotation Strength: 0.7186869754988006
Target distance: 0.18856422233809614
Arrived to point
=========================================
Target: [0.52   0.7675] | Position: [0.37192104 0.60889797]
Target angle: 0.8196974656598113 | Robot angle: 1.0311133379506003 | Diff: -0.21141587229078906 | Rotation Strength: 0.5856266872415217
Target distance: 0.21698382428659618
Aligned, walking
=========================================
Target: [0.52   0.7675] | Position: [0.37974389 0.6215265 ]
Target angle: 0.8053703569637221 | Robot angle: 0.992069434105133 | Diff: -0.18669907714141099 | Rotation Strength: 0.5470016262446646
Target distance: 0.20243527568454214
Aligned, walking
=========================================
Target: [0.52   0.7675] | Position: [0.38529372 0.62798481]
Target angle: 0.8029329359582826 | Robot angle: 0.949070873017833 | Diff: -0.14613793705955036 | Rotation Strength: 0.48259278845073916
Target distance: 0.19393367500921324
Arrived to point
=========================================
Target: [0.535  0.7975] | Position: [0.38894524 0.63240301]
Target angle: 0.8465210866300015 | Robot angle: 0.9106758762607798 | Diff: -0.06415478963077836 | Rotation Strength: 0.35627288716171457
Target distance: 0.2204291499538345
Aligned, walking
=========================================
Target: [0.535  0.7975] | Position: [0.39125244 0.63344284]
Target angle: 0.8512847518226341 | Robot angle: 0.8657031620913518 | Diff: -0.014418410268717707 | Rotation Strength: 0.2873663585077386
Target distance: 0.2181240823318161
Aligned, walking
=========================================
Target: [0.535  0.7975] | Position: [0.39281293 0.63229048]
Target angle: 0.8601535255747166 | Robot angle: 0.8258210612678178 | Diff: 0.034332464306898736 | Rotation Strength: 0.3140111791310003
Target distance: 0.21797098006521307
Aligned, walking
=========================================
Target: [0.535  0.7975] | Position: [0.39429322 0.6311849 ]
Target angle: 0.868614336711758 | Robot angle: 0.7860392341334679 | Diff: 0.08257510257829015 | Rotation Strength: 0.3835964982850415
Target distance: 0.21785112274048885
Aligned, walking
=========================================
Target: [0.535  0.7975] | Position: [0.39551674 0.62947947]
Target angle: 0.8779360992702276 | Robot angle: 0.7484559443557375 | Diff: 0.12948015491449016 | Rotation Strength: 0.4561867251436499
Target distance: 0.21837234303403952
Aligned, walking
=========================================
Target: [0.535  0.7975] | Position: [0.39843513 0.62947959]
Target angle: 0.8883066892624063 | Robot angle: 0.7141464206403265 | Diff: 0.17416026862207978 | Rotation Strength: 0.5271579218404072
Target distance: 0.21651979379805503
Aligned, walking
=========================================
Target: [0.535  0.7975] | Position: [0.40141524 0.62885212]
Target angle: 0.9008955199111854 | Robot angle: 0.6814409886812212 | Diff: 0.21945453122996428 | Rotation Strength: 0.5979885262863651
Target distance: 0.21514413311111
Aligned, walking
=========================================
Target: [0.535  0.7975] | Position: [0.40526933 0.62923419]
Target angle: 0.9139985562686759 | Robot angle: 0.6567227370964588 | Diff: 0.2572758191722171 | Rotation Strength: 0.6542715263291654
Target distance: 0.21246983060077743
Aligned, walking
=========================================
Target: [0.535  0.7975] | Position: [0.41562627 0.63547754]
Target angle: 0.9358145399485371 | Robot angle: 0.6362048376233318 | Diff: 0.29960970232520534 | Rotation Strength: 0.7124626254292761
Target distance: 0.2012495119215108
Aligned, walking
=========================================
Target: [0.535  0.7975] | Position: [0.42354013 0.64162283]
Target angle: 0.9500413809610881 | Robot angle: 0.6268411710043358 | Diff: 0.32320020995675236 | Rotation Strength: 0.7422233011307302
Target distance: 0.19162723054361985
Arrived to point
=========================================
Target: [0.545  0.8225] | Position: [0.43551918 0.65023932]
Target angle: 1.0046441690824892 | Robot angle: 0.6215709390573685 | Diff: 0.3830732300251207 | Rotation Strength: 0.8082563462177375
Target distance: 0.20410730492455934
Aligned, walking
=========================================
Target: [0.545  0.8225] | Position: [0.45035335 0.6608184 ]
Target angle: 1.041189377406801 | Robot angle: 0.6207573679486456 | Diff: 0.4204320094581555 | Rotation Strength: 0.8424475918335326
Target distance: 0.18734707597488673
Arrived to point
=========================================
Target: [0.57   0.8625] | Position: [0.46566524 0.67129731]
Target angle: 1.0712787927891494 | Robot angle: 0.6244100689089875 | Diff: 0.44686872388016186 | Rotation Strength: 0.8635218476474045
Target distance: 0.21781692235461203
Aligned, walking
=========================================
Target: [0.57   0.8625] | Position: [0.47879069 0.68368694]
Target angle: 1.09911573235751 | Robot angle: 0.6350292271253801 | Diff: 0.4640865052321299 | Rotation Strength: 0.8759328469286181
Target distance: 0.2007317856238853
Aligned, walking
=========================================
Target: [0.57   0.8625] | Position: [0.49190841 0.6951366 ]
Target angle: 1.134224734718213 | Robot angle: 0.6636750606052018 | Diff: 0.4705496741130113 | Rotation Strength: 0.8803356235912628
Target distance: 0.18468568764779955
Arrived to point
=========================================
Target: [0.58   0.8875] | Position: [0.50504442 0.70603852]
Target angle: 1.1790770869404978 | Robot angle: 0.6940952670658018 | Diff: 0.484981819874696 | Rotation Strength: 0.8896813292988532
Target distance: 0.19633290486060206
Arrived to point
=========================================
Target: [0.595  0.9175] | Position: [0.51174772 0.71400172]
Target angle: 1.1824650486480408 | Robot angle: 0.7337507569015478 | Diff: 0.448714291746493 | Rotation Strength: 0.8649006139591778
Target distance: 0.21986926454116842
Aligned, walking
=========================================
Target: [0.595  0.9175] | Position: [0.51531816 0.71932698]
Target angle: 1.1884962710502336 | Robot angle: 0.7762767508896324 | Diff: 0.41221952016060115 | Rotation Strength: 0.835383306963677
Target distance: 0.21359246202645607
Aligned, walking
=========================================
Target: [0.595  0.9175] | Position: [0.51913701 0.72483275]
Target angle: 1.1956883081177052 | Robot angle: 0.8167730990234632 | Diff: 0.37891520909424203 | Rotation Strength: 0.8041204499555195
Target distance: 0.20706487411461913
Aligned, walking
=========================================
Target: [0.595  0.9175] | Position: [0.52159611 0.72918422]
Target angle: 1.1991212447047435 | Robot angle: 0.8612692005858991 | Diff: 0.3378520441188444 | Rotation Strength: 0.7596630192451665
Target distance: 0.202116215290049
Aligned, walking
=========================================
Target: [0.595  0.9175] | Position: [0.52235458 0.73181651]
Target angle: 1.1978708897799164 | Robot angle: 0.9070472200180104 | Diff: 0.290823669761906 | Rotation Strength: 0.7008693344531993
Target distance: 0.19938835510664588
Arrived to point
=========================================
Target: [0.605  0.9575] | Position: [0.52255595 0.73342657]
Target angle: 1.218235593239556 | Robot angle: 0.9498050347922371 | Diff: 0.268430558447319 | Rotation Strength: 0.6701540778759076
Target distance: 0.2387591324696298
Aligned, walking
=========================================
Target: [0.605  0.9575] | Position: [0.52054362 0.73434328]
Target angle: 1.2089937842717884 | Robot angle: 0.9968447428401124 | Diff: 0.212149041431676 | Rotation Strength: 0.5867588858384638
Target distance: 0.238603856975551
Aligned, walking
=========================================
Target: [0.605  0.9575] | Position: [0.51801973 0.73443533]
Target angle: 1.1989984391646473 | Robot angle: 1.0400438004276094 | Diff: 0.15895463873703797 | Rotation Strength: 0.5029841293914279
Target distance: 0.23942309046656637
Aligned, walking
=========================================
Target: [0.605  0.9575] | Position: [0.51715828 0.73688631]
Target angle: 1.1918686579097155 | Robot angle: 1.0841384811002905 | Diff: 0.10773017680942498 | Rotation Strength: 0.42209760871864965
Target distance: 0.23745855567311158
Aligned, walking
=========================================
Target: [0.605  0.9575] | Position: [0.51734674 0.74197599]
Target angle: 1.1845288525048794 | Robot angle: 1.1242507869549918 | Diff: 0.06027806554988757 | Rotation Strength: 0.35063300763099225
Target distance: 0.23266648227125278
Aligned, walking
=========================================
Target: [0.605  0.9575] | Position: [0.52156539 0.75156982]
Target angle: 1.1858498547535996 | Robot angle: 1.1589838176917633 | Diff: 0.026866037061836323 | Rotation Strength: 0.3038638550266116
Target distance: 0.22219039952937797
Aligned, walking
=========================================
Target: [0.605  0.9575] | Position: [0.52293701 0.76333631]
Target angle: 1.1709191315728642 | Robot angle: 1.1957674535698466 | Diff: -0.024848321996982392 | Rotation Strength: 0.30115357325852554
Target distance: 0.21079343535968714
Aligned, walking
=========================================
Target: [0.605  0.9575] | Position: [0.52404959 0.77448719]
Target angle: 1.1543465722576878 | Robot angle: 1.222759287228362 | Diff: -0.06841271497067414 | Rotation Strength: 0.3625135590856051
Target distance: 0.20011660927089622
Aligned, walking
=========================================
Target: [0.605  0.9575] | Position: [0.52730671 0.7910459 ]
Target angle: 1.1340965950157473 | Robot angle: 1.2419339405383463 | Diff: -0.10783734552259894 | Rotation Strength: 0.42226404139175644
Target distance: 0.18369326514106898
Arrived to point
=========================================
Target: [0.62   0.9875] | Position: [0.53216446 0.81239262]
Target angle: 1.105861899261142 | Robot angle: 1.257368737317174 | Diff: -0.15150683805603204 | Rotation Strength: 0.4911315520611027
Target distance: 0.19590221314416678
Arrived to point
=========================================
Target: [0.655  1.0475] | Position: [0.53737291 0.84017034]
Target angle: 1.0547353185756139 | Robot angle: 1.2650560582241077 | Diff: -0.21032073964849385 | Rotation Strength: 0.5839338427527104
Target distance: 0.23837307270532468
Aligned, walking
=========================================
Target: [0.655  1.0475] | Position: [0.54431675 0.8696161 ]
Target angle: 1.0141972625633162 | Robot angle: 1.2695682397775556 | Diff: -0.2553709772142394 | Rotation Strength: 0.6515233781676395
Target distance: 0.2095076727968239
Aligned, walking
=========================================
Target: [0.655  1.0475] | Position: [0.55323492 0.89883809]
Target angle: 0.970521491000504 | Robot angle: 1.2665409422147134 | Diff: -0.29601945121420936 | Rotation Strength: 0.7077576598121711
Target distance: 0.18015686253087335
Arrived to point
=========================================
Target: [0.67   1.0725] | Position: [0.56050682 0.93032873]
Target angle: 0.9145235400542848 | Robot angle: 1.261862655380651 | Diff: -0.3473391153263661 | Rotation Strength: 0.7705164200113359
Target distance: 0.1794475571806773
Arrived to point
=========================================
Target: [0.685  1.1075] | Position: [0.56874167 0.95787877]
Target angle: 0.9102269853109979 | Robot angle: 1.2529333143170973 | Diff: -0.34270632900609943 | Rotation Strength: 0.7652598428021677
Target distance: 0.18947957863722875
Arrived to point
=========================================
Target: [0.705  1.1425] | Position: [0.57536337 0.98389886]
Target angle: 0.8855502028691804 | Robot angle: 1.2369779293746488 | Diff: -0.3514277265054684 | Rotation Strength: 0.7750864372995866
Target distance: 0.20484134469202514
Aligned, walking
=========================================
Target: [0.705  1.1425] | Position: [0.58213018 1.00638549]
Target angle: 0.836494556760575 | Robot angle: 1.2193491596240067 | Diff: -0.38285460286343165 | Rotation Strength: 0.8080405515741096
Target distance: 0.18336889820746322
Arrived to point
=========================================
Target: [0.73   1.1725] | Position: [0.58888571 1.02563415]
Target angle: 0.8053675881723859 | Robot angle: 1.193177108149448 | Diff: -0.38780951997706214 | Rotation Strength: 0.8128858877120746
Target distance: 0.20367332090374018
Aligned, walking
=========================================
Target: [0.73   1.1725] | Position: [0.59602139 1.04266896]
Target angle: 0.7696776461762727 | Robot angle: 1.1567775859730078 | Diff: -0.3870999397967352 | Rotation Strength: 0.8121978198762799
Target distance: 0.1865646452666415
Arrived to point
=========================================
Target: [0.75   1.2225] | Position: [0.60232935 1.05525205]
Target angle: 0.847484480228009 | Robot angle: 1.1190907825994945 | Diff: -0.2716063023714854 | Rotation Strength: 0.6746076162518875
Target distance: 0.22311095358924118
Aligned, walking
=========================================
Target: [0.75   1.2225] | Position: [0.6086871  1.06775449]
Target angle: 0.8307385473430111 | Robot angle: 1.0784203815474616 | Diff: -0.24768183420445045 | Rotation Strength: 0.6403288035588668
Target distance: 0.2095602726215653
Aligned, walking
=========================================
Target: [0.75   1.2225] | Position: [0.61462978 1.07532013]
Target angle: 0.8271705131729763 | Robot angle: 1.0387173362801168 | Diff: -0.21154682310714046 | Rotation Strength: 0.5858289751595159
Target distance: 0.19996752560615091
Arrived to point
=========================================
Target: [0.76   1.2425] | Position: [0.61766535 1.0792347 ]
Target angle: 0.85378173571404 | Robot angle: 0.9969428529065238 | Diff: -0.1431611171924838 | Rotation Strength: 0.4778624768807045
Target distance: 0.21659803782047357
Aligned, walking
=========================================
Target: [0.76   1.2425] | Position: [0.61922078 1.08146287]
Target angle: 0.8524176408161583 | Robot angle: 0.957485125413676 | Diff: -0.10506748459751769 | Rotation Strength: 0.41796822763928976
Target distance: 0.21389657733686301
Aligned, walking
=========================================
Target: [0.76   1.2425] | Position: [0.62132965 1.08455034]
Target angle: 0.8503035017853655 | Robot angle: 0.9185720071190957 | Diff: -0.06826850533373019 | Rotation Strength: 0.3623014228934269
Target distance: 0.2101845886950189
Aligned, walking
=========================================
Target: [0.76   1.2425] | Position: [0.62182925 1.08460428]
Target angle: 0.8519232841880786 | Robot angle: 0.8791362579488657 | Diff: -0.02721297376078713 | Rotation Strength: 0.3043312581308456
Target distance: 0.20981471582433456
Aligned, walking
=========================================
Target: [0.76   1.2425] | Position: [0.62202777 1.08400904]
Target angle: 0.8544996968058882 | Robot angle: 0.8412478933294945 | Diff: 0.013251803476393764 | Rotation Strength: 0.2858478417829533
Target distance: 0.2101326289282955
Aligned, walking
=========================================
Target: [0.76   1.2425] | Position: [0.62192067 1.08251816]
Target angle: 0.8587495893467825 | Robot angle: 0.8061617207996954 | Diff: 0.05258786854708708 | Rotation Strength: 0.3395690571469172
Target distance: 0.21132934670436704
Aligned, walking
=========================================
Target: [0.76   1.2425] | Position: [0.62322167 1.08155586]
Target angle: 0.8663895424365986 | Robot angle: 0.7753907469505381 | Diff: 0.09099879548606049 | Rotation Strength: 0.3963531642159658
Target distance: 0.2112139381142442
Aligned, walking
=========================================
Target: [0.76   1.2425] | Position: [0.62326955 1.07986997]
Target angle: 0.8716996365745588 | Robot angle: 0.7444159984711005 | Diff: 0.12728363810345833 | Rotation Strength: 0.4527198832468524
Target distance: 0.21247056741231796
Aligned, walking
=========================================
Target: [0.76   1.2425] | Position: [0.62872314 1.0848885 ]
Target angle: 0.876305436228165 | Robot angle: 0.719495078489274 | Diff: 0.15681035773889107 | Rotation Strength: 0.49957143572648033
Target distance: 0.205121917042611
Aligned, walking
=========================================
Target: [0.76   1.2425] | Position: [0.63426509 1.09000094]
Target angle: 0.8812960542734594 | Robot angle: 0.7001469002806191 | Diff: 0.18114915399284026 | Rotation Strength: 0.5382330533727402
Target distance: 0.19764925938312497
Arrived to point
=========================================
Target: [0.78   1.2825] | Position: [0.64331772 1.09930607]
Target angle: 0.9297913780214797 | Robot angle: 0.6893080969327476 | Diff: 0.24048328108873207 | Rotation Strength: 0.6297079487838946
Target distance: 0.22856522913962127
Aligned, walking
=========================================
Target: [0.78   1.2825] | Position: [0.67394288 1.12462798]
Target angle: 0.979253953541436 | Robot angle: 0.6798857284069797 | Diff: 0.29936822513445627 | Rotation Strength: 0.7121475936157655
Target distance: 0.1901885570187624
Arrived to point
=========================================
Target: [0.79   1.2975] | Position: [0.69180913 1.13945567]
Target angle: 1.0148715803926533 | Robot angle: 0.6854288136951348 | Diff: 0.3294427666975186 | Rotation Strength: 0.7497534507815147
Target distance: 0.1860630498993529
Arrived to point
=========================================
Target: [0.805  1.3225] | Position: [0.70809692 1.15330247]
Target angle: 1.0506760406976303 | Robot angle: 0.7012643984169342 | Diff: 0.3494116422806961 | Rotation Strength: 0.7728410841286896
Target distance: 0.19498208089209784
Arrived to point
=========================================
Target: [0.815  1.3425] | Position: [0.72432144 1.16940481]
Target angle: 1.0882392686198923 | Robot angle: 0.7243260652598669 | Diff: 0.3639132033600254 | Rotation Strength: 0.7886393840349066
Target distance: 0.19540866579899732
Arrived to point
=========================================
Target: [0.825  1.3725] | Position: [0.74155003 1.18287916]
Target angle: 1.1562152377262471 | Robot angle: 0.750544403800101 | Diff: 0.4056708339261461 | Rotation Strength: 0.8295697031626006
Target distance: 0.20717132697321014
Aligned, walking
=========================================
Target: [0.825  1.3725] | Position: [0.7529287  1.19564217]
Target angle: 1.183832760974565 | Robot angle: 0.7811466541426473 | Diff: 0.40268610683191763 | Rotation Strength: 0.8268663704029914
Target distance: 0.19097896053496868
Arrived to point
=========================================
Target: [0.845  1.3975] | Position: [0.75946302 1.20567242]
Target angle: 1.1513525691508377 | Robot angle: 0.8161431286390748 | Diff: 0.33520944051176293 | Rotation Strength: 0.7565780930932056
Target distance: 0.21003427610661501
Aligned, walking
=========================================
Target: [0.845  1.3975] | Position: [0.76419395 1.21316412]
Target angle: 1.1576616603184773 | Robot angle: 0.8423336718200214 | Diff: 0.3153279884984559 | Rotation Strength: 0.7325189175593645
Target distance: 0.20126931232837963
Aligned, walking
=========================================
Target: [0.845  1.3975] | Position: [0.76839364 1.22167132]
Target angle: 1.1599081846468726 | Robot angle: 0.8823329946201657 | Diff: 0.27757519002670694 | Rotation Strength: 0.6828929163555338
Target distance: 0.19179223253337965
Arrived to point
=========================================
Target: [0.845  1.4075] | Position: [0.77027115 1.22630966]
Target angle: 1.1796181450617809 | Robot angle: 0.9236384067736614 | Diff: 0.2559797382881195 | Rotation Strength: 0.652402755265933
Target distance: 0.19599576800418708
Arrived to point
=========================================
Target: [0.86   1.4225] | Position: [0.77225224 1.23001068]
Target angle: 1.1430817106203008 | Robot angle: 0.9656238000374628 | Diff: 0.177457910582838 | Rotation Strength: 0.5323876245336099
Target distance: 0.21154622923547575
Aligned, walking
=========================================
Target: [0.86   1.4225] | Position: [0.77289925 1.23252573]
Target angle: 1.1409070075563728 | Robot angle: 1.0095788615180403 | Diff: 0.13132814603833243 | Rotation Strength: 0.45910678231631274
Target distance: 0.20898986659927268
Aligned, walking
=========================================
Target: [0.86   1.4225] | Position: [0.77222494 1.23411708]
Target angle: 1.134766400586738 | Robot angle: 1.050181496554484 | Diff: 0.08458490403225394 | Rotation Strength: 0.38662630120071495
Target distance: 0.20782825510888522
Aligned, walking
=========================================
Target: [0.86   1.4225] | Position: [0.77013226 1.23494648]
Target angle: 1.1239610369973114 | Robot angle: 1.0886873115436622 | Diff: 0.03527372545364926 | Rotation Strength: 0.3153033959523516
Target distance: 0.20797243343809307
Aligned, walking
=========================================
Target: [0.86   1.4225] | Position: [0.76823391 1.23802542]
Target angle: 1.1091942582175456 | Robot angle: 1.1226074903605596 | Diff: -0.013413232143014042 | Rotation Strength: 0.2860576787524546
Target distance: 0.2060385551214376
Aligned, walking
=========================================
Target: [0.86   1.4225] | Position: [0.7677454  1.24118758]
Target angle: 1.1001210877342817 | Robot angle: 1.1554597393094985 | Diff: -0.05533865157521678 | Rotation Strength: 0.3435073019260523
Target distance: 0.20343329470651872
Aligned, walking
=========================================
Target: [0.86   1.4225] | Position: [0.76926912 1.24584261]
Target angle: 1.0963295669253785 | Robot angle: 1.183847682929886 | Diff: -0.08751811600450754 | Rotation Strength: 0.3910638983907214
Target distance: 0.19859487700339695
Arrived to point
=========================================
Target: [0.865  1.4375] | Position: [0.77015818 1.25385092]
Target angle: 1.0940915957497843 | Robot angle: 1.2111103321247416 | Diff: -0.1170187363749573 | Rotation Strength: 0.43658446011613017
Target distance: 0.20669290139927507
Aligned, walking
=========================================
Target: [0.865  1.4375] | Position: [0.77018147 1.2600277 ]
Target angle: 1.0801082872410879 | Robot angle: 1.233995125734081 | Diff: -0.15388683849299323 | Rotation Strength: 0.4949186851713895
Target distance: 0.20121374509171255
Aligned, walking
=========================================
Target: [0.865  1.4375] | Position: [0.77159986 1.27525794]
Target angle: 1.0484482377357667 | Robot angle: 1.2518732326420938 | Diff: -0.20342499490632715 | Rotation Strength: 0.5732304730299893
Target distance: 0.187205961200562
Arrived to point
=========================================
Target: [0.885  1.4625] | Position: [0.77412526 1.28923816]
Target angle: 1.0015356937916655 | Robot angle: 1.2614285053313488 | Diff: -0.25989281153968324 | Rotation Strength: 0.6580303411737101
Target distance: 0.20570092717439364
Aligned, walking
=========================================
Target: [0.885  1.4625] | Position: [0.77844055 1.30746735]
Target angle: 0.9686206468050997 | Robot angle: 1.2639609153489824 | Diff: -0.2953402685438826 | Rotation Strength: 0.7068625340401873
Target distance: 0.18812240768226
Arrived to point
=========================================
Target: [0.895  1.4825] | Position: [0.78224495 1.32801122]
Target angle: 0.9403104535673474 | Robot angle: 1.259782284369538 | Diff: -0.31947183080219066 | Rotation Strength: 0.7376559749240625
Target distance: 0.19126025027168617
Arrived to point
=========================================
Target: [0.91   1.4975] | Position: [0.78667313 1.35123752]
Target angle: 0.8702699040052506 | Robot angle: 1.2501312102670248 | Diff: -0.37986130626177417 | Rotation Strength: 0.8050674063409059
Target distance: 0.1913170940345553
Arrived to point
=========================================
Target: [0.92   1.5175] | Position: [0.79213638 1.3739207 ]
Target angle: 0.8432304035673841 | Robot angle: 1.231509109952988 | Diff: -0.3882787063856039 | Rotation Strength: 0.8133397829873285
Target distance: 0.1922605560405642
Arrived to point
=========================================
Target: [0.935  1.5425] | Position: [0.79805565 1.39171616]
Target angle: 0.8334602867323935 | Robot angle: 1.2104322840058508 | Diff: -0.3769719972734573 | Rotation Strength: 0.8021645712833196
Target distance: 0.20368977080789658
Aligned, walking
=========================================
Target: [0.935  1.5425] | Position: [0.80410997 1.4092318 ]
Target angle: 0.7944007128689323 | Robot angle: 1.1793482578624248 | Diff: -0.3849475449934925 | Rotation Strength: 0.8100987855466995
Target distance: 0.18679564562834394
Arrived to point
=========================================
Target: [0.955  1.5775] | Position: [0.80980326 1.42522924]
Target angle: 0.8091744906137461 | Robot angle: 1.143928480040918 | Diff: -0.3347539894271718 | Rotation Strength: 0.7560437032523405
Target distance: 0.2104007581890583
Aligned, walking
=========================================
Target: [0.955  1.5775] | Position: [0.81485242 1.43575977]
Target angle: 0.7910480186253026 | Robot angle: 1.106655769582038 | Diff: -0.31560775095673543 | Rotation Strength: 0.7328677376954776
Target distance: 0.1993279645572666
Arrived to point
=========================================
Target: [0.965  1.6025] | Position: [0.81859891 1.44162389]
Target angle: 0.8324707151408193 | Robot angle: 1.0652244615130098 | Diff: -0.23275374637219048 | Rotation Strength: 0.6181625301857675
Target distance: 0.21751874125236384
Aligned, walking
=========================================
Target: [0.965  1.6025] | Position: [0.82211944 1.44723644]
Target angle: 0.8269079063920497 | Robot angle: 1.0249520316624832 | Diff: -0.19804412527043347 | Rotation Strength: 0.5648300044023313
Target distance: 0.21100149135937799
Aligned, walking
=========================================
Target: [0.965  1.6025] | Position: [0.82495462 1.44960958]
Target angle: 0.8292194549345182 | Robot angle: 0.9834319969256828 | Diff: -0.15421254199116463 | Rotation Strength: 0.49543701012686514
Target distance: 0.20733593233225608
Aligned, walking
=========================================
Target: [0.965  1.6025] | Position: [0.82618769 1.45086923]
Target angle: 0.8295036999990888 | Robot angle: 0.9440151018850553 | Diff: -0.11451140188596654 | Rotation Strength: 0.4326621593946254
Target distance: 0.20557419567001958
Aligned, walking
=========================================
Target: [0.965  1.6025] | Position: [0.82617342 1.45109757]
Target angle: 0.8287018463224012 | Robot angle: 0.9051828081190658 | Diff: -0.07648096179666464 | Rotation Strength: 0.3744654375214467
Target distance: 0.20541546765353244
Aligned, walking
=========================================
Target: [0.965  1.6025] | Position: [0.82779989 1.45166755]
Target angle: 0.8326920608017057 | Robot angle: 0.8659472372481893 | Diff: -0.03325517644648368 | Rotation Strength: 0.31253574874296663
Target distance: 0.2038977626048656
Aligned, walking
=========================================
Target: [0.965  1.6025] | Position: [0.83110805 1.45371172]
Target angle: 0.8380462387858998 | Robot angle: 0.8314484904498549 | Diff: 0.006597748336044873 | Rotation Strength: 0.2772793219367302
Target distance: 0.20016245147497594
Aligned, walking
=========================================
Target: [0.965  1.6025] | Position: [0.83483869 1.45502804]
Target angle: 0.8476683292454812 | Robot angle: 0.7944493780560817 | Diff: 0.053218951189399455 | Rotation Strength: 0.3404706310012884
Target distance: 0.1966976046661626
Arrived to point
=========================================
Target: [0.995  1.6475] | Position: [0.8415221  1.46081651]
Target angle: 0.8827070170519278 | Robot angle: 0.7659794766978307 | Diff: 0.11672754035409705 | Rotation Strength: 0.43612851614603565
Target distance: 0.24167373069861298
Aligned, walking
=========================================
Target: [0.995  1.6475] | Position: [0.84977787 1.46841433]
Target angle: 0.8894390190851453 | Robot angle: 0.7402342506735322 | Diff: 0.14920476841161312 | Rotation Strength: 0.48746938859060795
Target distance: 0.23056700774983221
Aligned, walking
=========================================
Target: [0.995  1.6475] | Position: [0.85930793 1.4759657 ]
Target angle: 0.9015370452104232 | Robot angle: 0.7201982768757209 | Diff: 0.1813387683347023 | Rotation Strength: 0.5385330555575858
Target distance: 0.21871523406898744
Aligned, walking
=========================================
Target: [0.995  1.6475] | Position: [0.8726687  1.48547951]
Target angle: 0.9240799607870338 | Robot angle: 0.7032837485197669 | Diff: 0.22079621226726687 | Rotation Strength: 0.6000401359264385
Target distance: 0.2030162260212454
Aligned, walking
=========================================
Target: [0.995  1.6475] | Position: [0.88985401 1.49676412]
Target angle: 0.9617157815590911 | Robot angle: 0.6921366019694069 | Diff: 0.26957917958968425 | Rotation Strength: 0.671768439240888
Target distance: 0.18378515683897856
Arrived to point
=========================================
Target: [1.035  1.7175] | Position: [0.90677269 1.50926796]
Target angle: 1.0188470034285153 | Robot angle: 0.6913581763421899 | Diff: 0.32748882708632543 | Rotation Strength: 0.7474123314714344
Target distance: 0.24454616763385661
Aligned, walking
=========================================
Target: [1.035  1.7175] | Position: [0.92487805 1.52327534]
Target angle: 1.055008396436028 | Robot angle: 0.6980020590495846 | Diff: 0.3570063373864434 | Rotation Strength: 0.7812170586675486
Target distance: 0.22327127689365536
Aligned, walking
=========================================
Target: [1.035  1.7175] | Position: [0.94261295 1.53732   ]
Target angle: 1.0970018766999372 | Robot angle: 0.7120481096707261 | Diff: 0.38495376702921114 | Rotation Strength: 0.8101048791336366
Target distance: 0.2024850565549204
Aligned, walking
=========================================
Target: [1.035  1.7175] | Position: [0.95748297 1.55105083]
Target angle: 1.1349551099115551 | Robot angle: 0.733594357507684 | Diff: 0.40136075240387115 | Rotation Strength: 0.8256551428496766
Target distance: 0.18361430862771774
Arrived to point
=========================================
Target: [1.06   1.7675] | Position: [0.97261397 1.56432598]
Target angle: 1.1646101787100385 | Robot angle: 0.7608373293078636 | Diff: 0.40377284940217484 | Rotation Strength: 0.8278545612640451
Target distance: 0.22116961761910495
Aligned, walking
=========================================
Target: [1.06   1.7675] | Position: [0.98509972 1.5764971 ]
Target angle: 1.1970822929806584 | Robot angle: 0.7941010290979649 | Diff: 0.4029812638826935 | Rotation Strength: 0.8271352038262699
Target distance: 0.20516374110591135
Aligned, walking
=========================================
Target: [1.06   1.7675] | Position: [0.99566441 1.58953431]
Target angle: 1.223908566876454 | Robot angle: 0.8329892495114954 | Diff: 0.39091931736495855 | Rotation Strength: 0.8158785131153672
Target distance: 0.1892375658382206
Arrived to point
=========================================
Target: [1.09   1.8125] | Position: [1.0030681 1.5997926]
Target angle: 1.1828190112690455 | Robot angle: 0.8712665471608503 | Diff: 0.31155246410819526 | Rotation Strength: 0.7277832383948498
Target distance: 0.2297859749062023
Aligned, walking
=========================================
Target: [1.09   1.8125] | Position: [1.00834068 1.60684603]
Target angle: 1.1928171293492058 | Robot angle: 0.9100401186364397 | Diff: 0.28277701071276606 | Rotation Strength: 0.6900203333507539
Target distance: 0.22127313391150485
Aligned, walking
=========================================
Target: [1.09   1.8125] | Position: [1.01248577 1.61417059]
Target angle: 1.1982150044926918 | Robot angle: 0.950701448381774 | Diff: 0.24751355611091785 | Rotation Strength: 0.6400820396416431
Target distance: 0.21293898967659813
Aligned, walking
=========================================
Target: [1.09   1.8125] | Position: [1.01477797 1.6195112 ]
Target angle: 1.1991363700192634 | Robot angle: 0.9912663598032898 | Diff: 0.20787001021597362 | Rotation Strength: 0.5801384056645622
Target distance: 0.2071304644438693
Aligned, walking
=========================================
Target: [1.09   1.8125] | Position: [1.01491259 1.62353364]
Target angle: 1.192569096288759 | Robot angle: 1.032258692463011 | Diff: 0.1603104038257479 | Rotation Strength: 0.5051417507203539
Target distance: 0.20333815698147759
Aligned, walking
=========================================
Target: [1.09   1.8125] | Position: [1.01404688 1.62760302]
Target angle: 1.1810262398465268 | Robot angle: 1.0744528557772508 | Diff: 0.10657338406927597 | Rotation Strength: 0.42030224677670014
Target distance: 0.1998893914825013
Arrived to point
=========================================
Target: [1.11   1.8475] | Position: [1.01279156 1.63187202]
Target angle: 1.1472644138529517 | Robot angle: 1.115566149857333 | Diff: 0.0316982639956187 | Rotation Strength: 0.3104101348320877
Target distance: 0.23652676100305994
Aligned, walking
=========================================
Target: [1.11   1.8475] | Position: [1.0132407  1.63773522]
Target angle: 1.1386055739521925 | Robot angle: 1.1544120672745795 | Diff: -0.015806493322386928 | Rotation Strength: 0.2891794169238616
Target distance: 0.23100568073240377
Aligned, walking
=========================================
Target: [1.11   1.8475] | Position: [1.01516978 1.64680547]
Target angle: 1.129381371491423 | Robot angle: 1.192255000945459 | Diff: -0.06287362945403618 | Rotation Strength: 0.3544045428348156
Target distance: 0.22197087013285025
Aligned, walking
=========================================
Target: [1.11   1.8475] | Position: [1.01562713 1.65720744]
Target angle: 1.1104054836627926 | Robot angle: 1.2259261425897705 | Diff: -0.11552065892697794 | Rotation Strength: 0.4342399850779516
Target distance: 0.2124087988818973
Aligned, walking
=========================================
Target: [1.11   1.8475] | Position: [1.01631694 1.67386506]
Target angle: 1.0760189995933631 | Robot angle: 1.2530092585180421 | Diff: -0.176990258924679 | Rotation Strength: 0.5316463857975864
Target distance: 0.19729574054150403
Arrived to point
=========================================
Target: [1.12   1.8725] | Position: [1.01784002 1.69088488]
Target angle: 1.0584006847137637 | Robot angle: 1.2772097526243176 | Diff: -0.21880906791055388 | Rotation Strength: 0.5970002979973903
Target distance: 0.20837637827120548
Aligned, walking
=========================================
Target: [1.12   1.8725] | Position: [1.0199194  1.71199613]
Target angle: 1.0132475085566561 | Robot angle: 1.293508095377752 | Diff: -0.2802605868210959 | Rotation Strength: 0.6865833789553251
Target distance: 0.18914973138960325
Arrived to point
=========================================
Target: [1.13   1.9025] | Position: [1.0246584  1.73583814]
Target angle: 1.0071306566178642 | Robot angle: 1.3043492248475825 | Diff: -0.29721856822971837 | Rotation Strength: 0.7093341056701394
Target distance: 0.1971624412899978
Arrived to point
=========================================
Target: [1.145  1.9275] | Position: [1.03067065 1.76182911]
Target angle: 0.9667461280805227 | Robot angle: 1.3070123508745004 | Diff: -0.34026622279397767 | Rotation Strength: 0.7624578330008225
Target distance: 0.20129094129304326
Aligned, walking
=========================================
Target: [1.145  1.9275] | Position: [1.03387131 1.78856399]
Target angle: 0.8961436743039695 | Robot angle: 1.3017902826629273 | Diff: -0.4056466083589578 | Rotation Strength: 0.8295478971713278
Target distance: 0.177912336837776
Arrived to point
=========================================
Target: [1.16   1.9525] | Position: [1.03767379 1.81420873]
Target angle: 0.8465802892508139 | Robot angle: 1.2908067491684134 | Diff: -0.44422645991759957 | Rotation Strength: 0.8615272913900632
Target distance: 0.18462983894630106
Arrived to point
=========================================
Target: [1.17   1.9825] | Position: [1.0407971  1.83689482]
Target angle: 0.8450137267445474 | Robot angle: 1.2718336110881143 | Diff: -0.4268198843435669 | Rotation Strength: 0.8477703792450062
Target distance: 0.19466447312970078
Arrived to point
=========================================
Target: [1.185  2.0075] | Position: [1.04502852 1.85662982]
Target angle: 0.8228536014133327 | Robot angle: 1.2451807835364068 | Diff: -0.4223271821230741 | Rotation Strength: 0.8440423724372723
Target distance: 0.20580045924571477
Aligned, walking
=========================================
Target: [1.185  2.0075] | Position: [1.04882444 1.87129502]
Target angle: 0.7855061983962122 | Robot angle: 1.211714823008938 | Diff: -0.4262086246127259 | Rotation Strength: 0.8472674916779338
Target distance: 0.1926021291021758
Arrived to point
=========================================
Target: [1.19   2.0325] | Position: [1.0527133  1.88301723]
Target angle: 0.8279017418372749 | Robot angle: 1.174864912453291 | Diff: -0.3469631706160161 | Rotation Strength: 0.7700929538831736
Target distance: 0.2029599368837979
Aligned, walking
=========================================
Target: [1.19   2.0325] | Position: [1.05661817 1.89169145]
Target angle: 0.8124775414541072 | Robot angle: 1.1359155025613301 | Diff: -0.3234379611072229 | Rotation Strength: 0.7425127832320975
Target distance: 0.19395298750007753
Arrived to point
=========================================
Target: [1.2    2.0475] | Position: [1.05893916 1.89684134]
Target angle: 0.8182871736099724 | Robot angle: 1.0943066466455864 | Diff: -0.276019473035614 | Rotation Strength: 0.680744328606905
Target distance: 0.20638845014464216
Aligned, walking
=========================================
Target: [1.2    2.0475] | Position: [1.05893916 1.89684134]
Target angle: 0.8182871736099724 | Robot angle: 1.0943066466455864 | Diff: -0.276019473035614 | Rotation Strength: 0.680744328606905
Target distance: 0.20638845014464216
Aligned, walking
=========================================
Target: [1.2    2.0475] | Position: [1.05893916 1.89684134]
Target angle: 0.8182871736099724 | Robot angle: 1.0943066466455864 | Diff: -0.276019473035614 | Rotation Strength: 0.680744328606905
Target distance: 0.20638845014464216
Aligned, walking
=========================================
Target: [1.2    2.0475] | Position: [1.06307451 1.90429213]
Target angle: 0.8078208057858434 | Robot angle: 0.9654594299039339 | Diff: -0.1576386241180905 | Rotation Strength: 0.5008896615671049
Target distance: 0.19813400670518558
Arrived to point
=========================================
Target: [1.215  2.0825] | Position: [1.06509064 1.90485317]
Target angle: 0.8698766718042972 | Robot angle: 0.9269366703910791 | Diff: -0.0570599985867819 | Rotation Strength: 0.34598275951472224
Target distance: 0.2324461504642863
Aligned, walking
=========================================
Target: [1.215  2.0825] | Position: [1.06589073 1.90546734]
Target angle: 0.8708071711944516 | Robot angle: 0.8895071596438875 | Diff: -0.018699988449435878 | Rotation Strength: 0.2929805034891233
Target distance: 0.23146087603765425
Aligned, walking
=========================================
Target: [1.215  2.0825] | Position: [1.0696857  1.91153626]
Target angle: 0.8663188292540926 | Robot angle: 0.8200458260177435 | Diff: 0.0462730032363492 | Rotation Strength: 0.33061232479508806
Target distance: 0.2243765787097428
Aligned, walking
=========================================
Target: [1.215  2.0825] | Position: [1.07420744 1.91398155]
Target angle: 0.874796832461552 | Robot angle: 0.7890244530599437 | Diff: 0.08577237940160831 | Rotation Strength: 0.3884205868700128
Target distance: 0.21959283777460903
Aligned, walking
=========================================
Target: [1.215  2.0825] | Position: [1.08109459 1.91834197]
Target angle: 0.8865490305508938 | Robot angle: 0.7627864002737463 | Diff: 0.12376263027714751 | Rotation Strength: 0.44717224460695426
Target distance: 0.21184550347665623
Aligned, walking
=========================================
Target: [1.215  2.0825] | Position: [1.08923839 1.92464415]
Target angle: 0.8980791461066131 | Robot angle: 0.7387595290242333 | Diff: 0.15931961708237985 | Rotation Strength: 0.5035649854893989
Target distance: 0.20182778137531587
Aligned, walking
=========================================
Target: [1.215  2.0825] | Position: [1.09959829 1.93296886]
Target angle: 0.913515471668533 | Robot angle: 0.7200745866450591 | Diff: 0.1934408850234739 | Rotation Strength: 0.5576136939445342
Target distance: 0.1888838710629783
Arrived to point
=========================================
Target: [1.23   2.1225] | Position: [1.11237478 1.94395828]
Target angle: 0.9882521219523355 | Robot angle: 0.7080796529198792 | Diff: 0.2801724690324563 | Rotation Strength: 0.6864626519381465
Target distance: 0.21380560528629217
Aligned, walking
=========================================
Target: [1.23   2.1225] | Position: [1.12659594 1.95850128]
Target angle: 1.0082391993565754 | Robot angle: 0.7045487591395121 | Diff: 0.30369044021706326 | Rotation Strength: 0.7177551199496848
Target distance: 0.19387619878900147
Arrived to point
=========================================
Target: [1.28   2.2275] | Position: [1.14253448 1.97246812]
Target angle: 1.0764274669775666 | Robot angle: 0.7057925912253786 | Diff: 0.370634875752188 | Rotation Strength: 0.7956840967600716
Target distance: 0.2897206028755831
Aligned, walking
=========================================
Target: [1.28   2.2275] | Position: [1.16087426 1.9855393 ]
Target angle: 1.1132994322967598 | Robot angle: 0.7085578430144155 | Diff: 0.40474158928234427 | Rotation Strength: 0.8287316797464916
Target distance: 0.26969598503319975
Aligned, walking
=========================================
Target: [1.28   2.2275] | Position: [1.1775531  1.99954626]
Target angle: 1.1484250791561728 | Robot angle: 0.713073817934228 | Diff: 0.4353512612219448 | Rotation Strength: 0.8546481126383599
Target distance: 0.2499165342871324
Aligned, walking
=========================================
Target: [1.28   2.2275] | Position: [1.19036907 2.01221917]
Target angle: 1.176279985413422 | Robot angle: 0.7303178495434341 | Diff: 0.4459621358699879 | Rotation Strength: 0.8628402352371658
Target distance: 0.23319420562675247
Aligned, walking
=========================================
Target: [1.28   2.2275] | Position: [1.20207839 2.02566193]
Target angle: 1.2023646096373266 | Robot angle: 0.7669563350305992 | Diff: 0.4354082746067274 | Rotation Strength: 0.8546931952489405
Target distance: 0.2163570713151769
Aligned, walking
=========================================
Target: [1.28   2.2275] | Position: [1.21091346 2.0355649 ]
Target angle: 1.2252873084805156 | Robot angle: 0.8008994437048256 | Diff: 0.42438786477569 | Rotation Strength: 0.8457614686185001
Target distance: 0.2039902736924448
Aligned, walking
=========================================
Target: [1.28   2.2275] | Position: [1.21907606 2.0453019 ]
Target angle: 1.248101408699636 | Robot angle: 0.8414350048530173 | Diff: 0.4066664038466188 | Rotation Strength: 0.8304639221947485
Target distance: 0.19211422141464918
Arrived to point
=========================================
Target: [1.31   2.2925] | Position: [1.22300261 2.05167958]
Target angle: 1.2241308906044406 | Robot angle: 0.8842143962913163 | Diff: 0.3399164943131243 | Rotation Strength: 0.7620543536233164
Target distance: 0.2560527710001555
Aligned, walking
=========================================
Target: [1.31   2.2925] | Position: [1.22730453 2.05729191]
Target angle: 1.2327107980921603 | Robot angle: 0.926034505832833 | Diff: 0.30667629225932735 | Rotation Strength: 0.7215899297827344
Target distance: 0.24932185069052076
Aligned, walking
=========================================
Target: [1.31   2.2925] | Position: [1.22959533 2.06295946]
Target angle: 1.2338674146661575 | Robot angle: 0.9692025186277462 | Diff: 0.26466489603841126 | Rotation Strength: 0.6648334662656314
Target distance: 0.24321548424073294
Aligned, walking
=========================================
Target: [1.31   2.2925] | Position: [1.23105912 2.06700817]
Target angle: 1.2340474778664507 | Robot angle: 1.0097580327422673 | Diff: 0.22428944512418347 | Rotation Strength: 0.6053651577120223
Target distance: 0.238910502027436
Aligned, walking
=========================================
Target: [1.31   2.2925] | Position: [1.23224667 2.07181374]
Target angle: 1.2320515814104782 | Robot angle: 1.0513564555785857 | Diff: 0.1806951258318925 | Rotation Strength: 0.5375145913522918
Target distance: 0.23398291477215036
Aligned, walking
=========================================
Target: [1.31   2.2925] | Position: [1.23302375 2.07718196]
Target angle: 1.2274554955859998 | Robot angle: 1.0927113108929092 | Diff: 0.13474418469309057 | Rotation Strength: 0.4645118035930055
Target distance: 0.22866395175767915
Aligned, walking
=========================================
Target: [1.31   2.2925] | Position: [1.23251342 2.08195191]
Target angle: 1.2181562716348227 | Robot angle: 1.1317833181011157 | Diff: 0.086372953533707 | Rotation Strength: 0.3893292159412942
Target distance: 0.22435388833829537
Aligned, walking
=========================================
Target: [1.31   2.2925] | Position: [1.23342093 2.09084872]
Target angle: 1.2078591294772991 | Robot angle: 1.1707487679328192 | Diff: 0.037110361544479886 | Rotation Strength: 0.3178330666681808
Target distance: 0.2157025526854416
Aligned, walking
=========================================
Target: [1.31   2.2925] | Position: [1.2365097  2.10387192]
Target angle: 1.1992838043175942 | Robot angle: 1.2041305653223757 | Diff: -0.004846761004781541 | Rotation Strength: 0.2750510421549529
Target distance: 0.2024385759959934
Aligned, walking
=========================================
Target: [1.31   2.2925] | Position: [1.2389321  2.11704281]
Target angle: 1.1859491671146918 | Robot angle: 1.2351181862735476 | Diff: -0.04916901915885585 | Rotation Strength: 0.3347051563866217
Target distance: 0.18930365421478787
Arrived to point
=========================================
Target: [1.35   2.3775] | Position: [1.24117764 2.13367305]
Target angle: 1.1510153906606337 | Robot angle: 1.2594057236572045 | Diff: -0.10839033299657075 | Rotation Strength: 0.4231231089808223
Target distance: 0.26700915520918794
Aligned, walking
=========================================
Target: [1.35   2.3775] | Position: [1.24608346 2.15559697]
Target angle: 1.132831168644528 | Robot angle: 1.2771300638829999 | Diff: -0.14429889523847184 | Rotation Strength: 0.479670039087161
Target distance: 0.24502979655941903
Aligned, walking
=========================================
Target: [1.35   2.3775] | Position: [1.25250034 2.18120207]
Target angle: 1.1097984358916069 | Robot angle: 1.2897136743259843 | Diff: -0.1799152384343774 | Rotation Strength: 0.5362801219655472
Target distance: 0.21917814844133043
Aligned, walking
=========================================
Target: [1.35   2.3775] | Position: [1.25699486 2.20896384]
Target angle: 1.066540875955658 | Robot angle: 1.2990080909174493 | Diff: -0.23246721496179124 | Rotation Strength: 0.6177318775800498
Target distance: 0.1924951759581007
Arrived to point
=========================================
Target: [1.38   2.4325] | Position: [1.26209243 2.23818574]
Target angle: 1.0254005668442865 | Robot angle: 1.3040014909934365 | Diff: -0.27860092414915005 | Rotation Strength: 0.6843053028939335
Target distance: 0.22728886641237578
Aligned, walking
=========================================
Target: [1.38   2.4325] | Position: [1.26837712 2.26531252]
Target angle: 0.9821126025762865 | Robot angle: 1.2998122584779521 | Diff: -0.3176996559016656 | Rotation Strength: 0.7354668369309374
Target distance: 0.20102567317574752
Aligned, walking
=========================================
Target: [1.38   2.4325] | Position: [1.27369173 2.29152371]
Target angle: 0.9246851916860557 | Robot angle: 1.2903498072129205 | Diff: -0.3656646155268648 | Rotation Strength: 0.7904919389487862
Target distance: 0.1765665926384119
Arrived to point
=========================================
Target: [1.39   2.4675] | Position: [1.2800243  2.31423037]
Target angle: 0.9484012721852881 | Robot angle: 1.2706097325912866 | Diff: -0.3222084604059985 | Rotation Strength: 0.741013473174678
Target distance: 0.18864314336547677
Arrived to point
=========================================
Target: [1.4    2.4875] | Position: [1.28824231 2.33662208]
Target angle: 0.9332635195475181 | Robot angle: 1.2396098768186379 | Diff: -0.3063463572711198 | Rotation Strength: 0.7211677611882953
Target distance: 0.18776029680257772
Arrived to point
=========================================
Target: [1.41   2.5125] | Position: [1.29536089 2.35377551]
Target angle: 0.9452915894677876 | Robot angle: 1.2025712779480058 | Diff: -0.2572796884802182 | Rotation Strength: 0.6542770982500743
Target distance: 0.19579475795896908
Arrived to point
=========================================
Target: [1.415  2.5275] | Position: [1.30218648 2.37051849]
Target angle: 0.9476681591470779 | Robot angle: 1.1605695721538787 | Diff: -0.21290141300680077 | Rotation Strength: 0.5879197848370168
Target distance: 0.1933134303148801
Arrived to point
=========================================
Target: [1.415  2.5375] | Position: [1.30683488 2.37892993]
Target angle: 0.9721658381633409 | Robot angle: 1.1210083951906054 | Diff: -0.14884255702726445 | Rotation Strength: 0.48689329023445826
Target distance: 0.19194832624686217
Arrived to point
=========================================
Target: [1.425  2.5575] | Position: [1.31192273 2.38743691]
Target angle: 0.9840083447462664 | Robot angle: 1.0794610447757815 | Diff: -0.09545270002951511 | Rotation Strength: 0.40315670996322805
Target distance: 0.20422518056883687
Aligned, walking
=========================================
Target: [1.425  2.5575] | Position: [1.31428233 2.39140119]
Target angle: 0.9828556998945883 | Robot angle: 1.0462592852693504 | Diff: -0.0634035853747621 | Rotation Strength: 0.35517685448767244
Target distance: 0.19961767979571077
Arrived to point
=========================================
Target: [1.43   2.5775] | Position: [1.31450905 2.39061818]
Target angle: 1.0172543589453804 | Robot angle: 1.01280964900854 | Diff: 0.004444709936840319 | Rotation Strength: 0.2745409697237333
Target distance: 0.21968835835565748
Aligned, walking
=========================================
Target: [1.43   2.5775] | Position: [1.31443305 2.390003  ]
Target angle: 1.0184291877076035 | Robot angle: 0.9878237489744786 | Diff: 0.030605438733124934 | Rotation Strength: 0.30892288679815105
Target distance: 0.22025177688387412
Aligned, walking
=========================================
Target: [1.43   2.5775] | Position: [1.3119108 2.385589 ]
Target angle: 1.0191786868457244 | Robot angle: 0.9651048782560077 | Diff: 0.054073808589716776 | Rotation Strength: 0.3416937359816098
Target distance: 0.2253328479042979
Aligned, walking
=========================================
Target: [1.43   2.5775] | Position: [1.31027463 2.3820513 ]
Target angle: 1.0211877961333347 | Robot angle: 0.9501010920263484 | Diff: 0.07108670410698625 | Rotation Strength: 0.3664566981410735
Target distance: 0.2292037451678294
Aligned, walking
=========================================
Target: [1.43   2.5775] | Position: [1.30874474 2.38037805]
Target angle: 1.019327389170245 | Robot angle: 0.9402251854071757 | Diff: 0.07910220376306931 | Rotation Strength: 0.37838241358262126
Target distance: 0.23143012306045516
Aligned, walking
=========================================
Target: [1.43   2.5775] | Position: [1.3073713 2.382086 ]
Target angle: 1.0103777411818493 | Robot angle: 0.9387683958693191 | Diff: 0.07160934531253016 | Rotation Strength: 0.3672295127977606
Target distance: 0.23070420020887647
Aligned, walking
=========================================
Target: [1.43   2.5775] | Position: [1.30710643 2.38307175]
Target angle: 1.007124310215728 | Robot angle: 0.9342946705896882 | Diff: 0.07282963962603972 | Rotation Strength: 0.3690365808084154
Target distance: 0.23001125216560545
Aligned, walking
=========================================
Target: [1.43   2.5775] | Position: [1.31108943 2.39008268]
Target angle: 1.005416454810069 | Robot angle: 0.9383489277715746 | Diff: 0.06706752703849439 | Rotation Strength: 0.3605368415940311
Target distance: 0.22195715095268237
Aligned, walking
=========================================
Target: [1.43   2.5775] | Position: [1.31389779 2.39758706]
Target angle: 0.9977150158475112 | Robot angle: 0.9404096922312695 | Diff: 0.05730532361624174 | Rotation Strength: 0.3463362437323453
Target distance: 0.21412237083086696
Aligned, walking
=========================================
Target: [1.43   2.5775] | Position: [1.31804369 2.40805033]
Target angle: 0.9869321326214981 | Robot angle: 0.9453503134865686 | Diff: 0.04158181913492953 | Rotation Strength: 0.3240367188303732
Target distance: 0.20309457812406861
Aligned, walking
=========================================
Target: [1.43   2.5775] | Position: [1.32519084 2.42412506]
Target angle: 0.9713307319582309 | Robot angle: 0.9524900994104408 | Diff: 0.018840632547790115 | Rotation Strength: 0.2931660070393849
Target distance: 0.18576553358359219
Arrived to point
=========================================
Target: [1.435  2.5875] | Position: [1.33566785 2.44400736]
Target angle: 0.9652936124201634 | Robot angle: 0.9578470504852117 | Diff: 0.007446561934951745 | Rotation Strength: 0.27836350434002466
Target distance: 0.17451938023878436
Arrived to point
=========================================
Target: [1.44   2.6075] | Position: [1.34972769 2.4663233 ]
Target angle: 1.0018891520884194 | Robot angle: 0.9635547196502126 | Diff: 0.03833443243820689 | Rotation Strength: 0.3195250309254476
Target distance: 0.16757072959308023
Arrived to point
=========================================
Target: [1.45   2.6275] | Position: [1.36539567 2.48960923]
Target angle: 1.0204655025492944 | Robot angle: 0.9672578085237742 | Diff: 0.05320769402552017 | Rotation Strength: 0.34045453870792053
Target distance: 0.16177687222584688
Arrived to point
=========================================
Target: [1.465  2.6625] | Position: [1.38146524 2.51372309]
Target angle: 1.0591846012595791 | Robot angle: 0.9705216731015671 | Diff: 0.08866292815801202 | Rotation Strength: 0.3928008063999775
Target distance: 0.17062421892340207
Arrived to point
=========================================
Target: [1.475  2.6825] | Position: [1.39609034 2.53881167]
Target angle: 1.068588748467267 | Robot angle: 0.9696264017108245 | Diff: 0.09896234675644244 | Rotation Strength: 0.4085443722430977
Target distance: 0.1639300803534305
Arrived to point
=========================================
Target: [1.495  2.7125] | Position: [1.40954462 2.56366176]
Target angle: 1.0496015643102972 | Robot angle: 0.9693010393288066 | Diff: 0.08030052498149054 | Rotation Strength: 0.3801784230479349
Target distance: 0.17162588439409018
Arrived to point
=========================================
Target: [1.51   2.7325] | Position: [1.42290317 2.58552763]
Target angle: 1.0358307057504348 | Robot angle: 0.969184533192955 | Diff: 0.06664617255747984 | Rotation Strength: 0.3599186398601252
Target distance: 0.17084125980755666
Arrived to point
=========================================
Target: [1.515  2.7375] | Position: [1.43513459 2.60729659]
Target angle: 1.0205896710347826 | Robot angle: 0.9680832254741398 | Diff: 0.05250644556064277 | Rotation Strength: 0.3394528195700718
Target distance: 0.15274623208923396
Arrived to point
=========================================
Target: [1.515  2.7475] | Position: [1.44619091 2.62535092]
Target angle: 1.05778375654657 | Robot angle: 0.9736975121498643 | Diff: 0.08408624439670564 | Rotation Strength: 0.38587373581647877
Target distance: 0.14019660778070947
Arrived to point
=========================================
Target: [1.52   2.7625] | Position: [1.45563941 2.64326982]
Target angle: 1.0758170212848883 | Robot angle: 0.9740465078330143 | Diff: 0.10177051345187405 | Rotation Strength: 0.4128711388409789
Target distance: 0.13549214831248693
Arrived to point
=========================================
Target: [1.53   2.7725] | Position: [1.46165321 2.65529757]
Target angle: 1.0428574058180677 | Robot angle: 0.969924201996684 | Diff: 0.07293320382138369 | Rotation Strength: 0.36919011349254205
Target distance: 0.13567495255546025
Arrived to point
=========================================
Target: [1.535  2.7875] | Position: [1.46563815 2.66579986]
Target angle: 1.0527726338320278 | Robot angle: 0.9709553346362494 | Diff: 0.0818172991957784 | Rotation Strength: 0.3824564277168403
Target distance: 0.14007851008523747
Arrived to point
=========================================
Target: [1.54   2.7975] | Position: [1.4679588  2.67343642]
Target angle: 1.0447040868413637 | Robot angle: 0.9707417379502097 | Diff: 0.07396234889115405 | Rotation Strength: 0.37071724375659654
Target distance: 0.14346325571567625
Arrived to point
=========================================
Target: [1.54   2.8075] | Position: [1.47011704 2.6786352 ]
Target angle: 1.0738865630261074 | Robot angle: 0.9698757480264533 | Diff: 0.10401081499965414 | Rotation Strength: 0.416332661645039
Target distance: 0.14659387382354502
Arrived to point
=========================================
Target: [1.54   2.8125] | Position: [1.46975068 2.67894018]
Target angle: 1.086584189526972 | Robot angle: 0.9727641681437058 | Diff: 0.1138200213832663 | Rotation Strength: 0.43158207295009865
Target distance: 0.1509078953878653
Arrived to point
=========================================
Target: [1.545  2.8175] | Position: [1.46856138 2.67770754]
Target angle: 1.070412669120829 | Robot angle: 0.9738642975876681 | Diff: 0.09654837153316098 | Rotation Strength: 0.40483623469674324
Target distance: 0.1593260618204147
Arrived to point
=========================================
Target: [1.55   2.8175] | Position: [1.46645225 2.67591819]
Target angle: 1.037686363898925 | Robot angle: 0.9780408766385245 | Diff: 0.05964548726040064 | Rotation Strength: 0.3497166274926271
Target distance: 0.16439475604061318
Arrived to point
=========================================
Target: [1.56   2.8125] | Position: [1.46450398 2.67476086]
Target angle: 0.9645739351923197 | Robot angle: 0.9801596310738603 | Diff: -0.015585695881540573 | Rotation Strength: 0.28889056665186097
Target distance: 0.16760537071424855
Arrived to point
=========================================
Target: [1.585  2.7775] | Position: [1.46199094 2.67297685]
Target angle: 0.7043309419882724 | Robot angle: 0.9843230456148664 | Diff: -0.279992103626594 | Rotation Strength: 0.6862154610218822
Target distance: 0.16141969625321642
Arrived to point
=========================================
Target: [1.595  2.7525] | Position: [1.46023711 2.6720134 ]
Target angle: 0.5383920751557838 | Robot angle: 0.9894854479740491 | Diff: -0.45109337281826534 | Rotation Strength: 0.8666605913663616
Target distance: 0.15696856060845688
Arrived to point
=========================================
Target: [1.615  2.7225] | Position: [1.45918285 2.67154922]
Target angle: 0.3160314687061252 | Robot angle: 0.9930417097551683 | Diff: -0.6770102410490431 | Rotation Strength: 0.9647696368906756
Target distance: 0.16393585451582574
Arrived to point
=========================================
Target: [1.625  2.6925] | Position: [1.4585212  2.67125584]
Target angle: 0.1269228445012338 | Robot angle: 0.9953006502605417 | Diff: -0.8683778057593079 | Rotation Strength: 0.9893159821402453
Target distance: 0.16782879846102997
Arrived to point
=========================================
Target: [1.64   2.6625] | Position: [1.45832685 2.67095193]
Target angle: -0.04648922459410176 | Robot angle: 0.9957762181681646 | Diff: -1.0422654427622664 | Rotation Strength: 0.9964429767643476
Target distance: 0.1818696513263178
Arrived to point
=========================================
Target: [1.655  2.6225] | Position: [1.45705207 2.67151199]
Target angle: -0.24271895282335887 | Robot angle: 0.9856328608260467 | Diff: -1.2283518136494056 | Rotation Strength: 0.9989093939424164
Target distance: 0.20392537342569586
Aligned, walking
=========================================
Target: [1.655  2.6225] | Position: [1.45596421 2.67115702]
Target angle: -0.2397612663399955 | Robot angle: 0.9656235698967679 | Diff: -1.2053848362367634 | Rotation Strength: 0.9987379035533936
Target distance: 0.20489693029667017
Aligned, walking
=========================================
Target: [1.655  2.6225] | Position: [1.45368088 2.6704432 ]
Target angle: -0.23379054411521505 | Robot angle: 0.9432312887000638 | Diff: -1.1770218328152788 | Rotation Strength: 0.9984885205440686
Target distance: 0.20694911651148207
Aligned, walking
=========================================
Target: [1.655  2.6225] | Position: [1.45186883 2.66889537]
Target angle: -0.22454922717657277 | Robot angle: 0.9087201718463049 | Diff: -1.1332693990228777 | Rotation Strength: 0.9980040098842408
Target distance: 0.20836218953378832
Aligned, walking
=========================================
Target: [1.655  2.6225] | Position: [1.45035444 2.6667306 ]
Target angle: -0.21285856602571984 | Robot angle: 0.8703452296654346 | Diff: -1.0832037956911544 | Rotation Strength: 0.9972568173743769
Target distance: 0.20937084597898664
Aligned, walking
=========================================
Target: [1.655  2.6225] | Position: [1.44976526 2.66680562]
Target angle: -0.21261501417582496 | Robot angle: 0.8274209805897952 | Diff: -1.0400359947656201 | Rotation Strength: 0.9963923150151974
Target distance: 0.20996258111420185
Aligned, walking
=========================================
Target: [1.655  2.6225] | Position: [1.44880391 2.66574188]
Target angle: -0.20671675368586495 | Robot angle: 0.7277680903325332 | Diff: -0.9344848440183982 | Rotation Strength: 0.9929602312099393
Target distance: 0.21068148644790974
Aligned, walking
=========================================
Target: [1.655  2.6225] | Position: [1.44769954 2.66504158]
Target angle: -0.20240683878841637 | Robot angle: 0.6775126890584802 | Diff: -0.8799195278468965 | Rotation Strength: 0.9900653440053837
Target distance: 0.21162057121450284
Aligned, walking
=========================================
Target: [1.655  2.6225] | Position: [1.4468693  2.66380941]
Target angle: -0.19593188560701202 | Robot angle: 0.6282168445118543 | Diff: -0.8241487301188664 | Rotation Strength: 0.9858904555611396
Target distance: 0.2121906117038492
Aligned, walking
=========================================
Target: [1.655  2.6225] | Position: [1.44736317 2.66344647]
Target angle: -0.19470406146210362 | Robot angle: 0.5786288566433506 | Diff: -0.7733329181054542 | Rotation Strength: 0.9806056815406401
Target distance: 0.21163569549416547
Aligned, walking
=========================================
Target: [1.655  2.6225] | Position: [1.44801876 2.66326506]
Target angle: -0.19446166638526696 | Robot angle: 0.5381575479933449 | Diff: -0.7326192143786119 | Rotation Strength: 0.975010652801659
Target distance: 0.21095739630969107
Aligned, walking
=========================================
Target: [1.655  2.6225] | Position: [1.44786264 2.66335054]
Target angle: -0.19471598340287732 | Robot angle: 0.4918717316219361 | Diff: -0.6865877150248134 | Rotation Strength: 0.9667843126730806
Target distance: 0.2111270950879064
Aligned, walking
=========================================
Target: [1.655  2.6225] | Position: [1.44736532 2.66292389]
Target angle: -0.19228224706573105 | Robot angle: 0.44227892082971465 | Diff: -0.6345611678954457 | Rotation Strength: 0.9543375815873661
Target distance: 0.21153309617363325
Aligned, walking
=========================================
Target: [1.655  2.6225] | Position: [1.44724445 2.66241586]
Target angle: -0.18981592899801703 | Robot angle: 0.3937468081246269 | Diff: -0.583562737122644 | Rotation Strength: 0.9379103912491857
Target distance: 0.2115552987992236
Aligned, walking
=========================================
Target: [1.655  2.6225] | Position: [1.44663316 2.66156697]
Target angle: -0.18533952771480156 | Robot angle: 0.3461911228500929 | Diff: -0.5315306505648945 | Rotation Strength: 0.9155858597117524
Target distance: 0.2119975669178959
Aligned, walking
=========================================
Target: [1.655  2.6225] | Position: [1.44783036 2.66111389]
Target angle: -0.18427326920687648 | Robot angle: 0.29846475910759285 | Diff: -0.4827380283144693 | Rotation Strength: 0.8882715117833339
Target distance: 0.21073749418962207
Aligned, walking
=========================================
Target: [1.655  2.6225] | Position: [1.44998334 2.66133686]
Target angle: -0.18721436441275952 | Robot angle: 0.240168891044513 | Diff: -0.4273832554572725 | Rotation Strength: 0.8482326647578119
Target distance: 0.20866272141702072
Aligned, walking
=========================================
Target: [1.655  2.6225] | Position: [1.4512429  2.66102736]
Target angle: -0.186878439877475 | Robot angle: 0.2032768310654296 | Diff: -0.3901552709429046 | Rotation Strength: 0.8151467057636093
Target distance: 0.20736757668602965
Aligned, walking
=========================================
Target: [1.655  2.6225] | Position: [1.45508658 2.66114203]
Target angle: -0.19093906216459988 | Robot angle: 0.15688344651869457 | Diff: -0.34782250868329445 | Rotation Strength: 0.7710601115587162
Target distance: 0.20361380084415717
Aligned, walking
=========================================
Target: [1.655  2.6225] | Position: [1.45767112 2.66103821]
Target angle: -0.192871685452495 | Robot angle: 0.11197746135497866 | Diff: -0.30484914680747366 | Rotation Strength: 0.7192470792141211
Target distance: 0.2010569059349549
Aligned, walking
=========================================
Target: [1.655  2.6225] | Position: [1.46223161 2.66073371]
Target angle: -0.19579904732097164 | Robot angle: 0.07047067821738207 | Diff: -0.2662697255383537 | Rotation Strength: 0.6671061971509743
Target distance: 0.19652345869134968
Arrived to point
=========================================
Target: [1.665  2.6025] | Position: [1.46711592 2.66047344]
Target angle: -0.28499178997564467 | Robot angle: 0.030258665475592306 | Diff: -0.315250455451237 | Rotation Strength: 0.7324221947882334
Target distance: 0.20620142680343242
Aligned, walking
=========================================
Target: [1.665  2.6025] | Position: [1.47477045 2.65992035]
Target angle: -0.29315103295315925 | Robot angle: -0.008902903222223646 | Diff: -0.2842481297309356 | Rotation Strength: 0.6920199542452543
Target distance: 0.19870676660405284
Arrived to point
=========================================
Target: [1.67   2.5725] | Position: [1.47477045 2.65992035]
Target angle: -0.42100818622261604 | Robot angle: -0.008902903222223646 | Diff: -0.4121052830003924 | Rotation Strength: 0.8352832717026746
Target distance: 0.21390861453287857
Aligned, walking
=========================================
Target: [1.67   2.5725] | Position: [1.49359748 2.65531417]
Target angle: -0.4389196011767367 | Robot angle: -0.08487215760221067 | Diff: -0.354047443574526 | Rotation Strength: 0.7779804629696192
Target distance: 0.19487441003253364
Arrived to point
=========================================
Target: [1.69   2.5375] | Position: [1.50444518 2.65298078]
Target angle: -0.556694309882519 | Robot angle: -0.12074213274619261 | Diff: -0.4359521771363264 | Rotation Strength: 0.8551226959852107
Target distance: 0.21855525843796147
Aligned, walking
=========================================
Target: [1.69   2.5375] | Position: [1.51663801 2.65157005]
Target angle: -0.581969970022044 | Robot angle: -0.15418127201217402 | Diff: -0.42778869800986996 | Rotation Strength: 0.8485646450694224
Target distance: 0.20752435444356948
Aligned, walking
=========================================
Target: [1.69   2.5375] | Position: [1.52493824 2.64907122]
Target angle: -0.5943925522960987 | Robot angle: -0.19348056760808596 | Diff: -0.4009119846880127 | Rotation Strength: 0.8252435066960415
Target distance: 0.19923233103408491
Arrived to point
=========================================
Target: [1.71   2.5025] | Position: [1.53234547 2.64635752]
Target angle: -0.6806638592187895 | Robot angle: -0.23248429931967252 | Diff: -0.44817955989911695 | Rotation Strength: 0.864502346201186
Target distance: 0.22859596796335002
Aligned, walking
=========================================
Target: [1.71   2.5025] | Position: [1.5389533  2.64358821]
Target angle: -0.6897119884045031 | Robot angle: -0.27445454501593813 | Diff: -0.41525744338856496 | Rotation Strength: 0.8380256868662351
Target distance: 0.2217269886060861
Aligned, walking
=========================================
Target: [1.71   2.5025] | Position: [1.54452172 2.63976523]
Target angle: -0.6924752746353642 | Robot angle: -0.3188714747365311 | Diff: -0.3736037998988331 | Rotation Strength: 0.7987396429523517
Target distance: 0.21499954257885784
Aligned, walking
=========================================
Target: [1.71   2.5025] | Position: [1.54851287 2.63729272]
Target angle: -0.6955421475253551 | Robot angle: -0.36123073022974816 | Diff: -0.334311417295607 | Rotation Strength: 0.7555236638551176
Target distance: 0.21035011125982633
Aligned, walking
=========================================
Target: [1.71   2.5025] | Position: [1.55103618 2.63511362]
Target angle: -0.6952717903109158 | Robot angle: -0.40135072631701485 | Diff: -0.29392106399390094 | Rotation Strength: 0.7049869311123087
Target distance: 0.2070165842432026
Aligned, walking
=========================================
Target: [1.71   2.5025] | Position: [1.5542827  2.63202878]
Target angle: -0.6938445637124073 | Robot angle: -0.44518953469286693 | Diff: -0.2486550290195404 | Rotation Strength: 0.6417544433260456
Target distance: 0.20254772608330923
Aligned, walking
=========================================
Target: [1.71   2.5025] | Position: [1.55780417 2.6279905 ]
Target angle: -0.6895221691636682 | Robot angle: -0.487570457572267 | Diff: -0.20195171159140113 | Rotation Strength: 0.5709344075266414
Target distance: 0.19725981811512505
Arrived to point
=========================================
Target: [1.72   2.4625] | Position: [1.56242305 2.62235391]
Target angle: -0.7925711374157607 | Robot angle: -0.5286313764136459 | Diff: -0.2639397610021148 | Rotation Strength: 0.6638040231478695
Target distance: 0.2244632841694662
Aligned, walking
=========================================
Target: [1.72   2.4625] | Position: [1.56901717 2.61654253]
Target angle: -0.7954287905822048 | Robot angle: -0.5670949270183749 | Diff: -0.2283338635638299 | Rotation Strength: 0.6114992248490843
Target distance: 0.21569635164805967
Aligned, walking
=========================================
Target: [1.72   2.4625] | Position: [1.57834352 2.60963098]
Target angle: -0.8043527574310687 | Robot angle: -0.6004612132825855 | Diff: -0.2038915441484832 | Rotation Strength: 0.5739569226687047
Target distance: 0.20424025679498387
Aligned, walking
=========================================
Target: [1.72   2.4625] | Position: [1.58922591 2.59863418]
Target angle: -0.8054776309104992 | Robot angle: -0.633483545426047 | Diff: -0.17199408548445216 | Rotation Strength: 0.5237192720719468
Target distance: 0.18877070274339033
Arrived to point
=========================================
Target: [1.74   2.4025] | Position: [1.59994989 2.58718293]
Target angle: -0.9219870258741518 | Robot angle: -0.667644047029714 | Diff: -0.2543429788444378 | Rotation Strength: 0.6500360543770669
Target distance: 0.23177967629453936
Aligned, walking
=========================================
Target: [1.74   2.4025] | Position: [1.61242446 2.57433406]
Target angle: -0.9321547039968414 | Robot angle: -0.6929311901077764 | Diff: -0.23922351388906504 | Rotation Strength: 0.6278359581849173
Target distance: 0.21401509723726184
Aligned, walking
=========================================
Target: [1.74   2.4025] | Position: [1.62524097 2.56195866]
Target angle: -0.946984776546056 | Robot angle: -0.7199226555991478 | Diff: -0.22706212094690814 | Rotation Strength: 0.6095741084400854
Target distance: 0.19646042777018974
Arrived to point
=========================================
Target: [1.755  2.3525] | Position: [1.63769243 2.5485936 ]
Target angle: -1.0316849757509194 | Robot angle: -0.7482394594115949 | Diff: -0.2834455163393246 | Rotation Strength: 0.6909298875016161
Target distance: 0.22850331690361578
Aligned, walking
=========================================
Target: [1.755  2.3525] | Position: [1.64909112 2.5345311 ]
Target angle: -1.0438536027494352 | Robot angle: -0.7781320894232331 | Diff: -0.2657215133262021 | Rotation Strength: 0.666330696030075
Target distance: 0.21059917511153084
Aligned, walking
=========================================
Target: [1.755  2.3525] | Position: [1.66042257 2.52063   ]
Target angle: -1.0583874441561392 | Robot angle: -0.8082202167557009 | Diff: -0.2501672274004383 | Rotation Strength: 0.6439647013566535
Target distance: 0.19290564270838778
Arrived to point
=========================================
Target: [1.775  2.3075] | Position: [1.66888991 2.50631238]
Target angle: -1.08053822787542 | Robot angle: -0.8427401252171962 | Diff: -0.23779810265822388 | Rotation Strength: 0.6257131927732527
Target distance: 0.22535686225196377
Aligned, walking
=========================================
Target: [1.775  2.3075] | Position: [1.67612432 2.49329164]
Target angle: -1.0817328067377892 | Robot angle: -0.8778561029923728 | Diff: -0.20387670374541633 | Rotation Strength: 0.57393382002581
Target distance: 0.21046361528686966
Aligned, walking
=========================================
Target: [1.775  2.3075] | Position: [1.68529979 2.48058132]
Target angle: -1.092651826934146 | Robot angle: -0.909526781130432 | Diff: -0.18312504580371414 | Rotation Strength: 0.5413578514074224
Target distance: 0.19494427896445143
Arrived to point
=========================================
Target: [1.795  2.2725] | Position: [1.691667   2.46822375]
Target angle: -1.0850369519516097 | Robot angle: -0.9412970807302976 | Diff: -0.14373987122131204 | Rotation Strength: 0.4787818608309735
Target distance: 0.2213266698864692
Aligned, walking
=========================================
Target: [1.795  2.2725] | Position: [1.69675159 2.45529917]
Target angle: -1.077626743088036 | Robot angle: -0.9752291048411008 | Diff: -0.10239763824693515 | Rotation Strength: 0.4138392663698808
Target distance: 0.20752900658609744
Aligned, walking
=========================================
Target: [1.795  2.2725] | Position: [1.70134831 2.44263778]
Target angle: -1.0676106091237232 | Robot angle: -1.008115016500942 | Diff: -0.059495592622781146 | Rotation Strength: 0.34949964592617044
Target distance: 0.19420994358078264
Arrived to point
=========================================
Target: [1.805  2.2325] | Position: [1.70444891 2.42919509]
Target angle: -1.0982266654959365 | Robot angle: -1.0382531008914793 | Diff: -0.05997356460445724 | Rotation Strength: 0.3501917564232334
Target distance: 0.2209060386177699
Aligned, walking
=========================================
Target: [1.805  2.2325] | Position: [1.70531672 2.41540618]
Target angle: -1.0718024709899083 | Robot angle: -1.0690507427044915 | Diff: -0.00275172828541681 | Rotation Strength: 0.2723995874932513
Target distance: 0.20830609454148968
Aligned, walking
=========================================
Target: [1.805  2.2325] | Position: [1.70720428 2.39995561]
Target angle: -1.0422172624463428 | Robot angle: -1.0979232674285484 | Diff: 0.05570600498220557 | Rotation Strength: 0.34403488255678005
Target distance: 0.1939210757141824
Arrived to point
=========================================
Target: [1.83   2.1875] | Position: [1.70792542 2.38484835]
Target angle: -1.0168312308637617 | Robot angle: -1.123994291980802 | Diff: 0.10716306111704021 | Rotation Strength: 0.4212171751995192
Target distance: 0.23205295503205858
Aligned, walking
=========================================
Target: [1.83   2.1875] | Position: [1.70815747 2.36885819]
Target angle: -0.9792251179360854 | Robot angle: -1.1430492545640174 | Diff: 0.16382413662793205 | Rotation Strength: 0.5107325626166661
Target distance: 0.2184866052720514
Aligned, walking
=========================================
Target: [1.83   2.1875] | Position: [1.70681528 2.34992782]
Target angle: -0.9219429604134053 | Robot angle: -1.1621107653266232 | Diff: 0.24016780491321787 | Rotation Strength: 0.6292395203393446
Target distance: 0.2038560135504963
Aligned, walking
=========================================
Target: [1.83   2.1875] | Position: [1.70413571 2.32988116]
Target angle: -0.8468942468318463 | Robot angle: -1.1714021196517876 | Diff: 0.3245078728199413 | Rotation Strength: 0.7438128606418835
Target distance: 0.19003740221615265
Arrived to point
=========================================
Target: [1.86   2.1225] | Position: [1.70243364 2.30854033]
Target angle: -0.8680771862232333 | Robot angle: -1.178469754681063 | Diff: 0.3103925684578295 | Rotation Strength: 0.7263178759128611
Target distance: 0.24379943249639452
Aligned, walking
=========================================
Target: [1.86   2.1225] | Position: [1.7031635  2.28588472]
Target angle: -0.8058443722229867 | Robot angle: -1.1748114711119804 | Diff: 0.3689670988889935 | Rotation Strength: 0.7939525971755709
Target distance: 0.22647793013045586
Aligned, walking
=========================================
Target: [1.86   2.1225] | Position: [1.70455442 2.26415919]
Target angle: -0.7390289807172086 | Robot angle: -1.1666802469458981 | Diff: 0.42765126622868976 | Rotation Strength: 0.8484521814779388
Target distance: 0.21031084888731955
Aligned, walking
=========================================
Target: [1.86   2.1225] | Position: [1.70855995 2.2431335 ]
Target angle: -0.6726495966531036 | Robot angle: -1.1492824766538148 | Diff: 0.4766328800007109 | Rotation Strength: 0.8843555874244359
Target distance: 0.19361438107876364
Arrived to point
=========================================
Target: [1.885  2.0675] | Position: [1.7127568  2.22468599]
Target angle: -0.7397230013816225 | Robot angle: -1.124186409047863 | Diff: 0.38446340766624054 | Rotation Strength: 0.8096241837805355
Target distance: 0.23318480709425607
Aligned, walking
=========================================
Target: [1.885  2.0675] | Position: [1.71853249 2.2055814 ]
Target angle: -0.6924596088885631 | Robot angle: -1.0936786285452813 | Diff: 0.40121901965671825 | Rotation Strength: 0.8255252199332002
Target distance: 0.21628200732691116
Aligned, walking
=========================================
Target: [1.885  2.0675] | Position: [1.72288169 2.19203015]
Target angle: -0.6550122861968597 | Robot angle: -1.0570056433858412 | Diff: 0.40199335718898155 | Rotation Strength: 0.8262341056148321
Target distance: 0.20442628077797195
Aligned, walking
=========================================
Target: [1.885  2.0675] | Position: [1.72843698 2.1827332 ]
Target angle: -0.6344923928025237 | Robot angle: -1.0174886511459174 | Diff: 0.3829962583433937 | Rotation Strength: 0.8081803928880831
Target distance: 0.19439822405943463
Arrived to point
=========================================
Target: [1.905  2.0025] | Position: [1.7333653  2.17494164]
Target angle: -0.7877433782831202 | Robot angle: -0.9787767563058831 | Diff: 0.19103337802276288 | Rotation Strength: 0.5538296345796312
Target distance: 0.24329938492009776
Aligned, walking
=========================================
Target: [1.905  2.0025] | Position: [1.73905713 2.16644316]
Target angle: -0.7793364011145054 | Robot angle: -0.9354125122226895 | Diff: 0.1560761111081841 | Rotation Strength: 0.49840285124649564
Target distance: 0.23326893740748705
Aligned, walking
=========================================
Target: [1.905  2.0025] | Position: [1.74256212 2.15889675]
Target angle: -0.7664529075642825 | Robot angle: -0.8972445440457433 | Diff: 0.13079163648146075 | Rotation Strength: 0.45825873174077203
Target distance: 0.22549059454777431
Aligned, walking
=========================================
Target: [1.905  2.0025] | Position: [1.7468026  2.15308132]
Target angle: -0.7607379914932966 | Robot angle: -0.8555566815220099 | Diff: 0.09481869002871335 | Rotation Strength: 0.4021858868097866
Target distance: 0.21840593115209242
Aligned, walking
=========================================
Target: [1.905  2.0025] | Position: [1.75078446 2.14798063]
Target angle: -0.7562605283639416 | Robot angle: -0.8165587876910143 | Diff: 0.06029825932707267 | Rotation Strength: 0.35066227940397565
Target distance: 0.21200718755771653
Aligned, walking
=========================================
Target: [1.905  2.0025] | Position: [1.7562473  2.14370848]
Target angle: -0.7593860068302671 | Robot angle: -0.7772314018104964 | Diff: 0.0178453949802293 | Rotation Strength: 0.29185481074595065
Target distance: 0.20510290441748122
Aligned, walking
=========================================
Target: [1.905  2.0025] | Position: [1.76321207 2.13699101]
Target angle: -0.7589928765702085 | Robot angle: -0.7419147084515032 | Diff: -0.017078168118705328 | Rotation Strength: 0.29084636874490266
Target distance: 0.1954268413463685
Arrived to point
=========================================
Target: [1.94   1.9275] | Position: [1.77152843 2.1301033 ]
Target angle: -0.8771207787455424 | Robot angle: -0.7078901403116151 | Diff: -0.16923063843392727 | Rotation Strength: 0.5193292885356595
Target distance: 0.263497188614434
Aligned, walking
=========================================
Target: [1.94   1.9275] | Position: [1.78010855 2.12357344]
Target angle: -0.8866950996960608 | Robot angle: -0.6784241630572745 | Diff: -0.20827093663878626 | Rotation Strength: 0.5807599806250472
Target distance: 0.25300211670738526
Aligned, walking
=========================================
Target: [1.94   1.9275] | Position: [1.79386051 2.11147498]
Target angle: -0.8995134693505396 | Robot angle: -0.6549507774146881 | Diff: -0.24456269193585145 | Rotation Strength: 0.635742935514748
Target distance: 0.23495434439818433
Aligned, walking
=========================================
Target: [1.94   1.9275] | Position: [1.80902255 2.09826426]
Target angle: -0.9164990365586432 | Robot angle: -0.6364280994798586 | Diff: -0.2800709370787846 | Rotation Strength: 0.6863235153365794
Target distance: 0.21521041843693683
Aligned, walking
=========================================
Target: [1.94   1.9275] | Position: [1.82504539 2.08472706]
Target angle: -0.9394768377763105 | Robot angle: -0.623048698778077 | Diff: -0.3164281389982335 | Rotation Strength: 0.7338889652664313
Target distance: 0.19476886453821057
Arrived to point
=========================================
Target: [1.965  1.8425] | Position: [1.84127015 2.07000684]
Target angle: -1.0726861810767696 | Robot angle: -0.6168373121280224 | Diff: -0.4558488689487472 | Rotation Strength: 0.8701204346296482
Target distance: 0.25897575003413076
Aligned, walking
=========================================
Target: [1.965  1.8425] | Position: [1.85796992 2.05631721]
Target angle: -1.1066943282651671 | Robot angle: -0.6183556908980119 | Diff: -0.4883386373671552 | Rotation Strength: 0.8917613771374719
Target distance: 0.2391092547141193
Aligned, walking
=========================================
Target: [1.965  1.8425] | Position: [1.87510905 2.04276016]
Target angle: -1.1488817826527264 | Robot angle: -0.6215872000106542 | Diff: -0.5272945826420723 | Rotation Strength: 0.9134780787396218
Target distance: 0.2195097106120087
Aligned, walking
=========================================
Target: [1.965  1.8425] | Position: [1.89279384 2.02592448]
Target angle: -1.195770786896621 | Robot angle: -0.6360927941536301 | Diff: -0.5596779927429907 | Rotation Strength: 0.9284434058415624
Target distance: 0.19712500930372998
Arrived to point
=========================================
Target: [1.985  1.7775] | Position: [1.90185767 2.01358767]
Target angle: -1.2321921558661353 | Robot angle: -0.6667366009417153 | Diff: -0.5654555549244202 | Rotation Strength: 0.9308488270393745
Target distance: 0.2502998935731635
Aligned, walking
=========================================
Target: [1.985  1.7775] | Position: [1.9139638  2.00072269]
Target angle: -1.2626996249569264 | Robot angle: -0.6989908016976321 | Diff: -0.5637088232592946 | Rotation Strength: 0.9301295995865391
Target distance: 0.2342530918068726
Aligned, walking
=========================================
Target: [1.985  1.7775] | Position: [1.92245803 1.99095591]
Target angle: -1.2857764863033037 | Robot angle: -0.7360378971021646 | Diff: -0.549738589201139 | Rotation Strength: 0.9241239104078243
Target distance: 0.22242959136222884
Aligned, walking
=========================================
Target: [1.985  1.7775] | Position: [1.92639829 1.98428767]
Target angle: -1.29464616103401 | Robot angle: -0.7788376698038655 | Diff: -0.5158084912301444 | Rotation Strength: 0.9075213128840341
Target distance: 0.21493092126135072
Aligned, walking
=========================================
Target: [1.985  1.7775] | Position: [1.92812539 1.98009705]
Target angle: -1.29711292809392 | Robot angle: -0.8222317484822419 | Diff: -0.4748811796116783 | Rotation Strength: 0.8832101998045092
Target distance: 0.21042881047742915
Aligned, walking
=========================================
Target: [1.985  1.7775] | Position: [1.92403616 1.97561019]
Target angle: -1.272265769485312 | Robot angle: -0.9148889963148097 | Diff: -0.3573767731705022 | Rotation Strength: 0.7816198592660967
Target distance: 0.20727815957136206
Aligned, walking
=========================================
Target: [1.985  1.7775] | Position: [1.92236241 1.97381236]
Target angle: -1.26193625964045 | Robot angle: -0.9595849729481567 | Diff: -0.3023512866922933 | Rotation Strength: 0.7160248366535085
Target distance: 0.20606312726534354
Aligned, walking
=========================================
Target: [1.985  1.7775] | Position: [1.92262895 1.97082489]
Target angle: -1.258715863828228 | Robot angle: -1.0035632088009523 | Diff: -0.2551526550272758 | Rotation Strength: 0.6512077519653187
Target distance: 0.20313704758931508
Aligned, walking
=========================================
Target: [1.985  1.7775] | Position: [1.92217048 1.96716364]
Target angle: -1.2509056279849557 | Robot angle: -1.0487959779371958 | Diff: -0.20210965004775971 | Rotation Strength: 0.5711806975996288
Target distance: 0.19979951535736343
Arrived to point
=========================================
Target: [2.015  1.6925] | Position: [1.92136239 1.9620559 ]
Target angle: -1.2364598732502325 | Robot angle: -1.089675356267592 | Diff: -0.1467845169826405 | Rotation Strength: 0.4836206772880812
Target distance: 0.28535658800245156
Aligned, walking
=========================================
Target: [2.015  1.6925] | Position: [1.92123897 1.95389825]
Target angle: -1.2264006125120555 | Robot angle: -1.1306379791397019 | Diff: -0.09576263337235336 | Rotation Strength: 0.4036315698493713
Target distance: 0.2777051949209353
Aligned, walking
=========================================
Target: [2.015  1.6925] | Position: [1.92264765 1.9456893 ]
Target angle: -1.221036675705917 | Robot angle: -1.164765777874621 | Diff: -0.05627089783129602 | Rotation Strength: 0.344846913565096
Target distance: 0.26950654871070145
Aligned, walking
=========================================
Target: [2.015  1.6925] | Position: [1.9263216  1.93122997]
Target angle: -1.2151337090848102 | Robot angle: -1.1973958842931567 | Diff: -0.017737824791653534 | Rotation Strength: 0.29171329678033486
Target distance: 0.25466813360846613
Aligned, walking
=========================================
Target: [2.015  1.6925] | Position: [1.92819708 1.916649  ]
Target angle: -1.201324684650658 | Robot angle: -1.2300071830559394 | Diff: 0.028682498405281365 | Rotation Strength: 0.30631551821103997
Target distance: 0.2403695531607023
Aligned, walking
=========================================
Target: [2.015  1.6925] | Position: [1.93327242 1.89632521]
Target angle: -1.1894549251722377 | Robot angle: -1.2566045526429228 | Diff: 0.06714962747068487 | Rotation Strength: 0.3606573514015514
Target distance: 0.21959989366853583
Aligned, walking
=========================================
Target: [2.015  1.6925] | Position: [1.93837806 1.87223039]
Target angle: -1.1678115529031736 | Robot angle: -1.2770386389605575 | Diff: 0.10922708605738407 | Rotation Strength: 0.4244238899674826
Target distance: 0.19538150776365873
Arrived to point
=========================================
Target: [2.03   1.6575] | Position: [1.94530345 1.84254433]
Target angle: -1.1415496973052952 | Robot angle: -1.2919578457628325 | Diff: 0.15040814845753747 | Rotation Strength: 0.48938359891890804
Target distance: 0.2035065369486733
Aligned, walking
=========================================
Target: [2.03   1.6575] | Position: [1.95226245 1.80858705]
Target angle: -1.0955990729963618 | Robot angle: -1.3036175469846647 | Diff: 0.20801847398830287 | Rotation Strength: 0.5803686057371662
Target distance: 0.16991298566961094
Arrived to point
=========================================
Target: [2.04   1.6075] | Position: [1.96004784 1.77336979]
Target angle: -1.1216378417532558 | Robot angle: -1.308544805934704 | Diff: 0.18690696418144803 | Rotation Strength: 0.547329544595768
Target distance: 0.18413347635144178
Arrived to point
=========================================
Target: [2.055  1.5575] | Position: [1.96690516 1.73969802]
Target angle: -1.1204263170091746 | Robot angle: -1.3087432929262817 | Diff: 0.18831697591710705 | Rotation Strength: 0.5495525806520762
Target distance: 0.2023779156474314
Aligned, walking
=========================================
Target: [2.055  1.5575] | Position: [1.97519148 1.70623297]
Target angle: -1.0783075012403422 | Robot angle: -1.2999900314362705 | Diff: 0.22168253019592843 | Rotation Strength: 0.6013935171281612
Target distance: 0.1687924654541685
Arrived to point
=========================================
Target: [2.06   1.5275] | Position: [1.98353083 1.67761684]
Target angle: -1.0996588347836251 | Robot angle: -1.280767673436942 | Diff: 0.18110883865331662 | Rotation Strength: 0.5381692640617328
Target distance: 0.16847136026802384
Arrived to point
=========================================
Target: [2.075  1.4975] | Position: [1.9908112  1.65229502]
Target angle: -1.0726694845137046 | Robot angle: -1.2590459615785956 | Diff: 0.1863764770648908 | Rotation Strength: 0.5464926803438477
Target distance: 0.17620798115433658
Arrived to point
=========================================
Target: [2.09   1.4725] | Position: [1.99922469 1.62940307]
Target angle: -1.0463027969981082 | Robot angle: -1.233436035075768 | Diff: 0.18713323807766002 | Rotation Strength: 0.5476864194402872
Target distance: 0.1812697739128156
Arrived to point
=========================================
Target: [2.1    1.4425] | Position: [1.99922469 1.62940307]
Target angle: -1.0762943575724924 | Robot angle: -1.233436035075768 | Diff: 0.1571416775032759 | Rotation Strength: 0.5000987474027043
Target distance: 0.21234034335436583
Aligned, walking
=========================================
Target: [2.1    1.4425] | Position: [2.01359832 1.59628008]
Target angle: -1.05889909435309 | Robot angle: -1.1644955720927628 | Diff: 0.10559647773967296 | Rotation Strength: 0.4187877101888928
Target distance: 0.17639037155780724
Arrived to point
=========================================
Target: [2.11   1.4025] | Position: [2.02061864 1.58421655]
Target angle: -1.1136718781189199 | Robot angle: -1.1297743070708846 | Diff: 0.016102428951964676 | Rotation Strength: 0.28956683256596616
Target distance: 0.20250909253315325
Aligned, walking
=========================================
Target: [2.11   1.4025] | Position: [2.02061864 1.58421655]
Target angle: -1.1136718781189199 | Robot angle: -1.1297743070708846 | Diff: 0.016102428951964676 | Rotation Strength: 0.28956683256596616
Target distance: 0.20250909253315325
Aligned, walking
=========================================
Target: [2.11   1.4025] | Position: [2.02666841 1.57444062]
Target angle: -1.119501265558041 | Robot angle: -1.0951812964627052 | Diff: -0.024319969095335736 | Rotation Strength: 0.30044614369697686
Target distance: 0.1910699632381508
Arrived to point
=========================================
Target: [2.12   1.3725] | Position: [2.03036549 1.56773233]
Target angle: -1.1403865079846547 | Robot angle: -1.037174550573969 | Diff: -0.10321195741068578 | Rotation Strength: 0.4150973695245659
Target distance: 0.2148255257321008
Aligned, walking
=========================================
Target: [2.12   1.3725] | Position: [2.02944759 1.56806155]
Target angle: -1.137153139904981 | Robot angle: -1.0116462846512033 | Diff: -0.1255068552537777 | Rotation Strength: 0.44991885887272987
Target distance: 0.21550883576499164
Aligned, walking
=========================================
Target: [2.12   1.3725] | Position: [2.02791958 1.56902518]
Target angle: -1.1326298136158535 | Robot angle: -0.9894383606605079 | Diff: -0.14319145295534552 | Rotation Strength: 0.47791066330868115
Target distance: 0.21702753100556976
Aligned, walking
=========================================
Target: [2.12   1.3725] | Position: [2.02535492 1.57019718]
Target angle: -1.1243028406279691 | Robot angle: -0.9737444284965724 | Diff: -0.15055841213139676 | Rotation Strength: 0.4896226455756152
Target distance: 0.21918455306006285
Aligned, walking
=========================================
Target: [2.12   1.3725] | Position: [2.02324702 1.56947946]
Target angle: -1.1142270739326756 | Robot angle: -0.9624288195503286 | Diff: -0.15179825438234706 | Rotation Strength: 0.4915952171336361
Target distance: 0.21945852845296923
Aligned, walking
=========================================
Target: [2.12   1.3725] | Position: [2.02171217 1.56724301]
Target angle: -1.1033915491519042 | Robot angle: -0.9586996469039377 | Diff: -0.14469190224796646 | Rotation Strength: 0.48029452652961113
Target distance: 0.21814063375348616
Aligned, walking
=========================================
Target: [2.12   1.3725] | Position: [2.02048006 1.56464738]
Target angle: -1.0929035281236423 | Robot angle: -0.9625805157188281 | Diff: -0.13032301240481425 | Rotation Strength: 0.4575181841238848
Target distance: 0.21639046967644485
Aligned, walking
=========================================
Target: [2.12   1.3725] | Position: [2.0228264 1.5552946]
Target angle: -1.0821894954296067 | Robot angle: -0.9725192719157234 | Diff: -0.10967022351388334 | Rotation Strength: 0.42511319822569726
Target distance: 0.20701829566648156
Aligned, walking
=========================================
Target: [2.12   1.3725] | Position: [2.02486762 1.5437975 ]
Target angle: -1.0638446101494372 | Robot angle: -0.987331588114412 | Diff: -0.07651302203502519 | Rotation Strength: 0.37451324777488537
Target distance: 0.19594132545276685
Arrived to point
=========================================
Target: [2.13   1.3475] | Position: [2.02911612 1.52926595]
Target angle: -1.0641065847650069 | Robot angle: -1.0038353283633041 | Diff: -0.06027125640170272 | Rotation Strength: 0.3506231377230258
Target distance: 0.2078855901284366
Aligned, walking
=========================================
Target: [2.13   1.3475] | Position: [2.03547302 1.51146565]
Target angle: -1.04783189044266 | Robot angle: -1.0212618526870942 | Diff: -0.026570037755565767 | Rotation Strength: 0.3034653962193372
Target distance: 0.18926194976503075
Arrived to point
=========================================
Target: [2.14   1.3175] | Position: [2.0435998 1.4899116]
Target angle: -1.0609718627273734 | Robot angle: -1.0395491986633836 | Diff: -0.02142266406398985 | Rotation Strength: 0.2965837701190075
Target distance: 0.19753166527695182
Arrived to point
=========================================
Target: [2.155  1.2825] | Position: [2.05220288 1.46519021]
Target angle: -1.058266019299511 | Robot angle: -1.0585162805851929 | Diff: 0.0002502612856818409 | Rotation Strength: 0.269254781313521
Target distance: 0.20962576661550658
Aligned, walking
=========================================
Target: [2.155  1.2825] | Position: [2.06165126 1.43663774]
Target angle: -1.0262554400441317 | Robot angle: -1.0785396925581576 | Diff: 0.05228425251402591 | Rotation Strength: 0.33913572035886996
Target distance: 0.18020108211546448
Arrived to point
=========================================
Target: [2.185  1.2375] | Position: [2.0697445  1.40929284]
Target angle: -0.9798699639220798 | Robot angle: -1.1001655352208788 | Diff: 0.12029557129879898 | Rotation Strength: 0.4417224225428986
Target distance: 0.20687341935414427
Aligned, walking
=========================================
Target: [2.185  1.2375] | Position: [2.07738668 1.38282888]
Target angle: -0.9334150369212368 | Robot angle: -1.1181331897246292 | Diff: 0.18471815280339232 | Rotation Strength: 0.5438749349086769
Target distance: 0.1808344822047737
Arrived to point
=========================================
Target: [2.19   1.2125] | Position: [2.08314919 1.35564692]
Target angle: -0.9295765336664088 | Robot angle: -1.1341204779953582 | Diff: 0.2045439443289494 | Rotation Strength: 0.5749722194345039
Target distance: 0.1786284878284143
Arrived to point
=========================================
Target: [2.205  1.1875] | Position: [2.08637375 1.32821005]
Target angle: -0.8703483219105492 | Robot angle: -1.1497746668659667 | Diff: 0.2794263449554175 | Rotation Strength: 0.6854394028255234
Target distance: 0.184042129686303
Arrived to point
=========================================
Target: [2.215  1.1475] | Position: [2.08867404 1.29966826]
Target angle: -0.8779261367764106 | Robot angle: -1.158244793588437 | Diff: 0.2803186568120264 | Rotation Strength: 0.686662924751072
Target distance: 0.19777114736254772
Arrived to point
=========================================
Target: [2.22   1.1275] | Position: [2.08784017 1.27475717]
Target angle: -0.8393772424594896 | Robot angle: -1.1618836135372574 | Diff: 0.3225063710777678 | Rotation Strength: 0.7413772800151721
Target distance: 0.1978658539179367
Arrived to point
=========================================
Target: [2.235  1.1075] | Position: [2.08605336 1.25382171]
Target angle: -0.7765084103335242 | Robot angle: -1.162437667201432 | Diff: 0.3859292568679078 | Rotation Strength: 0.8110583797393451
Target distance: 0.20879449893087332
Aligned, walking
=========================================
Target: [2.235  1.1075] | Position: [2.08409435 1.23813572]
Target angle: -0.7135258957986323 | Robot angle: -1.1508961202566812 | Diff: 0.4373702244580491 | Rotation Strength: 0.8562375207830097
Target distance: 0.19959510862247093
Arrived to point
=========================================
Target: [2.24   1.0825] | Position: [2.08313717 1.22378615]
Target angle: -0.7332010038939147 | Robot angle: -1.1327951299091712 | Diff: 0.39959412601525646 | Rotation Strength: 0.8240302616435368
Target distance: 0.21111069043719835
Aligned, walking
=========================================
Target: [2.24   1.0825] | Position: [2.08277734 1.21317385]
Target angle: -0.6934417190234807 | Robot angle: -1.1060490581549134 | Diff: 0.41260733913143266 | Rotation Strength: 0.8357225486035822
Target distance: 0.20443732056336844
Aligned, walking
=========================================
Target: [2.24   1.0825] | Position: [2.08183581 1.20586332]
Target angle: -0.6624076305984166 | Robot angle: -1.0755197748523782 | Diff: 0.4131121442539616 | Rotation Strength: 0.8361632812977641
Target distance: 0.20058518985905097
Aligned, walking
=========================================
Target: [2.24   1.0825] | Position: [2.07970349 1.20275044]
Target angle: -0.6436131315619695 | Robot angle: -1.0400212728988159 | Diff: 0.3964081413368463 | Rotation Strength: 0.821069839457459
Target distance: 0.20038746933136314
Aligned, walking
=========================================
Target: [2.24   1.0825] | Position: [2.0773212 1.2015328]
Target angle: -0.6316887904816895 | Robot angle: -1.0011186191550863 | Diff: 0.3694298286733968 | Rotation Strength: 0.7944340936088757
Target distance: 0.20157678287984943
Aligned, walking
=========================================
Target: [2.24   1.0825] | Position: [2.07617512 1.20088905]
Target angle: -0.625770125662005 | Robot angle: -0.9606599217094933 | Diff: 0.33488979604748836 | Rotation Strength: 0.756203130974805
Target distance: 0.2021251003758
Aligned, walking
=========================================
Target: [2.24   1.0825] | Position: [2.07564821 1.20166636]
Target angle: -0.6273533197426686 | Robot angle: -0.9176787332022496 | Diff: 0.29032541345958096 | Rotation Strength: 0.7002038968220066
Target distance: 0.20300771716986865
Aligned, walking
=========================================
Target: [2.24   1.0825] | Position: [2.07756735 1.20081982]
Target angle: -0.6295488178993871 | Robot angle: -0.8735979550412005 | Diff: 0.24404913714181342 | Rotation Strength: 0.6349854944771214
Target distance: 0.2009575707844007
Aligned, walking
=========================================
Target: [2.24   1.0825] | Position: [2.07940553 1.19871559]
Target angle: -0.6264284786865653 | Robot angle: -0.832824121450086 | Diff: 0.20639564276352074 | Rotation Strength: 0.5778504519785685
Target distance: 0.1982338211309745
Arrived to point
=========================================
Target: [2.255  1.0525] | Position: [2.08543497 1.19202828]
Target angle: -0.6885253718681774 | Robot angle: -0.7905815620494709 | Diff: 0.10205619018129353 | Rotation Strength: 0.4133120708693857
Target distance: 0.21959152712229596
Aligned, walking
=========================================
Target: [2.255  1.0525] | Position: [2.09144686 1.18538519]
Target angle: -0.6823101518145518 | Robot angle: -0.7524242959579119 | Diff: 0.07011414414336015 | Rotation Strength: 0.3650204312448674
Target distance: 0.2107322978632403
Aligned, walking
=========================================
Target: [2.255  1.0525] | Position: [2.09970347 1.17748409]
Target angle: -0.6776665525842809 | Robot angle: -0.720301211162869 | Diff: 0.04263465857858817 | Rotation Strength: 0.3255065602667747
Target distance: 0.19934401319512005
Arrived to point
=========================================
Target: [2.265  1.0325] | Position: [2.10969731 1.16961761]
Target angle: -0.7232900171345178 | Robot angle: -0.6901527222942092 | Diff: -0.033137294840308584 | Rotation Strength: 0.31237453024411177
Target distance: 0.20717182333301395
Aligned, walking
=========================================
Target: [2.265  1.0325] | Position: [2.12289612 1.15721409]
Target angle: -0.7203154637542166 | Robot angle: -0.6624194113104349 | Diff: -0.05789605244378171 | Rotation Strength: 0.3471881095016862
Target distance: 0.18906907548251126
Arrived to point
=========================================
Target: [2.28   0.9975] | Position: [2.13779009 1.14360041]
Target angle: -0.7988914898891464 | Robot angle: -0.6427320275758373 | Diff: -0.15615946231330913 | Rotation Strength: 0.49853550756531506
Target distance: 0.2038847440972439
Aligned, walking
=========================================
Target: [2.28   0.9975] | Position: [2.15579451 1.12942078]
Target angle: -0.815512068245396 | Robot angle: -0.6242594616077239 | Diff: -0.19125260663767207 | Rotation Strength: 0.5541744777092181
Target distance: 0.18119076937680637
Arrived to point
=========================================
Target: [2.29   0.9775] | Position: [2.17665805 1.11387042]
Target angle: -0.8773580639945635 | Robot angle: -0.6107716227965083 | Diff: -0.2665864411980552 | Rotation Strength: 0.6675538113921944
Target distance: 0.17732255594522647
Arrived to point
=========================================
Target: [2.32   0.9225] | Position: [2.19871867 1.09619874]
Target angle: -0.9612605888759074 | Robot angle: -0.6071449237245612 | Diff: -0.3541156651513462 | Rotation Strength: 0.7780554712697753
Target distance: 0.21184997661818963
Aligned, walking
=========================================
Target: [2.32   0.9225] | Position: [2.22016731 1.08104402]
Target angle: -1.0088355579092414 | Robot angle: -0.6085702853296273 | Diff: -0.4002652725796141 | Rotation Strength: 0.8246489573934277
Target distance: 0.18735734099299467
Arrived to point
=========================================
Target: [2.335  0.8925] | Position: [2.24213597 1.06648849]
Target angle: -1.0805250532620114 | Robot angle: -0.6140185025761138 | Diff: -0.46650655068589764 | Rotation Strength: 0.8775974651404358
Target distance: 0.19721998696558882
Arrived to point
=========================================
Target: [2.345  0.8525] | Position: [2.26226846 1.04966205]
Target angle: -1.1734982825281797 | Robot angle: -0.6295331280660532 | Diff: -0.5439651544621267 | Rotation Strength: 0.9215061901356797
Target distance: 0.213816234632028
Aligned, walking
=========================================
Target: [2.345  0.8525] | Position: [2.27858628 1.0342445 ]
Target angle: -1.2204477717294497 | Robot angle: -0.6517595296320438 | Diff: -0.568688242097406 | Rotation Strength: 0.9321618534766858
Target distance: 0.1934989571986375
Arrived to point
=========================================
Target: [2.365  0.8275] | Position: [2.29351726 1.02046499]
Target angle: -1.2160258481666213 | Robot angle: -0.6801736642880551 | Diff: -0.5358521838785659 | Rotation Strength: 0.917688029817151
Target distance: 0.20577965876662377
Aligned, walking
=========================================
Target: [2.365  0.8275] | Position: [2.30664226 1.00760251]
Target angle: -1.2574464096217428 | Robot angle: -0.710675376397913 | Diff: -0.5467710332238296 | Rotation Strength: 0.9227885607475389
Target distance: 0.18932126368730987
Arrived to point
=========================================
Target: [2.375  0.8025] | Position: [2.31401611 0.99722358]
Target angle: -1.2672903731336957 | Robot angle: -0.7505174886125037 | Diff: -0.5167728845211919 | Rotation Strength: 0.9080352928488988
Target distance: 0.2040497660061753
Aligned, walking
=========================================
Target: [2.375  0.8025] | Position: [2.31848146 0.98917417]
Target angle: -1.2768040985344673 | Robot angle: -0.7918261309911458 | Diff: -0.4849779675433217 | Rotation Strength: 0.8896789222139565
Target distance: 0.19504253531658286
Arrived to point
=========================================
Target: [2.4    0.7675] | Position: [2.32295491 0.98186468]
Target angle: -1.2257620112452916 | Robot angle: -0.8355593882518924 | Diff: -0.3902026229933995 | Rotation Strength: 0.8151921250833347
Target distance: 0.227789735489663
Aligned, walking
=========================================
Target: [2.4    0.7675] | Position: [2.32422515 0.97667163]
Target angle: -1.2232400736131368 | Robot angle: -0.8814824836828246 | Diff: -0.341757589930312 | Rotation Strength: 0.7641731213019638
Target distance: 0.2224738143407202
Aligned, walking
=========================================
Target: [2.4    0.7675] | Position: [2.32320827 0.974685  ]
Target angle: -1.2158507153723435 | Robot angle: -0.9276040700021699 | Diff: -0.2882466453701733 | Rotation Strength: 0.697418529394532
Target distance: 0.22095835499532718
Aligned, walking
=========================================
Target: [2.4    0.7675] | Position: [2.32080349 0.97356543]
Target angle: -1.2038737267916373 | Robot angle: -0.972668553560847 | Diff: -0.23120517323079026 | Rotation Strength: 0.6158328529692947
Target distance: 0.22076016668480164
Aligned, walking
=========================================
Target: [2.4    0.7675] | Position: [2.31950553 0.97321909]
Target angle: -1.1978267559004252 | Robot angle: -1.0162608185551885 | Diff: -0.18156593734523696 | Rotation Strength: 0.5388924388604478
Target distance: 0.2209065460370393
Aligned, walking
=========================================
Target: [2.4    0.7675] | Position: [2.31680873 0.9740923 ]
Target angle: -1.1879789122254993 | Robot angle: -1.04910045016707 | Diff: -0.13887846205842935 | Rotation Strength: 0.4710643051463449
Target distance: 0.2227131910452273
Aligned, walking
=========================================
Target: [2.4    0.7675] | Position: [2.31452057 0.97319191]
Target angle: -1.1769398261777166 | Robot angle: -1.0898560932606474 | Diff: -0.08708373291706906 | Rotation Strength: 0.3904055718092475
Target distance: 0.2227462591550607
Aligned, walking
=========================================
Target: [2.4    0.7675] | Position: [2.31456317 0.96777944]
Target angle: -1.1675813031385178 | Robot angle: -1.127492677535833 | Diff: -0.04008862560268511 | Rotation Strength: 0.3219580540790836
Target distance: 0.2177413703930674
Aligned, walking
=========================================
Target: [2.4    0.7675] | Position: [2.31562126 0.96043387]
Target angle: -1.1585156762676168 | Robot angle: -1.1650248522291018 | Diff: 0.006509175961484814 | Rotation Strength: 0.27716633926878775
Target distance: 0.21057837042084596
Aligned, walking
=========================================
Target: [2.4    0.7675] | Position: [2.31714987 0.94914152]
Target angle: -1.1428655737064652 | Robot angle: -1.1967202344232069 | Diff: 0.05385466071674161 | Rotation Strength: 0.34137998404882564
Target distance: 0.1996441516129786
Arrived to point
=========================================
Target: [2.405  0.7525] | Position: [2.31924661 0.9325872 ]
Target angle: -1.1263880582846784 | Robot angle: -1.2266016656613385 | Diff: 0.10021360737666019 | Rotation Strength: 0.4104705816861257
Target distance: 0.19946188428285885
Arrived to point
=========================================
Target: [2.415  0.7375] | Position: [2.32251934 0.91207971]
Target angle: -1.083646104737924 | Robot angle: -1.248133841079564 | Diff: 0.16448773634163993 | Rotation Strength: 0.5117881783072541
Target distance: 0.1975620097226488
Arrived to point
=========================================
Target: [2.425  0.7175] | Position: [2.33244409 0.85918342]
Target angle: -0.9921338038896925 | Robot angle: -1.2736017640823571 | Diff: 0.2814679601926646 | Rotation Strength: 0.6882350079318944
Target distance: 0.16923589379450799
Arrived to point
=========================================
Target: [2.445  0.6875] | Position: [2.33577217 0.82871333]
Target angle: -0.9124271135421838 | Robot angle: -1.2801938285324208 | Diff: 0.3677667149902373 | Rotation Strength: 0.7926996390418863
Target distance: 0.17852709574956155
Arrived to point
=========================================
Target: [2.45   0.6725] | Position: [2.3383262  0.79872581]
Target angle: -0.8464907441774132 | Robot angle: -1.2776563283224474 | Diff: 0.43116558414503414 | Rotation Strength: 0.8513065344824171
Target distance: 0.16853483919971632
Arrived to point
=========================================
Target: [2.47   0.6375] | Position: [2.33925959 0.76829711]
Target angle: -0.7856149555169636 | Robot angle: -1.2690738077374464 | Diff: 0.4834588522204828 | Rotation Strength: 0.888726128172056
Target distance: 0.1849349646483151
Arrived to point
=========================================
Target: [2.475  0.6175] | Position: [2.34014082 0.74229468]
Target angle: -0.7466563392931018 | Robot angle: -1.2560510050625937 | Diff: 0.5093946657694919 | Rotation Strength: 0.9040369629928865
Target distance: 0.18374088558707818
Arrived to point
=========================================
Target: [2.485  0.5925] | Position: [2.33956035 0.71915263]
Target angle: -0.7164610923711221 | Robot angle: -1.2373387447711792 | Diff: 0.5208776524000571 | Rotation Strength: 0.9101943391947174
Target distance: 0.19285637521338772
Arrived to point
=========================================
Target: [2.495  0.5825] | Position: [2.34012918 0.69803471]
Target angle: -0.6409406756727822 | Robot angle: -1.2116322726624669 | Diff: 0.5706915969896844 | Rotation Strength: 0.9329639199025276
Target distance: 0.19321811600113273
Arrived to point
=========================================
Target: [2.505  0.5625] | Position: [2.3420727  0.67880866]
Target angle: -0.6199731523259908 | Robot angle: -1.177372094523054 | Diff: 0.5573989421970631 | Rotation Strength: 0.9274734775778336
Target distance: 0.2001824398875701
Aligned, walking
=========================================
Target: [2.505  0.5625] | Position: [2.34399888 0.66403845]
Target angle: -0.562665674165812 | Robot angle: -1.1435487182921313 | Diff: 0.5808830441263195 | Rotation Strength: 0.9369094895994521
Target distance: 0.19034551969875732
Arrived to point
=========================================
Target: [2.52   0.5375] | Position: [2.34548223 0.65349567]
Target angle: -0.5866148213908238 | Robot angle: -1.1080671011869323 | Diff: 0.5214522797961085 | Rotation Strength: 0.910492913623032
Target distance: 0.209550583285093
Aligned, walking
=========================================
Target: [2.52   0.5375] | Position: [2.34641715 0.64743811]
Target angle: -0.5645788700374079 | Robot angle: -1.0713024522790962 | Diff: 0.5067235822416882 | Rotation Strength: 0.9025515700834525
Target distance: 0.20546871235817346
Aligned, walking
=========================================
Target: [2.52   0.5375] | Position: [2.34641751 0.64541945]
Target angle: -0.5562361126090298 | Robot angle: -1.0331708803430866 | Diff: 0.47693476773405674 | Rotation Strength: 0.8845519941460284
Target distance: 0.20439542043351575
Aligned, walking
=========================================
Target: [2.52   0.5375] | Position: [2.34670139 0.64619842]
Target angle: -0.5602026850784996 | Robot angle: -0.98445234419688 | Diff: 0.4242496591183804 | Rotation Strength: 0.8456466588523759
Target distance: 0.2045672353512128
Aligned, walking
=========================================
Target: [2.52   0.5375] | Position: [2.34692386 0.64748185]
Target angle: -0.5660812121081955 | Robot angle: -0.9340254442472506 | Diff: 0.36794423213905514 | Rotation Strength: 0.7928852849905494
Target distance: 0.2050642766513805
Aligned, walking
=========================================
Target: [2.52   0.5375] | Position: [2.3464568  0.64990385]
Target angle: -0.5747563070271822 | Robot angle: -0.8879328779321876 | Diff: 0.3131765709050054 | Rotation Strength: 0.7298267924884034
Target distance: 0.2067652439169864
Aligned, walking
=========================================
Target: [2.52   0.5375] | Position: [2.34744234 0.6485387 ]
Target angle: -0.571783405161018 | Robot angle: -0.8404497365801071 | Diff: 0.26866633141908913 | Rotation Strength: 0.6704857805245349
Target distance: 0.2051968268025397
Aligned, walking
=========================================
Target: [2.52   0.5375] | Position: [2.3499618  0.64588957]
Target angle: -0.5674967130417419 | Robot angle: -0.7983461457377805 | Diff: 0.23084943269603864 | Rotation Strength: 0.615296920203702
Target distance: 0.20164643838350185
Aligned, walking
=========================================
Target: [2.52   0.5375] | Position: [2.3529189  0.64416847]
Target angle: -0.5681938452992075 | Robot angle: -0.758815108421266 | Diff: 0.19062126312205852 | Rotation Strength: 0.5531812443804442
Target distance: 0.198227784422688
Arrived to point
=========================================
Target: [2.525  0.5275] | Position: [2.35697772 0.6419306 ]
Target angle: -0.5978903208827067 | Robot angle: -0.7194980046769102 | Diff: 0.1216076837942035 | Rotation Strength: 0.4437833360495652
Target distance: 0.20328760278321584
Aligned, walking
=========================================
Target: [2.525  0.5275] | Position: [2.36664142 0.63524704]
Target angle: -0.5974495377537337 | Robot angle: -0.6859509095851513 | Diff: 0.0885013718314176 | Rotation Strength: 0.39255552775906466
Target distance: 0.1915381573238684
Arrived to point
=========================================
Target: [2.53   0.5125] | Position: [2.37387686 0.62916551]
Target angle: -0.641749031533017 | Robot angle: -0.6545570483805312 | Diff: 0.012808016847514203 | Rotation Strength: 0.2852714509884472
Target distance: 0.1948981166198142
Arrived to point
=========================================
Target: [2.54   0.4975] | Position: [2.38433698 0.61936872]
Target angle: -0.6642273472242732 | Robot angle: -0.6272283828173735 | Diff: -0.03699896440689976 | Rotation Strength: 0.317679326349703
Target distance: 0.19769411048795552
Arrived to point
=========================================
Target: [2.55   0.4775] | Position: [2.39756727 0.60876148]
Target angle: -0.7109092239629464 | Robot angle: -0.6011902223634258 | Diff: -0.10971900159952064 | Rotation Strength: 0.42518909125662097
Target distance: 0.20115992106621966
Aligned, walking
=========================================
Target: [2.55   0.4775] | Position: [2.41451454 0.59786634]
Target angle: -0.7263735163593656 | Robot angle: -0.5760365271293724 | Diff: -0.15033698922999328 | Rotation Strength: 0.48927039709542786
Target distance: 0.18123014246584407
Arrived to point
=========================================
Target: [2.555  0.4625] | Position: [2.4298702 0.5869312]
Target angle: -0.7825988571717044 | Robot angle: -0.55702125967154 | Diff: -0.22557759750016437 | Rotation Strength: 0.6073225716788841
Target distance: 0.17646696495082284
Arrived to point
=========================================
Target: [2.565  0.4375] | Position: [2.44679794 0.57661985]
Target angle: -0.8665101327074898 | Robot angle: -0.5416884395723409 | Diff: -0.32482169313514886 | Rotation Strength: 0.7441933745603915
Target distance: 0.18255426419849982
Arrived to point
=========================================
Target: [2.575  0.4125] | Position: [2.46036185 0.56784972]
Target angle: -0.9350610172793274 | Robot angle: -0.5357249041245282 | Diff: -0.3993361131547992 | Rotation Strength: 0.8237919563232281
Target distance: 0.19306848907740898
Arrived to point
=========================================
Target: [2.59   0.3825] | Position: [2.47395227 0.56138775]
Target angle: -0.9953227826350783 | Robot angle: -0.5316038204044249 | Diff: -0.46371896223065345 | Rotation Strength: 0.8756783410040123
Target distance: 0.21323204239951213
Aligned, walking
=========================================
Target: [2.59   0.3825] | Position: [2.48544637 0.55595184]
Target angle: -1.0283338295821518 | Robot angle: -0.5419572786220899 | Diff: -0.48637655096006194 | Rotation Strength: 0.890549792012497
Target distance: 0.20252654946748644
Aligned, walking
=========================================
Target: [2.59   0.3825] | Position: [2.49445507 0.55162434]
Target angle: -1.0565560594190595 | Robot angle: -0.5605069105251408 | Diff: -0.4960491488939187 | Rotation Strength: 0.8964090588683032
Target distance: 0.1942469411622197
Arrived to point
=========================================
Target: [2.6    0.3625] | Position: [2.49926119 0.54832462]
Target angle: -1.074024931724015 | Robot angle: -0.5865132225489513 | Diff: -0.4875117091750636 | Rotation Strength: 0.8912521934990771
Target distance: 0.2113743034598022
Aligned, walking
=========================================
Target: [2.6    0.3625] | Position: [2.50257202 0.5453445 ]
Target angle: -1.0812183864709617 | Robot angle: -0.6198857952154908 | Diff: -0.4613325912554709 | Rotation Strength: 0.8740149787013333
Target distance: 0.20718185726536612
Aligned, walking
=========================================
Target: [2.6    0.3625] | Position: [2.5050785  0.54327169]
Target angle: -1.0872783678243394 | Robot angle: -0.6567202954412412 | Diff: -0.4305580723830982 | Rotation Strength: 0.8508163014223042
Target distance: 0.20417760916992014
Aligned, walking
=========================================
Target: [2.6    0.3625] | Position: [2.50761117 0.54160625]
Target angle: -1.0945630683314498 | Robot angle: -0.6975074540080666 | Diff: -0.3970556143233832 | Rotation Strength: 0.8216746097294066
Target distance: 0.20153100147719194
Aligned, walking
=========================================
Target: [2.6    0.3625] | Position: [2.50921324 0.53960394]
Target angle: -1.0971049333572163 | Robot angle: -0.7423926936020941 | Diff: -0.3547122397551221 | Rotation Strength: 0.7787106216258002
Target distance: 0.19901769559703433
Arrived to point
=========================================
Target: [2.605  0.3475] | Position: [2.51029526 0.53720256]
Target angle: -1.107766880161459 | Robot angle: -0.78753284299854 | Diff: -0.3202340371629191 | Rotation Strength: 0.7385939177077643
Target distance: 0.2120284194736319
Aligned, walking
=========================================
Target: [2.605  0.3475] | Position: [2.51145427 0.53384705]
Target angle: -1.1055521183507997 | Robot angle: -0.8333690741100082 | Diff: -0.27218304424079154 | Rotation Strength: 0.6754130714770878
Target distance: 0.2085090560660129
Aligned, walking
=========================================
Target: [2.605  0.3475] | Position: [2.5134939  0.53011495]
Target angle: -1.1062789463393203 | Robot angle: -0.8772581014715377 | Diff: -0.22902084486778262 | Rotation Strength: 0.61253771031561
Target distance: 0.2042586308915879
Aligned, walking
=========================================
Target: [2.605  0.3475] | Position: [2.51631255 0.52426329]
Target angle: -1.10576564071558 | Robot angle: -0.921036693690445 | Diff: -0.18472894702513498 | Rotation Strength: 0.5438919821116246
Target distance: 0.19776431422331248
Arrived to point
=========================================
Target: [2.615  0.3325] | Position: [2.52045771 0.51661144]
Target angle: -1.0964025435482876 | Robot angle: -0.9583499331102545 | Diff: -0.13805261043803307 | Rotation Strength: 0.469754525743619
Target distance: 0.2069668242174214
Aligned, walking
=========================================
Target: [2.615  0.3325] | Position: [2.52528838 0.50632886]
Target angle: -1.0943584344344588 | Robot angle: -0.9981085533037244 | Diff: -0.0962498811307344 | Rotation Strength: 0.40437846430970115
Target distance: 0.1956135198412255
Arrived to point
=========================================
Target: [2.625  0.3125] | Position: [2.5316624  0.49478654]
Target angle: -1.0975649307441326 | Robot angle: -1.031704141861192 | Diff: -0.06586078888294056 | Rotation Strength: 0.3587675836378452
Target distance: 0.20479328386392565
Aligned, walking
=========================================
Target: [2.625  0.3125] | Position: [2.53752295 0.48007873]
Target angle: -1.0896995343362823 | Robot angle: -1.0601532866879024 | Diff: -0.029546247648379875 | Rotation Strength: 0.3074851804500659
Target distance: 0.18903667433377624
Arrived to point
=========================================
Target: [2.635  0.2925] | Position: [2.54221511 0.46293974]
Target angle: -1.0722740641955122 | Robot angle: -1.0898446774713078 | Diff: 0.017570613275795566 | Rotation Strength: 0.29149340180868377
Target distance: 0.19405860110314843
Arrived to point
=========================================
Target: [2.645  0.2825] | Position: [2.5482739  0.44342962]
Target angle: -1.0296081021061272 | Robot angle: -1.113707626248242 | Diff: 0.08409952414211475 | Rotation Strength: 0.38589377024472904
Target distance: 0.18776123150203197
Arrived to point
=========================================
Target: [2.655  0.2575] | Position: [2.55580594 0.42102324]
Target angle: -1.025534172236207 | Robot angle: -1.1320221586694847 | Diff: 0.10648798643327773 | Rotation Strength: 0.4201697911314134
Target distance: 0.19125718629606095
Arrived to point
=========================================
Target: [2.67   0.2375] | Position: [2.56157548 0.39774021]
Target angle: -0.9759226554990841 | Robot angle: -1.1451503527161853 | Diff: 0.16922769721710118 | Rotation Strength: 0.5193246144378267
Target distance: 0.19347558614626864
Arrived to point
=========================================
Target: [2.68   0.2125] | Position: [2.56560404 0.37492836]
Target angle: -0.9571998828255346 | Robot angle: -1.1534791702503495 | Diff: 0.19627928742481515 | Rotation Strength: 0.562066415049117
Target distance: 0.19866908622229118
Arrived to point
=========================================
Target: [2.695  0.1925] | Position: [2.56877755 0.35033758]
Target angle: -0.8962393456015714 | Robot angle: -1.1564043280138645 | Diff: 0.26016498241229336 | Rotation Strength: 0.6584201361635521
Target distance: 0.20210098101176358
Aligned, walking
=========================================
Target: [2.695  0.1925] | Position: [2.56935544 0.32697729]
Target angle: -0.8193412580665433 | Robot angle: -1.1559042176425123 | Diff: 0.3365629595759687 | Rotation Strength: 0.758161513108982
Target distance: 0.18403993707220587
Arrived to point
=========================================
Target: [2.7    0.1825] | Position: [2.56928483 0.30465158]
Target angle: -0.7515450548639686 | Robot angle: -1.1502435741462047 | Diff: 0.3986985192822363 | Rotation Strength: 0.8232019752216935
Target distance: 0.1789063011098148
Arrived to point
=========================================
Target: [2.705  0.1675] | Position: [2.57157314 0.28249031]
Target angle: -0.7113179103640865 | Robot angle: -1.1337879635761245 | Diff: 0.422470053212038 | Rotation Strength: 0.8441620628703571
Target distance: 0.1761405648257672
Arrived to point
=========================================
Target: [2.715  0.1575] | Position: [2.57016862 0.27242128]
Target angle: -0.6707547040792936 | Robot angle: -1.1139015675518378 | Diff: 0.4431468634725442 | Rotation Strength: 0.8607053259877377
Target distance: 0.18488652991895382
Arrived to point
=========================================
Target: [2.71   0.1575] | Position: [2.57028095 0.26205345]
Target angle: -0.6424199586522077 | Robot angle: -1.0949710378036261 | Diff: 0.45255107915141846 | Rotation Strength: 0.8677293494118019
Target distance: 0.17450741080290552
Arrived to point
=========================================
Target: [2.695  0.1575] | Position: [2.57059258 0.25478279]
Target angle: -0.6636495321437885 | Robot angle: -1.0621441849957005 | Diff: 0.398494652851912 | Rotation Strength: 0.8230130056823808
Target distance: 0.15792766866402164
Arrived to point
=========================================
Target: [2.62   0.1825] | Position: [2.56998434 0.25092136]
Target angle: -0.939569879158638 | Robot angle: -1.0261936567361998 | Diff: 0.08662377757756179 | Rotation Strength: 0.389708924239796
Target distance: 0.08475287484448228
Arrived to point
=========================================
Target: [2.585  0.2225] | Position: [2.56953711 0.25066497]
Target angle: -1.0687124547895852 | Robot angle: -0.9861386332361448 | Diff: -0.0825738215534404 | Rotation Strength: 0.383594569974407
Target distance: 0.03213045834325337
Arrived to point
=========================================
Target: [2.535  0.2725] | Position: [2.56894367 0.25177713]
Target angle: 2.5934826457814326 | Robot angle: -0.9445962990341066 | Diff: -2.745106362364047 | Rotation Strength: 0.9999999300783107
Target distance: 0.039769460721345226
Arrived to point
=========================================
Target: [2.505  0.3075] | Position: [2.56866571 0.25354609]
Target angle: 2.4385771714779 | Robot angle: -0.900994225298593 | Diff: -2.9436139104030934 | Rotation Strength: 0.9999999802404357
Target distance: 0.08345266433451386
Arrived to point
=========================================
Target: [2.475  0.3475] | Position: [2.567162  0.2560666]
Target angle: 2.360162987295264 | Robot angle: -0.861054330218165 | Diff: -3.061967989666157 | Rotation Strength: 0.9999999906985325
Target distance: 0.1298225694353311
Arrived to point
=========================================
Target: [2.46   0.3775] | Position: [2.56569128 0.25749292]
Target angle: 2.292850477965091 | Robot angle: -0.8232944013453065 | Diff: 3.116144879310397 | Rotation Strength: 0.9999999934118579
Target distance: 0.15991355726663364
Arrived to point
=========================================
Target: [2.425  0.4275] | Position: [2.56475913 0.25823724]
Target angle: 2.2610087761031235 | Robot angle: -0.7920667146263973 | Diff: 3.053075490729521 | Rotation Strength: 0.9999999901567732
Target distance: 0.21950511576395354
Aligned, walking
=========================================
Target: [2.425  0.4275] | Position: [2.56235674 0.25940233]
Target angle: 2.255892207100043 | Robot angle: -0.7682930136891373 | Diff: 3.02418522078918 | Rotation Strength: 0.9999999881692183
Target distance: 0.21707994236117517
Aligned, walking
=========================================
Target: [2.425  0.4275] | Position: [2.56013423 0.26060279]
Target angle: 2.2514151674026976 | Robot angle: -0.7529631499381697 | Diff: 3.0043783173408674 | Rotation Strength: 0.9999999865792849
Target distance: 0.21474621893546655
Aligned, walking
=========================================
Target: [2.425  0.4275] | Position: [2.5570455  0.26228145]
Target angle: 2.2450597295882204 | Robot angle: -0.7429009748923545 | Diff: 2.9879607044805745 | Rotation Strength: 0.999999985100656
Target distance: 0.21150220242637016
Aligned, walking
=========================================
Target: [2.425  0.4275] | Position: [2.55401378 0.26281837]
Target angle: 2.23534127297504 | Robot angle: -0.7336605282129796 | Diff: 2.9690018011880195 | Rotation Strength: 0.9999999831893382
Target distance: 0.20919989064209718
Aligned, walking
=========================================
Target: [2.425  0.4275] | Position: [2.54947347 0.26217326]
Target angle: 2.2161468488156535 | Robot angle: -0.7296999093680174 | Diff: 2.945846758183671 | Rotation Strength: 0.9999999805193261
Target distance: 0.20694583053507967
Aligned, walking
=========================================
Target: [2.425  0.4275] | Position: [2.54450233 0.2613452 ]
Target angle: 2.1943073865273055 | Robot angle: -0.7247007385703252 | Diff: 2.9190081250976307 | Rotation Strength: 0.9999999768895954
Target distance: 0.2046661268501457
Aligned, walking
=========================================
Target: [2.425  0.4275] | Position: [2.54016016 0.26048454]
Target angle: 2.174452680439697 | Robot angle: -0.7154926482112662 | Diff: 2.8899453286509633 | Rotation Strength: 0.9999999721925926
Target distance: 0.20286948643137218
Aligned, walking
=========================================
Target: [2.425  0.4275] | Position: [2.53472075 0.25929602]
Target angle: 2.1487921031032444 | Robot angle: -0.7042057364539147 | Diff: 2.852997839557159 | Rotation Strength: 0.999999964818603
Target distance: 0.20082635059518586
Aligned, walking
=========================================
Target: [2.425  0.4275] | Position: [2.52954913 0.25784482]
Target angle: 2.1230750166934484 | Robot angle: -0.6859864737670032 | Diff: 2.8090614904604516 | Rotation Strength: 0.9999999534640597
Target distance: 0.19928220892287507
Arrived to point
=========================================
Target: [2.405  0.4525] | Position: [2.52541731 0.25723479]
Target angle: 2.1233946279093123 | Robot angle: -0.661600982082263 | Diff: 2.784995609991576 | Rotation Strength: 0.9999999457592175
Target distance: 0.22940974000628203
Aligned, walking
=========================================
Target: [2.405  0.4525] | Position: [2.52144148 0.25639751]
Target angle: 2.106628767952822 | Robot angle: -0.6300785842769221 | Diff: 2.736707352229744 | Rotation Strength: 0.9999999262378559
Target distance: 0.2280675395836205
Aligned, walking
=========================================
Target: [2.405  0.4525] | Position: [2.51928434 0.25656114]
Target angle: 2.0988200007239595 | Robot angle: -0.5897565896788333 | Diff: 2.6885765904027927 | Rotation Strength: 0.9999998997912443
Target distance: 0.22683242220276303
Aligned, walking
=========================================
Target: [2.405  0.4525] | Position: [2.5182616  0.25658736]
Target angle: 2.0949744231223377 | Robot angle: -0.5465600329475646 | Diff: 2.641534456069902 | Rotation Strength: 0.999999864802718
Target distance: 0.22629616221103058
Aligned, walking
=========================================
Target: [2.405  0.4525] | Position: [2.51720102 0.25660705]
Target angle: 2.0909508284662275 | Robot angle: -0.49781150694778553 | Diff: 2.588762335414013 | Rotation Strength: 0.9999998108211695
Target distance: 0.22575012152587676
Aligned, walking
=========================================
Target: [2.405  0.4525] | Position: [2.51659608 0.25650102]
Target angle: 2.088389753423341 | Robot angle: -0.44733688633148816 | Diff: 2.535726639754829 | Rotation Strength: 0.9999997348413278
Target distance: 0.22554220191401939
Aligned, walking
=========================================
Target: [2.405  0.4525] | Position: [2.51643868 0.25665061]
Target angle: 2.088111208061213 | Robot angle: -0.3977129036517959 | Diff: 2.4858241117130095 | Rotation Strength: 0.9999996356854397
Target distance: 0.22533433693118554
Aligned, walking
=========================================
Target: [2.405  0.4525] | Position: [2.51632012 0.25734402]
Target angle: 2.0891788646481846 | Robot angle: -0.34674846612982524 | Diff: 2.43592733077801 | Rotation Strength: 0.999999499468613
Target distance: 0.22467315344857297
Aligned, walking
=========================================
Target: [2.405  0.4525] | Position: [2.51561159 0.25724975]
Target angle: 2.086228163558907 | Robot angle: -0.2967734143396088 | Diff: 2.383001577898516 | Rotation Strength: 0.9999992989312789
Target distance: 0.22440495362465732
Aligned, walking
=========================================
Target: [2.405  0.4525] | Position: [2.5146233  0.25710389]
Target angle: 2.082069267584001 | Robot angle: -0.2491155669909868 | Diff: 2.3311848345749873 | Rotation Strength: 0.9999990249572905
Target distance: 0.2240466667485554
Aligned, walking
=========================================
Target: [2.405  0.4525] | Position: [2.51466273 0.25738136]
Target angle: 2.0828294635666413 | Robot angle: -0.19823310228947966 | Diff: 2.2810625658561214 | Rotation Strength: 0.9999986584657763
Target distance: 0.2238240315969317
Aligned, walking
=========================================
Target: [2.405  0.4525] | Position: [2.51111809 0.25958741]
Target angle: 2.0737038757352053 | Robot angle: -0.10053272998260132 | Diff: 2.174236605717807 | Rotation Strength: 0.9999973517798318
Target distance: 0.22017337560088096
Aligned, walking
=========================================
Target: [2.405  0.4525] | Position: [2.51111809 0.25958741]
Target angle: 2.0737038757352053 | Robot angle: -0.10053272998260132 | Diff: 2.174236605717807 | Rotation Strength: 0.9999973517798318
Target distance: 0.22017337560088096
Aligned, walking
=========================================
Target: [2.405  0.4525] | Position: [2.51108072 0.26011904]
Target angle: 2.07472118506743 | Robot angle: -0.00029804107362663146 | Diff: 2.075019226141057 | Rotation Strength: 0.9999950195367766
Target distance: 0.21968967197639544
Aligned, walking
=========================================
Target: [2.405  0.4525] | Position: [2.51030446 0.25872505]
Target angle: 2.0685867317221316 | Robot angle: 0.05080814517212984 | Diff: 2.0177785865500013 | Rotation Strength: 0.9999928298545292
Target distance: 0.22053970087395555
Aligned, walking
=========================================
Target: [2.405  0.4525] | Position: [2.50913385 0.25867616]
Target angle: 2.0638059654008547 | Robot angle: 0.1006192224009248 | Diff: 1.9631867429999303 | Rotation Strength: 0.9999898500839597
Target distance: 0.22002622294140775
Aligned, walking
=========================================
Target: [2.405  0.4525] | Position: [2.50745248 0.25908804]
Target angle: 2.057929404703211 | Robot angle: 0.1513335839876926 | Diff: 1.906595820715518 | Rotation Strength: 0.9999854479768505
Target distance: 0.21887142136791066
Aligned, walking
=========================================
Target: [2.405  0.4525] | Position: [2.50645902 0.26011398]
Target angle: 2.056101093181802 | Robot angle: 0.1996593872811201 | Diff: 1.8564417059006821 | Rotation Strength: 0.9999799743175988
Target distance: 0.2175001473415852
Aligned, walking
=========================================
Target: [2.405  0.4525] | Position: [2.50651179 0.26142668]
Target angle: 2.059146956634132 | Robot angle: 0.24750134514438793 | Diff: 1.8116456114897446 | Rotation Strength: 0.9999733659690906
Target distance: 0.21636463664263808
Aligned, walking
=========================================
Target: [2.405  0.4525] | Position: [2.50627723 0.26132366]
Target angle: 2.0579660982423214 | Robot angle: 0.2964292131854309 | Diff: 1.7615368850568904 | Rotation Strength: 0.9999633584879036
Target distance: 0.2163457160918504
Aligned, walking
=========================================
Target: [2.405  0.4525] | Position: [2.5069107  0.26108142]
Target angle: 2.060024485946135 | Robot angle: 0.3450239024675734 | Diff: 1.7150005834785613 | Rotation Strength: 0.9999507244275446
Target distance: 0.21685678202194714
Aligned, walking
=========================================
Target: [2.405  0.4525] | Position: [2.50406287 0.26142673]
Target angle: 2.0490986304329573 | Robot angle: 0.395742650869356 | Diff: 1.6533559795636013 | Rotation Strength: 0.9999270447290598
Target distance: 0.21522650143890518
Aligned, walking
=========================================
Target: [2.405  0.4525] | Position: [2.50134763 0.26138334]
Target angle: 2.0377424367329375 | Robot angle: 0.4476279791150022 | Diff: 1.5901144576179354 | Rotation Strength: 0.9998908832516517
Target distance: 0.21402907056905082
Aligned, walking
=========================================
Target: [2.405  0.4525] | Position: [2.50110265 0.26274927]
Target angle: 2.039604833700114 | Robot angle: 0.49753299133409934 | Diff: 1.5420718423660151 | Rotation Strength: 0.9998518495748194
Target distance: 0.2126994564062446
Aligned, walking
=========================================
Target: [2.405  0.4525] | Position: [2.50059812 0.26231526]
Target angle: 2.036569079474061 | Robot angle: 0.5478231979865518 | Diff: 1.4887458814875094 | Rotation Strength: 0.9997919763301054
Target distance: 0.21285966693981495
Aligned, walking
=========================================
Target: [2.405  0.4525] | Position: [2.50083507 0.26290126]
Target angle: 2.0388044432714043 | Robot angle: 0.5960483112685564 | Diff: 1.442756132002848 | Rotation Strength: 0.9997212372802824
Target distance: 0.21244302791514524
Aligned, walking
=========================================
Target: [2.405  0.4525] | Position: [2.50030188 0.2629795 ]
Target angle: 2.0367276383296664 | Robot angle: 0.6468674006789472 | Diff: 1.3898602376507192 | Rotation Strength: 0.9996096690107336
Target distance: 0.21213314046041284
Aligned, walking
=========================================
Target: [2.405  0.4525] | Position: [2.49981807 0.26285145]
Target angle: 2.0344177517418824 | Robot angle: 0.6964956669470821 | Diff: 1.3379220847948003 | Rotation Strength: 0.999456792886022
Target distance: 0.2120307542557641
Aligned, walking
=========================================
Target: [2.405  0.4525] | Position: [2.49930131 0.26292762]
Target angle: 2.0323956325690826 | Robot angle: 0.7433750795973575 | Diff: 1.2890205529717251 | Rotation Strength: 0.9992585489668633
Target distance: 0.21173196005601058
Aligned, walking
=========================================
Target: [2.405  0.4525] | Position: [2.49737777 0.26324779]
Target angle: 2.0248947564221247 | Robot angle: 0.7938126730255761 | Diff: 1.231082083396549 | Rotation Strength: 0.9989281663069992
Target distance: 0.2105945132067426
Aligned, walking
=========================================
Target: [2.405  0.4525] | Position: [2.49549177 0.26425174]
Target angle: 2.0188886592205684 | Robot angle: 0.8447619997865878 | Diff: 1.1741266594339805 | Rotation Strength: 0.9984604470637851
Target distance: 0.2088687850424457
Aligned, walking
=========================================
Target: [2.405  0.4525] | Position: [2.49469107 0.26447757]
Target angle: 2.015894157711693 | Robot angle: 0.8931218640606664 | Diff: 1.1227722936510265 | Rotation Strength: 0.9978663610685559
Target distance: 0.20831927738723083
Aligned, walking
=========================================
Target: [2.405  0.4525] | Position: [2.49419024 0.26401256]
Target angle: 2.0127662636936847 | Robot angle: 0.9454223299734448 | Diff: 1.06734393372024 | Rotation Strength: 0.9969662653690528
Target distance: 0.20852437087019934
Aligned, walking
=========================================
Target: [2.405  0.4525] | Position: [2.49371028 0.26449781]
Target angle: 2.011677708827113 | Robot angle: 0.9945352775750838 | Diff: 1.0171424312520294 | Rotation Strength: 0.9958286265312979
Target distance: 0.2078805822703715
Aligned, walking
=========================================
Target: [2.405  0.4525] | Position: [2.49352271 0.26482331]
Target angle: 2.0115296153334583 | Robot angle: 1.0447575899702208 | Diff: 0.9667720253632375 | Rotation Strength: 0.9942606981337089
Target distance: 0.20750617501012944
Aligned, walking
=========================================
Target: [2.405  0.4525] | Position: [2.49277834 0.26561945]
Target angle: 2.009913834832094 | Robot angle: 1.0930049624626168 | Diff: 0.9169088723694774 | Rotation Strength: 0.9921333340560966
Target distance: 0.20646883128329252
Aligned, walking
=========================================
Target: [2.405  0.4525] | Position: [2.49093814 0.26645091]
Target angle: 2.0035112831566835 | Robot angle: 1.1437476839727037 | Diff: 0.8597635991839798 | Rotation Strength: 0.9887205033890082
Target distance: 0.20493810615354383
Aligned, walking
=========================================
Target: [2.405  0.4525] | Position: [2.48893174 0.2661935 ]
Target angle: 1.9940689506372689 | Robot angle: 1.1894833626107513 | Diff: 0.8045855880265176 | Rotation Strength: 0.9840489492941541
Target distance: 0.2043395411408052
Aligned, walking
=========================================
Target: [2.405  0.4525] | Position: [2.48800458 0.26626516]
Target angle: 1.9900673592123441 | Robot angle: 1.2411488474916412 | Diff: 0.7489185117207029 | Rotation Strength: 0.9774180453010926
Target distance: 0.20389501036126667
Aligned, walking
=========================================
Target: [2.405  0.4525] | Position: [2.48766393 0.26683161]
Target angle: 1.9896710013911143 | Robot angle: 1.2913376367796872 | Diff: 0.6983333646114271 | Rotation Strength: 0.9691034930446045
Target distance: 0.2032389660806398
Aligned, walking
=========================================
Target: [2.405  0.4525] | Position: [2.48681677 0.26781105]
Target angle: 1.9878118321771243 | Robot angle: 1.3388776859040732 | Diff: 0.6489341462730511 | Rotation Strength: 0.9581632521704031
Target distance: 0.20199997983742188
Aligned, walking
=========================================
Target: [2.405  0.4525] | Position: [2.4858242 0.2683081]
Target angle: 1.984301010511822 | Robot angle: 1.3869257913568473 | Diff: 0.5973752191549746 | Rotation Strength: 0.942838195453212
Target distance: 0.2011447436490982
Aligned, walking
=========================================
Target: [2.405  0.4525] | Position: [2.48503842 0.27030385]
Target angle: 1.9847149539223716 | Robot angle: 1.4343308382133895 | Diff: 0.5503841157089822 | Rotation Strength: 0.9244115657495481
Target distance: 0.1990014742247449
Arrived to point
=========================================
Target: [2.385  0.4875] | Position: [2.48376995 0.27092727]
Target angle: 1.9986775056748112 | Robot angle: 1.4828881849307276 | Diff: 0.5157893207440836 | Rotation Strength: 0.9075110697386746
Target distance: 0.2380320318257794
Aligned, walking
=========================================
Target: [2.385  0.4875] | Position: [2.48381625 0.27325224]
Target angle: 2.0029449807797324 | Robot angle: 1.5291251154777825 | Diff: 0.47381986530194986 | Rotation Strength: 0.8825114569176109
Target distance: 0.23593803169685004
Aligned, walking
=========================================
Target: [2.385  0.4875] | Position: [2.48255329 0.27450261]
Target angle: 2.0002849918561694 | Robot angle: 1.5757466224933365 | Diff: 0.42453836936283285 | Rotation Strength: 0.8458864158824235
Target distance: 0.23427447965627698
Aligned, walking
=========================================
Target: [2.385  0.4875] | Position: [2.48072081 0.27622347]
Target angle: 1.9961915209649437 | Robot angle: 1.6230246261717722 | Diff: 0.37316689479317144 | Rotation Strength: 0.7982921445841553
Target distance: 0.23194879633506493
Aligned, walking
=========================================
Target: [2.385  0.4875] | Position: [2.47860592 0.27855499]
Target angle: 1.9919800487438337 | Robot angle: 1.6692059239258743 | Diff: 0.3227741248179594 | Rotation Strength: 0.7417039752951504
Target distance: 0.22895432659606071
Aligned, walking
=========================================
Target: [2.385  0.4875] | Position: [2.4765635  0.28355312]
Target angle: 1.9927830274516989 | Robot angle: 1.7130173865769693 | Diff: 0.27976564087472955 | Rotation Strength: 0.6859049439532253
Target distance: 0.22355805508036708
Aligned, walking
=========================================
Target: [2.385  0.4875] | Position: [2.47483986 0.28736248]
Target angle: 1.9927273313159724 | Robot angle: 1.7546547469039266 | Diff: 0.2380725844120457 | Rotation Strength: 0.6261223384175205
Target distance: 0.21937691254423206
Aligned, walking
=========================================
Target: [2.385  0.4875] | Position: [2.47242233 0.2947731 ]
Target angle: 1.9966460163281372 | Robot angle: 1.7965689931182558 | Diff: 0.2000770232098814 | Rotation Strength: 0.5680083573010951
Target distance: 0.21162779248328933
Aligned, walking
=========================================
Target: [2.385  0.4875] | Position: [2.46953046 0.30168982]
Target angle: 1.9977417647645455 | Robot angle: 1.835732154819766 | Diff: 0.16200960994477942 | Rotation Strength: 0.5078456585032503
Target distance: 0.2041343201064314
Aligned, walking
=========================================
Target: [2.385  0.4875] | Position: [2.46370997 0.31385875]
Target angle: 1.9963834729389829 | Robot angle: 1.8713120720218797 | Diff: 0.12507140091710323 | Rotation Strength: 0.4492328604336021
Target distance: 0.19064769280400423
Arrived to point
=========================================
Target: [2.355  0.5375] | Position: [2.45734044 0.32675291]
Target angle: 2.0228640499199164 | Robot angle: 1.903900901655624 | Diff: 0.11896314826429233 | Rotation Strength: 0.4396316603038968
Target distance: 0.23428167392085184
Aligned, walking
=========================================
Target: [2.355  0.5375] | Position: [2.45174742 0.34037885]
Target angle: 2.0270583812296907 | Robot angle: 1.9316615382883064 | Diff: 0.09539684294138429 | Rotation Strength: 0.40307114860644433
Target distance: 0.2195832658043571
Aligned, walking
=========================================
Target: [2.355  0.5375] | Position: [2.44364743 0.35757496]
Target angle: 2.0285795991343596 | Robot angle: 1.956218535583301 | Diff: 0.07236106355105854 | Rotation Strength: 0.3683422540902207
Target distance: 0.20057763192082392
Aligned, walking
=========================================
Target: [2.355  0.5375] | Position: [2.43239792 0.37850828]
Target angle: 2.0238320976800104 | Robot angle: 1.9797302135088062 | Diff: 0.0441018841712042 | Rotation Strength: 0.3275606516270152
Target distance: 0.1768298798167006
Arrived to point
=========================================
Target: [2.325  0.5775] | Position: [2.41939267 0.40104688]
Target angle: 2.0620073913341646 | Robot angle: 2.0033394822709525 | Diff: 0.058667909063212065 | Rotation Strength: 0.3483026478314366
Target distance: 0.20011416970027004
Aligned, walking
=========================================
Target: [2.325  0.5775] | Position: [2.40440001 0.42445657]
Target angle: 2.0493761246120794 | Robot angle: 2.0217928572226693 | Diff: 0.027583267389410082 | Rotation Strength: 0.30483057424539894
Target distance: 0.17241418972736014
Arrived to point
=========================================
Target: [2.3    0.6025] | Position: [2.38978111 0.44857555]
Target angle: 2.0988312573427343 | Robot angle: 2.0396916031903025 | Diff: 0.05913965415243183 | Rotation Strength: 0.3489846532390424
Target distance: 0.1781947970279978
Arrived to point
=========================================
Target: [2.265  0.6375] | Position: [2.37357864 0.47429358]
Target angle: 2.1578411828376742 | Robot angle: 2.0475951303974957 | Diff: 0.11024605244017849 | Rotation Strength: 0.4260093452786746
Target distance: 0.19602463564225195
Arrived to point
=========================================
Target: [2.225  0.6625] | Position: [2.35672384 0.49943741]
Target angle: 2.250282292781618 | Robot angle: 2.0485261706786497 | Diff: 0.20175612210296823 | Rotation Strength: 0.5706293555495527
Target distance: 0.20962008323550307
Aligned, walking
=========================================
Target: [2.225  0.6625] | Position: [2.34126592 0.52216719]
Target angle: 2.2626761385897662 | Robot angle: 2.043067841399197 | Diff: 0.21960829719056907 | Rotation Strength: 0.5982238306263263
Target distance: 0.18223902053418178
Arrived to point
=========================================
Target: [2.155  0.7125] | Position: [2.32508978 0.54437193]
Target angle: 2.3619945797744126 | Robot angle: 2.034963632250278 | Diff: 0.3270309475241344 | Rotation Strength: 0.7468616292842682
Target distance: 0.2391601589847842
Aligned, walking
=========================================
Target: [2.155  0.7125] | Position: [2.30762902 0.56426977]
Target angle: 2.3708141987397235 | Robot angle: 2.0248952316072986 | Diff: 0.345918967132425 | Rotation Strength: 0.768913883979096
Target distance: 0.2127623494096809
Aligned, walking
=========================================
Target: [2.155  0.7125] | Position: [2.29296636 0.58290656]
Target angle: 2.3874779006609703 | Robot angle: 2.012678612586699 | Diff: 0.37479928807427143 | Rotation Strength: 0.7999603192007282
Target distance: 0.1892859627443208
Arrived to point
=========================================
Target: [2.08   0.7775] | Position: [2.27913068 0.59896535]
Target angle: 2.4106756556090314 | Robot angle: 2.003316299947932 | Diff: 0.40735935566109926 | Rotation Strength: 0.8310841235212355
Target distance: 0.26744654093725156
Aligned, walking
=========================================
Target: [2.08   0.7775] | Position: [2.26587669 0.61186756]
Target angle: 2.413723345265784 | Robot angle: 2.000987260492291 | Diff: 0.4127360847734929 | Rotation Strength: 0.8358350436052527
Target distance: 0.24896636025338897
Aligned, walking
=========================================
Target: [2.08   0.7775] | Position: [2.25452112 0.62099206]
Target angle: 2.4105565822149915 | Robot angle: 2.0131383089029393 | Diff: 0.39741827331205215 | Rotation Strength: 0.8220126504426011
Target distance: 0.23441918738175474
Aligned, walking
=========================================
Target: [2.08   0.7775] | Position: [2.24552622 0.63162299]
Target angle: 2.419209888959755 | Robot angle: 2.029084819187295 | Diff: 0.3901250697724601 | Rotation Strength: 0.8151177327824585
Target distance: 0.22063325081197702
Aligned, walking
=========================================
Target: [2.08   0.7775] | Position: [2.23830722 0.64176453]
Target angle: 2.4328077744709127 | Robot angle: 2.0499721524148384 | Diff: 0.38283562205607424 | Rotation Strength: 0.8080218079477062
Target distance: 0.20853127713194208
Aligned, walking
=========================================
Target: [2.08   0.7775] | Position: [2.23260504 0.64661346]
Target angle: 2.4326558722950065 | Robot angle: 2.082287873452855 | Diff: 0.35036799884215153 | Rotation Strength: 0.7739081661006699
Target distance: 0.2010462274971109
Aligned, walking
=========================================
Target: [2.08   0.7775] | Position: [2.22537692 0.65238009]
Target angle: 2.4309431529198857 | Robot angle: 2.1206454681946862 | Diff: 0.3102976847251995 | Rotation Strength: 0.7261977865859082
Target distance: 0.19180573682918559
Arrived to point
=========================================
Target: [2.02   0.8375] | Position: [2.2185145  0.65794224]
Target angle: 2.406293064434677 | Robot angle: 2.158049670057567 | Diff: 0.24824339437711007 | Rotation Strength: 0.6411517410279486
Target distance: 0.26767329690120356
Aligned, walking
=========================================
Target: [2.02   0.8375] | Position: [2.21189797 0.66358038]
Target angle: 2.4053006692253502 | Robot angle: 2.198647652519213 | Diff: 0.20665301670613712 | Rotation Strength: 0.5782500938584456
Target distance: 0.25898429530248324
Aligned, walking
=========================================
Target: [2.02   0.8375] | Position: [2.20672221 0.66717332]
Target angle: 2.4020818253746645 | Robot angle: 2.233506603254547 | Diff: 0.16857522212011755 | Rotation Strength: 0.5182876375137282
Target distance: 0.2527377292383109
Aligned, walking
=========================================
Target: [2.02   0.8375] | Position: [2.20034941 0.67253939]
Target angle: 2.4007301773773904 | Robot angle: 2.274952146927969 | Diff: 0.12577803044942115 | Rotation Strength: 0.4503461545314784
Target distance: 0.24441340619177523
Aligned, walking
=========================================
Target: [2.02   0.8375] | Position: [2.19155549 0.67854335]
Target angle: 2.3942952040419687 | Robot angle: 2.320658155819765 | Diff: 0.07363704822220374 | Rotation Strength: 0.3702342547091404
Target distance: 0.23387711155788452
Aligned, walking
=========================================
Target: [2.02   0.8375] | Position: [2.18266175 0.68401984]
Target angle: 2.385228942701641 | Robot angle: 2.357207480204499 | Diff: 0.02802146249714177 | Rotation Strength: 0.3054220447196766
Target distance: 0.22364034335431682
Aligned, walking
=========================================
Target: [2.02   0.8375] | Position: [2.17209018 0.6919792 ]
Target angle: 2.378264619793752 | Robot angle: 2.3826254938480957 | Diff: -0.004360874054343711 | Rotation Strength: 0.2744346832860596
Target distance: 0.21049399980242128
Aligned, walking
=========================================
Target: [2.02   0.8375] | Position: [2.15872322 0.70078113]
Target angle: 2.3634712255912103 | Robot angle: 2.4128618503160215 | Diff: -0.04939062472481126 | Rotation Strength: 0.33501937981509655
Target distance: 0.19477212831708948
Arrived to point
=========================================
Target: [1.97   0.8675] | Position: [2.14322718 0.70845199]
Target angle: 2.398841584600097 | Robot angle: 2.4365289917987436 | Diff: -0.03768740719864638 | Rotation Strength: 0.3186300886161849
Target distance: 0.23516786882131385
Aligned, walking
=========================================
Target: [1.97   0.8675] | Position: [2.12429147 0.72278922]
Target angle: 2.3882257451295583 | Robot angle: 2.454168970091037 | Diff: -0.06594322496147864 | Rotation Strength: 0.35888832561772055
Target distance: 0.21153502875756505
Aligned, walking
=========================================
Target: [1.97   0.8675] | Position: [2.09899187 0.73896794]
Target angle: 2.3579799731866204 | Robot angle: 2.465710425160518 | Diff: -0.10773045197389752 | Rotation Strength: 0.42209803602556917
Target distance: 0.18209720395964965
Arrived to point
=========================================
Target: [1.92   0.9125] | Position: [2.07224581 0.75612886]
Target angle: 2.342828157967494 | Robot angle: 2.468374957578213 | Diff: -0.1255467996107189 | Rotation Strength: 0.44998179529323645
Target distance: 0.2182446332413953
Aligned, walking
=========================================
Target: [1.92   0.9125] | Position: [2.04295382 0.77539426]
Target angle: 2.301830080536009 | Robot angle: 2.4647565653660664 | Diff: -0.16292648483005756 | Rotation Strength: 0.5093044799630564
Target distance: 0.18416195580374553
Arrived to point
=========================================
Target: [1.86   0.9675] | Position: [2.01303064 0.79403916]
Target angle: 2.2937009784147886 | Robot angle: 2.459478879844024 | Diff: -0.16577790142923554 | Rotation Strength: 0.5138401882536792
Target distance: 0.23131589088203622
Aligned, walking
=========================================
Target: [1.86   0.9675] | Position: [1.98444131 0.81467301]
Target angle: 2.254173698621212 | Robot angle: 2.4563843099675537 | Diff: -0.20221061134634155 | Rotation Strength: 0.5713381187260442
Target distance: 0.19708304819808878
Arrived to point
=========================================
Target: [1.825  1.0025] | Position: [1.95801173 0.83398678]
Target angle: 2.2389942579376862 | Robot angle: 2.450289417415128 | Diff: -0.2112951594774417 | Rotation Strength: 0.5854401890224967
Target distance: 0.21468308733265637
Aligned, walking
=========================================
Target: [1.825  1.0025] | Position: [1.93030134 0.85366326]
Target angle: 2.1865352153277007 | Robot angle: 2.4405685715497523 | Diff: -0.2540333562220516 | Rotation Strength: 0.649587513659462
Target distance: 0.18232045028963584
Arrived to point
=========================================
Target: [1.775  1.0325] | Position: [1.90817578 0.87129735]
Target angle: 2.261273652516973 | Robot angle: 2.427712391573033 | Diff: -0.16643873905606021 | Rotation Strength: 0.5148910754049968
Target distance: 0.20909826197898934
Aligned, walking
=========================================
Target: [1.775  1.0325] | Position: [1.88684258 0.88630664]
Target angle: 2.2238486277097103 | Robot angle: 2.4104600489989343 | Diff: -0.18661142128922403 | Rotation Strength: 0.5468633467832089
Target distance: 0.18406863320514363
Arrived to point
=========================================
Target: [1.735  1.0575] | Position: [1.86860067 0.90104264]
Target angle: 2.277556555023452 | Robot angle: 2.3880779814341517 | Diff: -0.11052142641069995 | Rotation Strength: 0.4264380745965396
Target distance: 0.20573780560465518
Aligned, walking
=========================================
Target: [1.735  1.0575] | Position: [1.85442485 0.91383601]
Target angle: 2.2643209688307504 | Robot angle: 2.359233981962829 | Diff: -0.09491301313207856 | Rotation Strength: 0.4023302700189765
Target distance: 0.1868197958321282
Arrived to point
=========================================
Target: [1.685  1.0875] | Position: [1.8417459  0.92557275]
Target angle: 2.33993678914608 | Robot angle: 2.3310998267696963 | Diff: 0.00883696237638354 | Rotation Strength: 0.28014506580977616
Target distance: 0.22536573379323527
Aligned, walking
=========================================
Target: [1.685  1.0875] | Position: [1.83236085 0.9369229 ]
Target angle: 2.345399870369638 | Robot angle: 2.2984527153626164 | Diff: 0.046947155007021735 | Rotation Strength: 0.3315628195460848
Target distance: 0.21068621488990383
Aligned, walking
=========================================
Target: [1.685  1.0875] | Position: [1.8177842  0.95555309]
Target angle: 2.359357292737222 | Robot angle: 2.230431665951282 | Diff: 0.12892562678594022 | Rotation Strength: 0.45531107921407066
Target distance: 0.18719409718843627
Arrived to point
=========================================
Target: [1.65   1.1175] | Position: [1.81220399 0.96234143]
Target angle: 2.378390749085953 | Robot angle: 2.1985092212075186 | Diff: 0.17988152787843426 | Rotation Strength: 0.5362267520113608
Target distance: 0.2244645072495448
Aligned, walking
=========================================
Target: [1.65   1.1175] | Position: [1.80694268 0.96785669]
Target angle: 2.379998526864372 | Robot angle: 2.16867859260127 | Diff: 0.21131993426310203 | Rotation Strength: 0.585478467433878
Target distance: 0.21685046805752944
Aligned, walking
=========================================
Target: [1.65   1.1175] | Position: [1.80159649 0.97390614]
Target angle: 2.383297904682701 | Robot angle: 2.143611752814401 | Diff: 0.2396861518683 | Rotation Strength: 0.6285238786063387
Target distance: 0.20880779178657574
Aligned, walking
=========================================
Target: [1.65   1.1175] | Position: [1.79695352 0.97975184]
Target angle: 2.388516575751332 | Robot angle: 2.1229286566174137 | Diff: 0.2655879191339183 | Rotation Strength: 0.6661415770174517
Target distance: 0.20141969769978024
Aligned, walking
=========================================
Target: [1.65   1.1175] | Position: [1.79175676 0.98785327]
Target angle: 2.4007849498699656 | Robot angle: 2.1089803907538114 | Diff: 0.2918045591161542 | Rotation Strength: 0.702176866435654
Target distance: 0.19210219298628892
Arrived to point
=========================================
Target: [1.61   1.1475] | Position: [1.78696984 0.9959974 ]
Target angle: 2.433572039092807 | Robot angle: 2.101464561154068 | Diff: 0.33210747793873896 | Rotation Strength: 0.7529228017053671
Target distance: 0.23296215215721053
Aligned, walking
=========================================
Target: [1.61   1.1475] | Position: [1.77946667 1.00542275]
Target angle: 2.443884164481198 | Robot angle: 2.1001956371669994 | Diff: 0.34368852731419874 | Rotation Strength: 0.766381227093314
Target distance: 0.22114451966034557
Aligned, walking
=========================================
Target: [1.61   1.1475] | Position: [1.77097799 1.01660832]
Target angle: 2.4589130154292587 | Robot angle: 2.1084457063076103 | Diff: 0.35046730912164836 | Rotation Strength: 0.7740187707586336
Target distance: 0.20747661843562193
Aligned, walking
=========================================
Target: [1.61   1.1475] | Position: [1.760987   1.02640019]
Target angle: 2.465600197455677 | Robot angle: 2.1261789599360403 | Diff: 0.3394212375196366 | Rotation Strength: 0.7614821733349337
Target distance: 0.19355164576492204
Arrived to point
=========================================
Target: [1.555  1.1775] | Position: [1.75151795 1.0352787 ]
Target angle: 2.515132888219604 | Robot angle: 2.1564660287280217 | Diff: 0.3586668594915823 | Rotation Strength: 0.7830184860878951
Target distance: 0.2425823692980153
Aligned, walking
=========================================
Target: [1.555  1.1775] | Position: [1.74163664 1.04402613]
Target angle: 2.5207686960619586 | Robot angle: 2.184694455597228 | Diff: 0.3360742404647308 | Rotation Strength: 0.7575905931613269
Target distance: 0.2294526266097657
Aligned, walking
=========================================
Target: [1.555  1.1775] | Position: [1.73428072 1.0519933 ]
Target angle: 2.5308285196781437 | Robot angle: 2.218195927301042 | Diff: 0.31263259237710184 | Rotation Strength: 0.7291434013810841
Target distance: 0.21884585497702203
Aligned, walking
=========================================
Target: [1.555  1.1775] | Position: [1.72634997 1.06027996]
Target angle: 2.5416196170052725 | Robot angle: 2.2567311235784606 | Diff: 0.2848884934268119 | Rotation Strength: 0.6928881298664606
Target distance: 0.20760863977796704
Aligned, walking
=========================================
Target: [1.555  1.1775] | Position: [1.71848064 1.06598709]
Target angle: 2.5429698524763236 | Robot angle: 2.2975902812961753 | Diff: 0.2453795711801483 | Rotation Strength: 0.636946363381184
Target distance: 0.19789151067361457
Arrived to point
=========================================
Target: [1.53   1.1975] | Position: [1.70928736 1.07267134]
Target angle: 2.533388518212228 | Robot angle: 2.337654521364012 | Diff: 0.19573399684821613 | Rotation Strength: 0.5612117476266221
Target distance: 0.21846316397032234
Aligned, walking
=========================================
Target: [1.53   1.1975] | Position: [1.69972316 1.08112685]
Target angle: 2.540552733118787 | Robot angle: 2.3744540034960657 | Diff: 0.1660987296227212 | Rotation Strength: 0.5143503963484817
Target distance: 0.20578790378677658
Aligned, walking
=========================================
Target: [1.53   1.1975] | Position: [1.68885568 1.0892079 ]
Target angle: 2.5432536687088403 | Robot angle: 2.4111771768708223 | Diff: 0.13207649183801795 | Rotation Strength: 0.4602900731184504
Target distance: 0.1922558310058768
Arrived to point
=========================================
Target: [1.495  1.2225] | Position: [1.67585594 1.09756724]
Target angle: 2.5370773507478237 | Robot angle: 2.4453350145499853 | Diff: 0.09174233619783845 | Rotation Strength: 0.39748624910129027
Target distance: 0.21981143512164242
Aligned, walking
=========================================
Target: [1.495  1.2225] | Position: [1.66106225 1.10646455]
Target angle: 2.5317083110846372 | Robot angle: 2.476077379693213 | Diff: 0.055630931391424276 | Rotation Strength: 0.3439270330517544
Target distance: 0.20258553375799282
Aligned, walking
=========================================
Target: [1.495  1.2225] | Position: [1.64454385 1.11596662]
Target angle: 2.5226003164361774 | Robot angle: 2.502723167796754 | Diff: 0.01987714863942358 | Rotation Strength: 0.2945352445094681
Target distance: 0.1836102528590037
Arrived to point
=========================================
Target: [1.455  1.2475] | Position: [1.62551857 1.12504809]
Target angle: 2.5188122887637228 | Robot angle: 2.529617891478674 | Diff: -0.010805602714951235 | Rotation Strength: 0.28267941858494494
Target distance: 0.20993106882007603
Aligned, walking
=========================================
Target: [1.455  1.2475] | Position: [1.6051185  1.13360157]
Target angle: 2.492531865682766 | Robot angle: 2.551300842569387 | Diff: -0.05876897688662108 | Rotation Strength: 0.3484487101346492
Target distance: 0.1884367659730045
Arrived to point
=========================================
Target: [1.395  1.2825] | Position: [1.58039351 1.14542585]
Target angle: 2.504930399726776 | Robot angle: 2.565697764466508 | Diff: -0.06076736473973199 | Rotation Strength: 0.3513425843989092
Target distance: 0.23056468590974838
Aligned, walking
=========================================
Target: [1.395  1.2825] | Position: [1.55430713 1.15803977]
Target angle: 2.478383686360673 | Robot angle: 2.574129994649798 | Diff: -0.095746308289125 | Rotation Strength: 0.40360655309587323
Target distance: 0.20216109977933167
Aligned, walking
=========================================
Target: [1.395  1.2825] | Position: [1.52641051 1.17156905]
Target angle: 2.440501234666402 | Robot angle: 2.5761052208365207 | Diff: -0.1356039861701186 | Rotation Strength: 0.46587358767036713
Target distance: 0.171972089004362
Arrived to point
=========================================
Target: [1.365  1.2925] | Position: [1.49511291 1.1847408 ]
Target angle: 2.449892970790539 | Robot angle: 2.576653995485251 | Diff: -0.12676102469471218 | Rotation Strength: 0.45189568592520457
Target distance: 0.16894204022449927
Arrived to point
=========================================
Target: [1.345  1.3175] | Position: [1.4651025  1.19855041]
Target angle: 2.3610172954304947 | Robot angle: 2.578295092993555 | Diff: -0.2172777975630602 | Rotation Strength: 0.5946527272625675
Target distance: 0.16903732086489867
Arrived to point
=========================================
Target: [1.305  1.3375] | Position: [1.43465973 1.2125479 ]
Target angle: 2.3746818185827676 | Robot angle: 2.578013339070914 | Diff: -0.2033315204881463 | Rotation Strength: 0.5730848887517217
Target distance: 0.18006851920476274
Arrived to point
=========================================
Target: [1.24   1.3625] | Position: [1.40635215 1.22552549]
Target angle: 2.4527448329459425 | Robot angle: 2.5775798221960553 | Diff: -0.12483498925011283 | Rotation Strength: 0.448860507052238
Target distance: 0.21548794802730514
Aligned, walking
=========================================
Target: [1.24   1.3625] | Position: [1.3812831  1.23982172]
Target angle: 2.426561229708362 | Robot angle: 2.5724113263498145 | Diff: -0.14585009664145243 | Rotation Strength: 0.48213524617198933
Target distance: 0.18711192964373266
Arrived to point
=========================================
Target: [1.195  1.3875] | Position: [1.35937246 1.25250613]
Target angle: 2.4540171739900902 | Robot angle: 2.5629973042317546 | Diff: -0.10898013024166442 | Rotation Strength: 0.4240398731238346
Target distance: 0.21270084389807734
Aligned, walking
=========================================
Target: [1.195  1.3875] | Position: [1.33813175 1.26352043]
Target angle: 2.427773121131964 | Robot angle: 2.552855001928262 | Diff: -0.1250818807962979 | Rotation Strength: 0.4492493677854308
Target distance: 0.18936110941144776
Arrived to point
=========================================
Target: [1.17   1.4025] | Position: [1.32152942 1.27454433]
Target angle: 2.4403423825351904 | Robot angle: 2.5356602452652 | Diff: -0.09531786273000975 | Rotation Strength: 0.4029501775360921
Target distance: 0.19832754926641513
Arrived to point
=========================================
Target: [1.135  1.4225] | Position: [1.30772685 1.28393786]
Target angle: 2.4655093678067477 | Robot angle: 2.5108854776596186 | Diff: -0.04537610985287088 | Rotation Strength: 0.32934992567789834
Target distance: 0.22143629304713397
Aligned, walking
=========================================
Target: [1.135  1.4225] | Position: [1.29344726 1.29215979]
Target angle: 2.45321671068381 | Robot angle: 2.493039728885356 | Diff: -0.03982301820154621 | Rotation Strength: 0.3215890379732167
Target distance: 0.20516847821970738
Aligned, walking
=========================================
Target: [1.135  1.4225] | Position: [1.2868978  1.29526328]
Target angle: 2.44431403744416 | Robot angle: 2.472761751528444 | Diff: -0.028447714084284037 | Rotation Strength: 0.3059980104081068
Target distance: 0.19814672341686737
Arrived to point
=========================================
Target: [1.105  1.4425] | Position: [1.27865983 1.29958072]
Target angle: 2.452993290560549 | Robot angle: 2.4530744985728763 | Diff: -8.120801232713859e-05 | Rotation Strength: 0.26904307917984527
Target distance: 0.224908109529471
Aligned, walking
=========================================
Target: [1.105  1.4425] | Position: [1.27246582 1.30299583]
Target angle: 2.4470329848609014 | Robot angle: 2.436421122929989 | Diff: 0.010611861930912347 | Rotation Strength: 0.2824293885343755
Target distance: 0.21795920424174964
Aligned, walking
=========================================
Target: [1.105  1.4425] | Position: [1.2687538  1.30629362]
Target angle: 2.447774518718486 | Robot angle: 2.4194706368911127 | Diff: 0.02830388182737309 | Rotation Strength: 0.3058035914710233
Target distance: 0.21299644604302106
Aligned, walking
=========================================
Target: [1.105  1.4425] | Position: [1.26765357 1.307721  ]
Target angle: 2.4496388491918513 | Robot angle: 2.4039690799811364 | Diff: 0.04566976921071486 | Rotation Strength: 0.3297629883619878
Target distance: 0.21123816432886103
Aligned, walking
=========================================
Target: [1.105  1.4425] | Position: [1.26362221 1.30848957]
Target angle: 2.440101705227999 | Robot angle: 2.39454579884325 | Diff: 0.04555590638474882 | Rotation Strength: 0.3296027971119645
Target distance: 0.20765307571563577
Aligned, walking
=========================================
Target: [1.105  1.4425] | Position: [1.26105803 1.30669097]
Target angle: 2.4254609767721265 | Robot angle: 2.3889663004564756 | Diff: 0.03649467631565084 | Rotation Strength: 0.31698385087723646
Target distance: 0.20687725887530292
Aligned, walking
=========================================
Target: [1.105  1.4425] | Position: [1.25396181 1.30851227]
Target angle: 2.409066553277132 | Robot angle: 2.385179018474103 | Diff: 0.023887534803028743 | Rotation Strength: 0.2998678489543798
Target distance: 0.20035551677176747
Aligned, walking
=========================================
Target: [1.105  1.4425] | Position: [1.24411894 1.3122188 ]
Target angle: 2.3889879971437686 | Robot angle: 2.3816768377937416 | Diff: 0.007311159350027019 | Rotation Strength: 0.27819038129935414
Target distance: 0.1905971378254318
Arrived to point
=========================================
Target: [1.075  1.4625] | Position: [1.23232208 1.31712094]
Target angle: 2.395628861606724 | Robot angle: 2.3831324985788855 | Diff: 0.01249636302783852 | Rotation Strength: 0.2848670921954314
Target distance: 0.2142085650703541
Aligned, walking
=========================================
Target: [1.075  1.4625] | Position: [1.21674789 1.3268107 ]
Target angle: 2.3780287004703062 | Robot angle: 2.3814406500687078 | Diff: -0.0034119495984015202 | Rotation Strength: 0.27323343006047074
Target distance: 0.19622448717491034
Arrived to point
=========================================
Target: [1.04   1.4875] | Position: [1.19740877 1.33842084]
Target angle: 2.3833654374555 | Robot angle: 2.382737878056793 | Diff: 0.000627559398706623 | Rotation Strength: 0.2697276436497661
Target distance: 0.21679971561602077
Aligned, walking
=========================================
Target: [1.04   1.4875] | Position: [1.17458687 1.35121785]
Target angle: 2.3499358963978416 | Robot angle: 2.385038435895142 | Diff: -0.035102539497300356 | Rotation Strength: 0.31506816870402
Target distance: 0.19153706964438477
Arrived to point
=========================================
Target: [1.005  1.5075] | Position: [1.15200432 1.36685951]
Target angle: 2.37831479008464 | Robot angle: 2.3862689247310023 | Diff: -0.007954134646362299 | Rotation Strength: 0.2790130653324344
Target distance: 0.2034453629534565
Aligned, walking
=========================================
Target: [1.005  1.5075] | Position: [1.12575924 1.38478728]
Target angle: 2.3481712591061763 | Robot angle: 2.3886550925007475 | Diff: -0.04048383339457118 | Rotation Strength: 0.32250753906818685
Target distance: 0.17216621524241352
Arrived to point
=========================================
Target: [0.97   1.5275] | Position: [1.10102877 1.4028279 ]
Target angle: 2.3810491666280695 | Robot angle: 2.388740558969067 | Diff: -0.007691392340997361 | Rotation Strength: 0.2786767075651503
Target distance: 0.18086367826747687
Arrived to point
=========================================
Target: [0.91   1.5575] | Position: [1.0759466  1.42342183]
Target angle: 2.4620170421284246 | Robot angle: 2.3882181187489486 | Diff: 0.07379892337947602 | Rotation Strength: 0.3704745659031399
Target distance: 0.21334298248738726
Aligned, walking
=========================================
Target: [0.91   1.5575] | Position: [1.05038455 1.44484376]
Target angle: 2.4653394389382814 | Robot angle: 2.392243638493815 | Diff: 0.07309580044446662 | Rotation Strength: 0.36943121446883187
Target distance: 0.17999791922170505
Arrived to point
=========================================
Target: [0.88   1.5675] | Position: [1.02419668 1.46719523]
Target angle: 2.5338184996092803 | Robot angle: 2.398149582542427 | Diff: 0.13566891706685347 | Rotation Strength: 0.46597644844423225
Target distance: 0.1756522963748202
Arrived to point
=========================================
Target: [0.845  1.5875] | Position: [0.99834826 1.4874428 ]
Target angle: 2.56347359434385 | Robot angle: 2.404474204954166 | Diff: 0.15899938938968372 | Rotation Strength: 0.5030553496691827
Target distance: 0.1831041607672903
Arrived to point
=========================================
Target: [0.815  1.5975] | Position: [0.97291219 1.50729652]
Target angle: 2.6225995667878284 | Robot angle: 2.408942116473815 | Diff: 0.21365745031401318 | Rotation Strength: 0.5890853555088575
Target distance: 0.18185963967941696
Arrived to point
=========================================
Target: [0.79   1.6125] | Position: [0.95065592 1.52694313]
Target angle: 2.652247528322256 | Robot angle: 2.410890113942661 | Diff: 0.24135741437959535 | Rotation Strength: 0.6310046110186606
Target distance: 0.18201731263855797
Arrived to point
=========================================
Target: [0.765  1.6225] | Position: [0.92811575 1.54333453]
Target angle: 2.689747297951121 | Robot angle: 2.4105875766239517 | Diff: 0.2791597213271695 | Rotation Strength: 0.6850733120717051
Target distance: 0.18131166189624207
Arrived to point
=========================================
Target: [0.74   1.6375] | Position: [0.91025208 1.5606756 ]
Target angle: 2.717708770235282 | Robot angle: 2.4095360806362276 | Diff: 0.3081726895990542 | Rotation Strength: 0.723499709913745
Target distance: 0.18678265228617077
Arrived to point
=========================================
Target: [0.71   1.6575] | Position: [0.89388041 1.57482235]
Target angle: 2.71904872403712 | Robot angle: 2.4069296969389162 | Diff: 0.3121190270982037 | Rotation Strength: 0.7284972217787488
Target distance: 0.20161249468901898
Aligned, walking
=========================================
Target: [0.71   1.6575] | Position: [0.87922791 1.58599541]
Target angle: 2.7418123734057556 | Robot angle: 2.4111475627590364 | Diff: 0.33066481064671915 | Rotation Strength: 0.7512102788694465
Target distance: 0.18371442863455312
Arrived to point
=========================================
Target: [0.69   1.6675] | Position: [0.86617349 1.59205087]
Target angle: 2.736958856194848 | Robot angle: 2.423118513381466 | Diff: 0.313840342813382 | Rotation Strength: 0.7306592054881975
Target distance: 0.191649865596375
Arrived to point
=========================================
Target: [0.66   1.6825] | Position: [0.85518034 1.59627026]
Target angle: 2.725582752354189 | Robot angle: 2.440794521439571 | Diff: 0.2847882309146179 | Rotation Strength: 0.692752288548222
Target distance: 0.21337978603301075
Aligned, walking
=========================================
Target: [0.66   1.6825] | Position: [0.84739837 1.59677688]
Target angle: 2.7125705756958265 | Robot angle: 2.4634961672615976 | Diff: 0.2490744084342289 | Rotation Strength: 0.6423680249403105
Target distance: 0.20607426290947184
Aligned, walking
=========================================
Target: [0.66   1.6825] | Position: [0.84131711 1.5976459 ]
Target angle: 2.7038815894580104 | Robot angle: 2.4903636162102822 | Diff: 0.21351797324772814 | Rotation Strength: 0.5888704007327625
Target distance: 0.20019019655656345
Aligned, walking
=========================================
Target: [0.66   1.6825] | Position: [0.8395097  1.59767177]
Target angle: 2.700140996481526 | Robot angle: 2.5184074288930303 | Diff: 0.18173356758849568 | Rotation Strength: 0.5391576054273947
Target distance: 0.19854359548517017
Arrived to point
=========================================
Target: [0.635  1.6975] | Position: [0.83708903 1.59714839]
Target angle: 2.680691783571177 | Robot angle: 2.557140730482182 | Diff: 0.12355105308899539 | Rotation Strength: 0.4468392918037263
Target distance: 0.22563337348288523
Aligned, walking
=========================================
Target: [0.635  1.6975] | Position: [0.83474618 1.59552372]
Target angle: 2.669557123857132 | Robot angle: 2.5981221560580625 | Diff: 0.07143496779906933 | Rotation Strength: 0.36697158963595744
Target distance: 0.2242714825056988
Aligned, walking
=========================================
Target: [0.635  1.6975] | Position: [0.83138394 1.59230244]
Target angle: 2.6498156017427625 | Robot angle: 2.6384235165074506 | Diff: 0.011392085235311988 | Rotation Strength: 0.28343711407549677
Target distance: 0.22278505508790306
Aligned, walking
=========================================
Target: [0.635  1.6975] | Position: [0.82824464 1.58990856]
Target angle: 2.6335720312380815 | Robot angle: 2.6833195420467852 | Diff: -0.049747510808703765 | Rotation Strength: 0.335525730368642
Target distance: 0.22117732149289238
Aligned, walking
=========================================
Target: [0.635  1.6975] | Position: [0.8236393  1.58874727]
Target angle: 2.6186231757974454 | Robot angle: 2.7245565442198174 | Diff: -0.105933368422372 | Rotation Strength: 0.4193098337896547
Target distance: 0.21774283339908096
Aligned, walking
=========================================
Target: [0.635  1.6975] | Position: [0.81646028 1.58831642]
Target angle: 2.599928413721873 | Robot angle: 2.76416226497048 | Diff: -0.164233851248607 | Rotation Strength: 0.5113843246257006
Target distance: 0.2117755639521363
Aligned, walking
=========================================
Target: [0.635  1.6975] | Position: [0.80523817 1.58791065]
Target angle: 2.5696297592007316 | Robot angle: 2.8020273815069956 | Diff: -0.23239762230626404 | Rotation Strength: 0.61762725286824
Target distance: 0.2024619973522007
Aligned, walking
=========================================
Target: [0.635  1.6975] | Position: [0.78931525 1.58617481]
Target angle: 2.516638956045485 | Robot angle: 2.8412249549480153 | Diff: -0.32458599890253037 | Rotation Strength: 0.7439076248872624
Target distance: 0.19028004438837695
Arrived to point
=========================================
Target: [0.6    1.7125] | Position: [0.77441571 1.58480757]
Target angle: 2.5096362702894304 | Robot angle: 2.8655903588730656 | Diff: -0.3559540885836352 | Rotation Strength: 0.7800699593625933
Target distance: 0.21616243134194818
Aligned, walking
=========================================
Target: [0.6    1.7125] | Position: [0.75541246 1.58342563]
Target angle: 2.4485123562568925 | Robot angle: 2.884659669470194 | Diff: -0.4361473132133016 | Rotation Strength: 0.8552765308856154
Target distance: 0.20202283575009497
Aligned, walking
=========================================
Target: [0.6    1.7125] | Position: [0.73023557 1.58143504]
Target angle: 2.3530204186062464 | Robot angle: 2.8993860007514876 | Diff: -0.5463655821452411 | Rotation Strength: 0.9226044511648508
Target distance: 0.18476830654103693
Arrived to point
=========================================
Target: [0.54   1.7425] | Position: [0.70353631 1.58156781]
Target angle: 2.364220117812673 | Robot angle: 2.900228666115635 | Diff: -0.536008548302962 | Rotation Strength: 0.9177631913390412
Target distance: 0.2294412716631131
Aligned, walking
=========================================
Target: [0.54   1.7425] | Position: [0.67657297 1.57943082]
Target angle: 2.2679977310436072 | Robot angle: 2.8944201424409037 | Diff: -0.6264224113972965 | Rotation Strength: 0.9520258073366519
Target distance: 0.21270574409437154
Aligned, walking
=========================================
Target: [0.54   1.7425] | Position: [0.65141888 1.57640369]
Target angle: 2.161661138024586 | Robot angle: 2.8829629290679177 | Diff: -0.7213017910433317 | Rotation Strength: 0.9731937943680629
Target distance: 0.2000053762166625
Aligned, walking
=========================================
Target: [0.54   1.7425] | Position: [0.627068   1.57443586]
Target angle: 2.0487905875466055 | Robot angle: 2.863517042205147 | Diff: -0.8147264546585413 | Rotation Strength: 0.9850312651740398
Target distance: 0.18927860567779622
Arrived to point
=========================================
Target: [0.515  1.7525] | Position: [0.59026803 1.57176536]
Target angle: 1.965407935908786 | Robot angle: 2.8012758111027445 | Diff: -0.8358678751939586 | Rotation Strength: 0.9868915120931169
Target distance: 0.19578122120291938
Arrived to point
=========================================
Target: [0.495  1.7625] | Position: [0.57653377 1.57196675]
Target angle: 1.975141093381163 | Robot angle: 2.7579716554042513 | Diff: -0.7828305620230882 | Rotation Strength: 0.9817227916735891
Target distance: 0.2072454494905322
Aligned, walking
=========================================
Target: [0.495  1.7625] | Position: [0.56350116 1.57334284]
Target angle: 1.9182440615624845 | Robot angle: 2.7167308109572668 | Diff: -0.7984867493947823 | Rotation Strength: 0.9834279123749984
Target distance: 0.20117863047531073
Aligned, walking
=========================================
Target: [0.495  1.7625] | Position: [0.5571798 1.5737328]
Target angle: 1.8890021638077439 | Robot angle: 2.6743182561262486 | Diff: -0.7853160923185047 | Rotation Strength: 0.982004559290032
Target distance: 0.19874452256721498
Arrived to point
=========================================
Target: [0.48   1.7675] | Position: [0.55420148 1.57472858]
Target angle: 1.9382350838266236 | Robot angle: 2.6283886536831114 | Diff: -0.6901535698564878 | Rotation Strength: 0.9675056200955845
Target distance: 0.2065591438963493
Aligned, walking
=========================================
Target: [0.48   1.7675] | Position: [0.55204378 1.57638817]
Target angle: 1.931294591989932 | Robot angle: 2.578877091530728 | Diff: -0.6475824995407962 | Rotation Strength: 0.957816951272695
Target distance: 0.20424014970374765
Aligned, walking
=========================================
Target: [0.48   1.7675] | Position: [0.55172485 1.5767293 ]
Target angle: 1.9304207665966118 | Robot angle: 2.52780531596904 | Diff: -0.5973845493724284 | Rotation Strength: 0.9428413965850714
Target distance: 0.20380852016959192
Aligned, walking
=========================================
Target: [0.48   1.7675] | Position: [0.55164779 1.57614087]
Target angle: 1.9290543006176293 | Robot angle: 2.4807697014184056 | Diff: -0.5517154008007763 | Rotation Strength: 0.9250016444982906
Target distance: 0.20433238720655758
Aligned, walking
=========================================
Target: [0.48   1.7675] | Position: [0.55311554 1.57432843]
Target angle: 1.9326324348355834 | Robot angle: 2.4333123553249028 | Diff: -0.5006799204893193 | Rotation Strength: 0.8991147893934627
Target distance: 0.20654572746188404
Aligned, walking
=========================================
Target: [0.48   1.7675] | Position: [0.55367343 1.57328076]
Target angle: 1.9333588752129716 | Robot angle: 2.385708991049624 | Diff: -0.4523501158366523 | Rotation Strength: 0.8675824402119641
Target distance: 0.20772310184117923
Aligned, walking
=========================================
Target: [0.48   1.7675] | Position: [0.55200342 1.57359399]
Target angle: 1.926346940251662 | Robot angle: 2.3414186550550156 | Diff: -0.4150717148033536 | Rotation Strength: 0.8378651274011979
Target distance: 0.20684301631030647
Aligned, walking
=========================================
Target: [0.48   1.7675] | Position: [0.55083789 1.57432284]
Target angle: 1.9222696950153368 | Robot angle: 2.296430189838185 | Diff: -0.3741604948228483 | Rotation Strength: 0.7993087590189255
Target distance: 0.20575573473212058
Aligned, walking
=========================================
Target: [0.48   1.7675] | Position: [0.54634012 1.57843759]
Target angle: 1.9082638564563412 | Robot angle: 2.2535174664940127 | Diff: -0.3452536100376715 | Rotation Strength: 0.7681603882546808
Target distance: 0.20036368639684962
Aligned, walking
=========================================
Target: [0.48   1.7675] | Position: [0.54437025 1.58031794]
Target angle: 1.9020186138994024 | Robot angle: 2.207807538514861 | Diff: -0.3057889246154586 | Rotation Strength: 0.7204536063882425
Target distance: 0.19794103352659254
Arrived to point
=========================================
Target: [0.47   1.7775] | Position: [0.54172736 1.58326131]
Target angle: 1.9245378088746605 | Robot angle: 2.172538399954135 | Diff: -0.24800059107947448 | Rotation Strength: 0.6407960269505575
Target distance: 0.20705912904989754
Aligned, walking
=========================================
Target: [0.47   1.7775] | Position: [0.53509891 1.58954013]
Target angle: 1.9042110879807863 | Robot angle: 2.1348119399535586 | Diff: -0.23060085197277225 | Rotation Strength: 0.6149222603732982
Target distance: 0.19891400486859556
Arrived to point
=========================================
Target: [0.45   1.7925] | Position: [0.53132773 1.5974342 ]
Target angle: 1.9658072279158016 | Robot angle: 2.091391531273664 | Diff: -0.1255843033578623 | Rotation Strength: 0.45004088774066875
Target distance: 0.21134063722512192
Aligned, walking
=========================================
Target: [0.45   1.7925] | Position: [0.52369022 1.60720779]
Target angle: 1.9493160679363504 | Robot angle: 2.0545827178806766 | Diff: -0.10526664994432622 | Rotation Strength: 0.4182767090352577
Target distance: 0.1994077510746257
Arrived to point
=========================================
Target: [0.425  1.7975] | Position: [0.51669747 1.61731291]
Target angle: 2.041539714662445 | Robot angle: 2.020060182759315 | Diff: 0.02147953190312979 | Rotation Strength: 0.29665930344256497
Target distance: 0.20217768123381202
Aligned, walking
=========================================
Target: [0.425  1.7975] | Position: [0.50976963 1.62827439]
Target angle: 2.035185054095952 | Robot angle: 1.9870664544318162 | Diff: 0.048118599664135786 | Rotation Strength: 0.3332177211854894
Target distance: 0.1892701731632463
Arrived to point
=========================================
Target: [0.395  1.8025] | Position: [0.50296724 1.64081203]
Target angle: 2.159549000537173 | Robot angle: 1.955896209382054 | Diff: 0.20365279115511914 | Rotation Strength: 0.5735852073166494
Target distance: 0.19442202463560582
Arrived to point
=========================================
Target: [0.375  1.8125] | Position: [0.49680068 1.65478488]
Target angle: 2.228406590262865 | Robot angle: 1.9302172353637754 | Diff: 0.2981893548990895 | Rotation Strength: 0.7106066882310274
Target distance: 0.19927233312704268
Arrived to point
=========================================
Target: [0.355  1.8175] | Position: [0.49174098 1.66965227]
Target angle: 2.317186929237539 | Robot angle: 1.9024448534940959 | Diff: 0.414742075743443 | Rotation Strength: 0.8375798435323922
Target distance: 0.20138780575972914
Aligned, walking
=========================================
Target: [0.355  1.8175] | Position: [0.48673872 1.68439928]
Target angle: 2.351051821480434 | Robot angle: 1.8828998403236294 | Diff: 0.46815198115680445 | Rotation Strength: 0.8787182624028866
Target distance: 0.18727224090309966
Arrived to point
=========================================
Target: [0.345  1.8175] | Position: [0.4803409  1.69781441]
Target angle: 2.4175045665443324 | Robot angle: 1.8690306166650705 | Diff: 0.5484739498792619 | Rotation Strength: 0.9235574558483008
Target distance: 0.1806704130942566
Arrived to point
=========================================
Target: [0.31   1.8275] | Position: [0.47364521 1.71154584]
Target angle: 2.5251378206337307 | Robot angle: 1.8656473029857032 | Diff: 0.6594905176480275 | Rotation Strength: 0.9607757944371034
Target distance: 0.2005620132056008
Aligned, walking
=========================================
Target: [0.31   1.8275] | Position: [0.46944627 1.72213333]
Target angle: 2.5576426268544896 | Robot angle: 1.8673196053483014 | Diff: 0.6903230215061882 | Rotation Strength: 0.967539517672963
Target distance: 0.1911157931903075
Arrived to point
=========================================
Target: [0.29   1.8375] | Position: [0.46608679 1.73058155]
Target angle: 2.5959018549005703 | Robot angle: 1.8794698218043706 | Diff: 0.7164320330961997 | Rotation Strength: 0.9723730552846716
Target distance: 0.20600512639661406
Aligned, walking
=========================================
Target: [0.29   1.8375] | Position: [0.46345279 1.73541868]
Target angle: 2.6096532820019505 | Robot angle: 1.898490377194583 | Diff: 0.7111629048073675 | Rotation Strength: 0.9714575096836209
Target distance: 0.20126218184693181
Aligned, walking
=========================================
Target: [0.29   1.8375] | Position: [0.4618182  1.73798629]
Target angle: 2.61662246454134 | Robot angle: 1.9259642541361517 | Diff: 0.6906582104051884 | Rotation Strength: 0.9676064691555222
Target distance: 0.19855596653443552
Arrived to point
=========================================
Target: [0.275  1.8425] | Position: [0.46047023 1.73957187]
Target angle: 2.6349511035413666 | Robot angle: 1.958929440278352 | Diff: 0.6760216632630147 | Rotation Strength: 0.9645550997638079
Target distance: 0.21211649160111565
Aligned, walking
=========================================
Target: [0.275  1.8425] | Position: [0.4591613  1.74002006]
Target angle: 2.6337968765854303 | Robot angle: 1.9988717939400074 | Diff: 0.6349250826454229 | Rotation Strength: 0.9544384333819297
Target distance: 0.21075465666441973
Aligned, walking
=========================================
Target: [0.275  1.8425] | Position: [0.4580941  1.73937437]
Target angle: 2.6286424456892137 | Robot angle: 2.0435876266003676 | Diff: 0.585054819088846 | Rotation Strength: 0.9384612586235843
Target distance: 0.21013887557186975
Aligned, walking
=========================================
Target: [0.275  1.8425] | Position: [0.45664117 1.73935276]
Target angle: 2.625138798528593 | Robot angle: 2.090584433716913 | Diff: 0.5345543648116804 | Rotation Strength: 0.9170617748191211
Target distance: 0.2088848238825971
Aligned, walking
=========================================
Target: [0.275  1.8425] | Position: [0.45441155 1.73953281]
Target angle: 2.6205732625066425 | Robot angle: 2.1389464841799546 | Diff: 0.4816267783266879 | Rotation Strength: 0.8875674767108385
Target distance: 0.20685924107937226
Aligned, walking
=========================================
Target: [0.275  1.8425] | Position: [0.45274712 1.74196501]
Target angle: 2.6268462336133425 | Robot angle: 2.1845415884958532 | Diff: 0.44230464511748924 | Rotation Strength: 0.8600612553142855
Target distance: 0.20420902150022688
Aligned, walking
=========================================
Target: [0.275  1.8425] | Position: [0.4507065  1.74423708]
Target angle: 2.6316795311735426 | Robot angle: 2.2300365734469816 | Diff: 0.401642957726561 | Rotation Strength: 0.8259136062316124
Target distance: 0.2013166017492634
Aligned, walking
=========================================
Target: [0.275  1.8425] | Position: [0.44769188 1.74622962]
Target angle: 2.6330331491901395 | Robot angle: 2.2759672972502054 | Diff: 0.3570658519399341 | Rotation Strength: 0.7812818090296441
Target distance: 0.19771310516132312
Arrived to point
=========================================
Target: [0.25   1.8475] | Position: [0.44489994 1.74668094]
Target angle: 2.6642118682381515 | Robot angle: 2.3213512580209557 | Diff: 0.3428606102171958 | Rotation Strength: 0.7654362337561067
Target distance: 0.2194321575438942
Aligned, walking
=========================================
Target: [0.25   1.8475] | Position: [0.43997917 1.74856903]
Target angle: 2.661486009722605 | Robot angle: 2.3620151605644866 | Diff: 0.2994708491581184 | Rotation Strength: 0.7122815023274691
Target distance: 0.2141948236063679
Aligned, walking
=========================================
Target: [0.25   1.8475] | Position: [0.43471705 1.75135133]
Target angle: 2.66166518250753 | Robot angle: 2.4051940173813655 | Diff: 0.25647116512616464 | Rotation Strength: 0.6531118817921489
Target distance: 0.20824254001304215
Aligned, walking
=========================================
Target: [0.25   1.8475] | Position: [0.4285544  1.75671578]
Target angle: 2.671215792253312 | Robot angle: 2.4460036473406728 | Diff: 0.2252121449126392 | Rotation Strength: 0.6067675949389285
Target distance: 0.2003083816065701
Aligned, walking
=========================================
Target: [0.25   1.8475] | Position: [0.41993263 1.76245249]
Target angle: 2.6775628835177905 | Robot angle: 2.4848015101923577 | Diff: 0.19276137332543275 | Rotation Strength: 0.5565463122701253
Target distance: 0.19002677920426084
Arrived to point
=========================================
Target: [0.245  1.8475] | Position: [0.40975486 1.76858126]
Target angle: 2.6948800124738455 | Robot angle: 2.520347731359985 | Diff: 0.17453228111386032 | Rotation Strength: 0.5277482131177418
Target distance: 0.18268095737777879
Arrived to point
=========================================
Target: [0.23   1.8525] | Position: [0.39745579 1.7737939 ]
Target angle: 2.702222599520989 | Robot angle: 2.5549949683345616 | Diff: 0.14722763118642757 | Rotation Strength: 0.4843251907205899
Target distance: 0.1850299780454684
Arrived to point
=========================================
Target: [0.21   1.8625] | Position: [0.38279443 1.78211308]
Target angle: 2.7061564931114557 | Robot angle: 2.5848666471143043 | Diff: 0.12128984599715142 | Rotation Strength: 0.44328393309757985
Target distance: 0.1905779994087531
Arrived to point
=========================================
Target: [0.185  1.8675] | Position: [0.36976996 1.78852731]
Target angle: 2.7376817644134643 | Robot angle: 2.60832553682906 | Diff: 0.12935622758440424 | Rotation Strength: 0.4559910099102128
Target distance: 0.2009393542257639
Aligned, walking
=========================================
Target: [0.185  1.8675] | Position: [0.35230443 1.79421984]
Target angle: 2.728758515082407 | Robot angle: 2.637682754678541 | Diff: 0.09107576040386611 | Rotation Strength: 0.39647040001241696
Target distance: 0.18264926190372263
Arrived to point
=========================================
Target: [0.17   1.8725] | Position: [0.33619703 1.79779363]
Target angle: 2.719150580361574 | Robot angle: 2.6656480444950077 | Diff: 0.05350253586656617 | Rotation Strength: 0.3408761410859772
Target distance: 0.18221551407868128
Arrived to point
=========================================
Target: [0.15   1.8725] | Position: [0.31916659 1.80095405]
Target angle: 2.7414750054747667 | Robot angle: 2.694011330223317 | Diff: 0.0474636752514499 | Rotation Strength: 0.3322919984745065
Target distance: 0.18367404915228408
Arrived to point
=========================================
Target: [0.135  1.8775] | Position: [0.30430918 1.80129795]
Target angle: 2.7186752905933025 | Robot angle: 2.717762868796557 | Diff: 0.000912421796745555 | Rotation Strength: 0.2700850043967675
Target distance: 0.18566730778395474
Arrived to point
=========================================
Target: [0.12   1.8875] | Position: [0.29130269 1.79913129]
Target angle: 2.665335373357978 | Robot angle: 2.7368800734534258 | Diff: -0.07154470009544767 | Rotation Strength: 0.3671338866684408
Target distance: 0.1927528012015378
Arrived to point
=========================================
Target: [0.11   1.8875] | Position: [0.28249809 1.79535474]
Target angle: 2.6509753560982183 | Robot angle: 2.754233420076112 | Diff: -0.1032580639778935 | Rotation Strength: 0.41516863632929357
Target distance: 0.19556671511437917
Arrived to point
=========================================
Target: [0.105  1.8975] | Position: [0.27274368 1.7941931 ]
Target angle: 2.58959170972515 | Robot angle: 2.7606322899783553 | Diff: -0.17104058025320512 | Rotation Strength: 0.5222049230961804
Target distance: 0.19700319072961156
Arrived to point
=========================================
Target: [0.115  1.9175] | Position: [0.26568714 1.7937482 ]
Target angle: 2.4540281169891696 | Robot angle: 2.7631304002698993 | Diff: -0.30910228328072975 | Rotation Strength: 0.7246820214464744
Target distance: 0.19499005644570294
Arrived to point
=========================================
Target: [0.21   1.9575] | Position: [0.25938279 1.79323369]
Target angle: 1.8628277081039766 | Robot angle: 2.762888348359052 | Diff: -0.9000606402550755 | Rotation Strength: 0.9912504416974802
Target distance: 0.1715286611121126
Arrived to point
=========================================
Target: [0.33   2.0025] | Position: [0.25938279 1.79323369]
Target angle: 1.2453441096687445 | Robot angle: 2.762888348359052 | Diff: -1.5175442386903075 | Rotation Strength: 0.9998268166808523
Target distance: 0.22086009093500847
Aligned, walking
=========================================
Target: [0.33   2.0025] | Position: [0.25726599 1.79033896]
Target angle: 1.2405281600590712 | Robot angle: 2.74816317159227 | Diff: -1.507635011533199 | Rotation Strength: 0.9998155416848
Target distance: 0.22428228604333356
Aligned, walking
=========================================
Target: [0.33   2.0025] | Position: [0.25593236 1.78746915]
Target angle: 1.2390732680906886 | Robot angle: 2.7326003452352055 | Diff: -1.4935270771445168 | Rotation Strength: 0.999798211509854
Target distance: 0.22742972473636833
Aligned, walking
=========================================
Target: [0.33   2.0025] | Position: [0.2555653  1.78512429]
Target angle: 1.2408864617366042 | Robot angle: 2.7071106831712584 | Diff: -1.4662242214346541 | Rotation Strength: 0.9997599140120604
Target distance: 0.22976667138075313
Aligned, walking
=========================================
Target: [0.33   2.0025] | Position: [0.25663979 1.78328942]
Target angle: 1.247855543644671 | Robot angle: 2.6731139820138017 | Diff: -1.4252584383691307 | Rotation Strength: 0.9996883995111223
Target distance: 0.23116011975579048
Aligned, walking
=========================================
Target: [0.33   2.0025] | Position: [0.25747105 1.78357278]
Target angle: 1.2508836195917672 | Robot angle: 2.632355518713073 | Diff: -1.3814718991213057 | Rotation Strength: 0.9995882668355169
Target distance: 0.23062865883778655
Aligned, walking
=========================================
Target: [0.33   2.0025] | Position: [0.25876177 1.78505939]
Target angle: 1.254195140943887 | Robot angle: 2.580864970846756 | Diff: -1.326669829902869 | Rotation Strength: 0.9994164766820532
Target distance: 0.22881282115533416
Aligned, walking
=========================================
Target: [0.33   2.0025] | Position: [0.25772445 1.78504001]
Target angle: 1.2499197703987042 | Robot angle: 2.531066927665745 | Diff: -1.281147157267041 | Rotation Strength: 0.9992204673253948
Target distance: 0.22915627873628633
Aligned, walking
=========================================
Target: [0.33   2.0025] | Position: [0.25811466 1.78432629]
Target angle: 1.2525117104935832 | Robot angle: 2.4806118846021654 | Diff: -1.2281001741085822 | Rotation Strength: 0.9989076473154377
Target distance: 0.22971127814169465
Aligned, walking
=========================================
Target: [0.33   2.0025] | Position: [0.25692249 1.78246613]
Target angle: 1.250138740204747 | Robot angle: 2.4317224561133113 | Diff: -1.1815837159085643 | Rotation Strength: 0.9985317218916598
Target distance: 0.23185173060817812
Aligned, walking
=========================================
Target: [0.33   2.0025] | Position: [0.2567937  1.78148274]
Target angle: 1.2509450601738745 | Robot angle: 2.381772425155404 | Diff: -1.1308273649815295 | Rotation Strength: 0.9979728002143857
Target distance: 0.23282566553748846
Aligned, walking
=========================================
Target: [0.33   2.0025] | Position: [0.25719225 1.78160879]
Target angle: 1.2524013378334296 | Robot angle: 2.329408844911332 | Diff: -1.0770075070779024 | Rotation Strength: 0.9971467599142991
Target distance: 0.232580938409201
Aligned, walking
=========================================
Target: [0.33   2.0025] | Position: [0.25864937 1.78110535]
Target angle: 1.2590283241432978 | Robot angle: 2.2819667177865517 | Diff: -1.022938393643254 | Rotation Strength: 0.9959791302669089
Target distance: 0.23260804500135435
Aligned, walking
=========================================
Target: [0.33   2.0025] | Position: [0.25782762 1.78172433]
Target angle: 1.2548435779470148 | Robot angle: 2.233688008998125 | Diff: -0.97884443105111 | Rotation Strength: 0.9946830123220923
Target distance: 0.23227300674647092
Aligned, walking
=========================================
Target: [0.33   2.0025] | Position: [0.25733024 1.78062324]
Target angle: 1.2542840766601433 | Robot angle: 2.182359620733582 | Diff: -0.9280755440734385 | Rotation Strength: 0.992669197015824
Target distance: 0.23347417679777466
Aligned, walking
=========================================
Target: [0.33   2.0025] | Position: [0.25580059 1.77982983]
Target angle: 1.2491426907216496 | Robot angle: 2.1334849995191396 | Diff: -0.88434230879749 | Rotation Strength: 0.9903385010047538
Target distance: 0.2347073874198686
Aligned, walking
=========================================
Target: [0.33   2.0025] | Position: [0.25496561 1.77857905]
Target angle: 1.247462710619594 | Robot angle: 2.08631002371562 | Diff: -0.8388473130960259 | Rotation Strength: 0.9871346379665156
Target distance: 0.23615832013532137
Aligned, walking
=========================================
Target: [0.33   2.0025] | Position: [0.25429648 1.7794578 ]
Target angle: 1.2435837112135104 | Robot angle: 2.0344972216329245 | Diff: -0.790913510419414 | Rotation Strength: 0.9826235763696669
Target distance: 0.2355394802088038
Aligned, walking
=========================================
Target: [0.33   2.0025] | Position: [0.25498734 1.77798381]
Target angle: 1.2483487104783402 | Robot angle: 1.9844179428796362 | Diff: -0.7360692324012961 | Rotation Strength: 0.9755402442998595
Target distance: 0.23671590480705224
Aligned, walking
=========================================
Target: [0.33   2.0025] | Position: [0.25535092 1.77811305]
Target angle: 1.2496337473521635 | Robot angle: 1.9386422309846987 | Diff: -0.6890084836325352 | Rotation Strength: 0.967275655618293
Target distance: 0.23647830131422143
Aligned, walking
=========================================
Target: [0.33   2.0025] | Position: [0.25395398 1.77838652]
Target angle: 1.2436681373465293 | Robot angle: 1.8892442287347349 | Diff: -0.6455760913882056 | Rotation Strength: 0.9572978392758996
Target distance: 0.23666400117107808
Aligned, walking
=========================================
Target: [0.33   2.0025] | Position: [0.25325923 1.77808714]
Target angle: 1.2412997775655237 | Robot angle: 1.789971389960476 | Diff: -0.5486716123949522 | Rotation Strength: 0.9236462474773164
Target distance: 0.23717141481204007
Aligned, walking
=========================================
Target: [0.33   2.0025] | Position: [0.2519716  1.77855077]
Target angle: 1.2355297328864374 | Robot angle: 1.742188418460974 | Diff: -0.5066586855745365 | Rotation Strength: 0.9025152270129043
Target distance: 0.23715330515670482
Aligned, walking
=========================================
Target: [0.33   2.0025] | Position: [0.2514222  1.77988466]
Target angle: 1.2314730212811416 | Robot angle: 1.6959026619543014 | Diff: -0.46442964067315984 | Rotation Strength: 0.8761700480043969
Target distance: 0.2360763920666533
Aligned, walking
=========================================
Target: [0.33   2.0025] | Position: [0.25145782 1.78158096]
Target angle: 1.2292081984195562 | Robot angle: 1.6479709310353652 | Diff: -0.418762732615809 | Rotation Strength: 0.8410319425172823
Target distance: 0.2344655593456607
Aligned, walking
=========================================
Target: [0.33   2.0025] | Position: [0.25069826 1.78315734]
Target angle: 1.2238756886611357 | Robot angle: 1.6031412666294838 | Diff: -0.37926557796834803 | Rotation Strength: 0.8044715421411047
Target distance: 0.2332380118588156
Aligned, walking
=========================================
Target: [0.33   2.0025] | Position: [0.24912748 1.78684268]
Target angle: 1.2120214785487171 | Robot angle: 1.5594987291290412 | Diff: -0.3474772505803241 | Rotation Strength: 0.7706718786418019
Target distance: 0.23032247693514296
Aligned, walking
=========================================
Target: [0.33   2.0025] | Position: [0.24889315 1.79185683]
Target angle: 1.2032493228501977 | Robot angle: 1.5166262421649046 | Diff: -0.3133769193147069 | Rotation Strength: 0.7300782130296742
Target distance: 0.22571855906225366
Aligned, walking
=========================================
Target: [0.33   2.0025] | Position: [0.25057433 1.79769385]
Target angle: 1.2008434077945331 | Robot angle: 1.4759880924021154 | Diff: -0.27514468460758224 | Rotation Strength: 0.6795327766219018
Target distance: 0.21966791779210965
Aligned, walking
=========================================
Target: [0.33   2.0025] | Position: [0.25195595 1.80252722]
Target angle: 1.1987029997121708 | Robot angle: 1.4351604372221392 | Diff: -0.2364574375099684 | Rotation Strength: 0.6237122076342302
Target distance: 0.21466249279207902
Aligned, walking
=========================================
Target: [0.33   2.0025] | Position: [0.25229289 1.81188718]
Target angle: 1.1836954917010765 | Robot angle: 1.3970102721491946 | Diff: -0.21331478044811814 | Rotation Strength: 0.5885571898987514
Target distance: 0.20584373314237994
Aligned, walking
=========================================
Target: [0.33   2.0025] | Position: [0.25275925 1.82287625]
Target angle: 1.1646863410968225 | Robot angle: 1.3625727790366788 | Diff: -0.19788643793985639 | Rotation Strength: 0.564583240371656
Target distance: 0.19552704896119952
Arrived to point
=========================================
Target: [0.465  2.0425] | Position: [0.25392913 1.83613939]
Target angle: 0.774114742841427 | Robot angle: 1.3291951067926222 | Diff: -0.5550803639511952 | Rotation Strength: 0.9264743032609206
Target distance: 0.29518742220955074
Aligned, walking
=========================================
Target: [0.465  2.0425] | Position: [0.25763776 1.85242238]
Target angle: 0.741935628716972 | Robot angle: 1.2985401341049334 | Diff: -0.5566045053879614 | Rotation Strength: 0.9271325384446469
Target distance: 0.2812980628160104
Aligned, walking
=========================================
Target: [0.465  2.0425] | Position: [0.26366428 1.86899312]
Target angle: 0.7112927261552735 | Robot angle: 1.2668366485475424 | Diff: -0.5555439223922689 | Rotation Strength: 0.9266750786990191
Target distance: 0.2657831974029476
Aligned, walking
=========================================
Target: [0.465  2.0425] | Position: [0.27045326 1.88565288]
Target angle: 0.6785210274078217 | Robot angle: 1.2396255476989015 | Diff: -0.5611045202910798 | Rotation Strength: 0.9290444077877501
Target distance: 0.24989888324586812
Aligned, walking
=========================================
Target: [0.465  2.0425] | Position: [0.27651254 1.90061348]
Target angle: 0.6452675157258252 | Robot angle: 1.2090753927909281 | Diff: -0.5638078770651029 | Rotation Strength: 0.9301705699853227
Target distance: 0.23592225002346567
Aligned, walking
=========================================
Target: [0.465  2.0425] | Position: [0.2820969 1.9122003]
Target angle: 0.6189980087398022 | Robot angle: 1.1748898344623422 | Diff: -0.55589182572254 | Rotation Strength: 0.9268254300733663
Target distance: 0.2245697122930711
Aligned, walking
=========================================
Target: [0.465  2.0425] | Position: [0.28634842 1.92128144]
Target angle: 0.5961635251123347 | Robot angle: 1.1390489055032855 | Diff: -0.5428853803909508 | Rotation Strength: 0.9210075294334401
Target distance: 0.21589424623401238
Aligned, walking
=========================================
Target: [0.465  2.0425] | Position: [0.28970557 1.92862657]
Target angle: 0.576102661381173 | Robot angle: 1.0994447332472914 | Diff: -0.5233420718661184 | Rotation Strength: 0.9114685397339541
Target distance: 0.20903420075295898
Aligned, walking
=========================================
Target: [0.465  2.0425] | Position: [0.29247615 1.93404065]
Target angle: 0.561229011096608 | Robot angle: 1.0578478837890382 | Diff: -0.4966188726924301 | Rotation Strength: 0.896745375278698
Target distance: 0.203783980627589
Aligned, walking
=========================================
Target: [0.465  2.0425] | Position: [0.29647477 1.93817775]
Target angle: 0.5542951061132215 | Robot angle: 1.0114150848552876 | Diff: -0.4571199787420661 | Rotation Strength: 0.8710321981739224
Target distance: 0.19820162936958552
Arrived to point
=========================================
Target: [0.69   2.0975] | Position: [0.29898299 1.94097989]
Target angle: 0.3807561602305114 | Robot angle: 0.9678193504710952 | Diff: -0.5870631902405838 | Rotation Strength: 0.9391955278114864
Target distance: 0.421180301882226
Aligned, walking
=========================================
Target: [0.69   2.0975] | Position: [0.30208066 1.94361351]
Target angle: 0.3776558441991327 | Robot angle: 0.9203925891352123 | Diff: -0.5427367449360796 | Rotation Strength: 0.9209386603296499
Target distance: 0.4173277670689255
Aligned, walking
=========================================
Target: [0.69   2.0975] | Position: [0.3038693  1.94527063]
Target angle: 0.3755337143215005 | Robot angle: 0.8741064552221092 | Diff: -0.49857274090060866 | Rotation Strength: 0.8978914435858831
Target distance: 0.4150550537013618
Aligned, walking
=========================================
Target: [0.69   2.0975] | Position: [0.30534346 1.94750224]
Target angle: 0.3718147929902713 | Robot angle: 0.8310798648250879 | Diff: -0.4592650718348166 | Rotation Strength: 0.8725584989009468
Target distance: 0.41286799457579826
Aligned, walking
=========================================
Target: [0.69   2.0975] | Position: [0.3073415 1.9495629]
Target angle: 0.36890456217772716 | Robot angle: 0.7851577271071282 | Diff: -0.416253164929401 | Rotation Strength: 0.8388842860496695
Target distance: 0.4102595721624839
Aligned, walking
=========================================
Target: [0.69   2.0975] | Position: [0.3089381  1.94995699]
Target angle: 0.3694139427687837 | Robot angle: 0.7405974644592455 | Diff: -0.37118352169046176 | Rotation Strength: 0.7962513361859361
Target distance: 0.40862832888696454
Aligned, walking
=========================================
Target: [0.69   2.0975] | Position: [0.31209549 1.95119137]
Target angle: 0.36938662739708095 | Robot angle: 0.6954935254199248 | Diff: -0.32610689802284387 | Rotation Strength: 0.7457478391198692
Target distance: 0.4052382422031967
Aligned, walking
=========================================
Target: [0.69   2.0975] | Position: [0.31539298 1.95338373]
Target angle: 0.36725904922404773 | Robot angle: 0.6521364076491882 | Diff: -0.2848773584251405 | Rotation Strength: 0.6928730451875049
Target distance: 0.40137253973908443
Aligned, walking
=========================================
Target: [0.69   2.0975] | Position: [0.31988621 1.9555853 ]
Target angle: 0.3661454221636897 | Robot angle: 0.6096973561045465 | Diff: -0.24355193394085672 | Rotation Strength: 0.6342515331045184
Target distance: 0.3963886967960551
Aligned, walking
=========================================
Target: [0.69   2.0975] | Position: [0.32575944 1.95919015]
Target angle: 0.3629033449556984 | Robot angle: 0.5691144532022645 | Diff: -0.20621110824656608 | Rotation Strength: 0.5775638499945122
Target distance: 0.38961622533873197
Aligned, walking
=========================================
Target: [0.69   2.0975] | Position: [0.33371467 1.96383313]
Target angle: 0.3589179810645935 | Robot angle: 0.5312531439420294 | Diff: -0.1723351628774359 | Rotation Strength: 0.5242608638771538
Target distance: 0.38053392340347253
Aligned, walking
=========================================
Target: [0.69   2.0975] | Position: [0.3437249  1.96857228]
Target angle: 0.3564255553161231 | Robot angle: 0.49585465558915676 | Diff: -0.13942910027303368 | Rotation Strength: 0.4719378257510918
Target distance: 0.36949804323895546
Aligned, walking
=========================================
Target: [0.69   2.0975] | Position: [0.35684662 1.97215232]
Target angle: 0.3598627574943327 | Robot angle: 0.4622212389865794 | Diff: -0.10235848149224669 | Rotation Strength: 0.41377879832859965
Target distance: 0.35595394859223
Aligned, walking
=========================================
Target: [0.69   2.0975] | Position: [0.37225961 1.97945336]
Target angle: 0.3557154673602527 | Robot angle: 0.4338780101643014 | Diff: -0.07816254280404866 | Rotation Strength: 0.3769764036043922
Target distance: 0.33896012590274494
Aligned, walking
=========================================
Target: [0.69   2.0975] | Position: [0.39172542 1.98644745]
Target angle: 0.3564159295762166 | Robot angle: 0.4057272276489394 | Diff: -0.04931129807272283 | Rotation Strength: 0.33490688254705003
Target distance: 0.3182772303580229
Aligned, walking
=========================================
Target: [0.69   2.0975] | Position: [0.41348407 1.99417862]
Target angle: 0.3575904131524541 | Robot angle: 0.37914043259548347 | Diff: -0.021550019443029367 | Rotation Strength: 0.2967529422380799
Target distance: 0.29518869506225986
Aligned, walking
=========================================
Target: [0.69   2.0975] | Position: [0.43783988 2.00342557]
Target angle: 0.3570812120246112 | Robot angle: 0.3574877283566833 | Diff: -0.00040651633207211546 | Rotation Strength: 0.2694505500070469
Target distance: 0.269136996895615
Aligned, walking
=========================================
Target: [0.69   2.0975] | Position: [0.46384684 2.01172846]
Target angle: 0.36250291103483256 | Robot angle: 0.3414184214063978 | Diff: 0.021084489628434788 | Rotation Strength: 0.29613482800684443
Target distance: 0.24187188225904468
Aligned, walking
=========================================
Target: [0.69   2.0975] | Position: [0.49257384 2.02065072]
Target angle: 0.3712099847740564 | Robot angle: 0.33092549968596563 | Diff: 0.04028448508809079 | Rotation Strength: 0.3222303097621667
Target distance: 0.211855847368353
Aligned, walking
=========================================
Target: [0.69   2.0975] | Position: [0.52432242 2.03031538]
Target angle: 0.38525099324865497 | Robot angle: 0.32505797538205616 | Diff: 0.06019301786659881 | Rotation Strength: 0.3505097395923341
Target distance: 0.17878153036161995
Arrived to point
=========================================
Target: [0.785  2.1275] | Position: [0.55547243 2.04098442]
Target angle: 0.3604607044673558 | Robot angle: 0.32350193892627876 | Diff: 0.03695876554107702 | Rotation Strength: 0.31762385724695885
Target distance: 0.24529136014949418
Aligned, walking
=========================================
Target: [0.785  2.1275] | Position: [0.58874257 2.05170728]
Target angle: 0.3685450948084448 | Robot angle: 0.32167390656791683 | Diff: 0.04687118824052794 | Rotation Strength: 0.33145564422273177
Target distance: 0.21038420452111098
Aligned, walking
=========================================
Target: [0.785  2.1275] | Position: [0.62030873 2.06268237]
Target angle: 0.37495144125176605 | Robot angle: 0.3199345248833607 | Diff: 0.05501691636840533 | Rotation Strength: 0.343045553686388
Target distance: 0.1769874021709501
Arrived to point
=========================================
Target: [0.84   2.1475] | Position: [0.6517045  2.07285766]
Target angle: 0.3774082630474078 | Robot angle: 0.3205570916828382 | Diff: 0.05685117136456963 | Rotation Strength: 0.345681998244433
Target distance: 0.20255042002768583
Aligned, walking
=========================================
Target: [0.84   2.1475] | Position: [0.68228202 2.0831266 ]
Target angle: 0.3875167893565368 | Robot angle: 0.3201932664253109 | Diff: 0.0673235229312259 | Rotation Strength: 0.3609126590278712
Target distance: 0.17034933618643402
Arrived to point
=========================================
Target: [0.885  2.1625] | Position: [0.71212394 2.0926199 ]
Target angle: 0.3841397019556059 | Robot angle: 0.31934483179218187 | Diff: 0.064794870163424 | Rotation Strength: 0.3572079765814188
Target distance: 0.1864654381063033
Arrived to point
=========================================
Target: [0.95   2.1775] | Position: [0.74109599 2.1018713 ]
Target angle: 0.3473480599595602 | Robot angle: 0.31753828320241384 | Diff: 0.029809776757146356 | Rotation Strength: 0.3078425373446604
Target distance: 0.22217242295839693
Aligned, walking
=========================================
Target: [0.95   2.1775] | Position: [0.77005154 2.11168401]
Target angle: 0.3506357477685933 | Robot angle: 0.3168736582416831 | Diff: 0.03376208952691018 | Rotation Strength: 0.31322953529445574
Target distance: 0.19160686761070644
Arrived to point
=========================================
Target: [1.01   2.1975] | Position: [0.79569593 2.11972137]
Target angle: 0.3481521732459276 | Robot angle: 0.316537314900855 | Diff: 0.031614858345072605 | Rotation Strength: 0.310296487660367
Target distance: 0.2279819058897958
Aligned, walking
=========================================
Target: [1.01   2.1975] | Position: [0.82082029 2.12630538]
Target angle: 0.3599390465693806 | Robot angle: 0.31597553535288103 | Diff: 0.04396351121649955 | Rotation Strength: 0.3273666478484334
Target distance: 0.20213271764221702
Aligned, walking
=========================================
Target: [1.01   2.1975] | Position: [0.84447199 2.13390507]
Target angle: 0.36680700630122187 | Robot angle: 0.31191471597784304 | Diff: 0.054892290323378834 | Rotation Strength: 0.34286677247061115
Target distance: 0.17732410453450498
Arrived to point
=========================================
Target: [1.07   2.2075] | Position: [0.86428229 2.13923058]
Target angle: 0.32042370873398474 | Robot angle: 0.31314542156996916 | Diff: 0.007278287164015573 | Rotation Strength: 0.27814836156299005
Target distance: 0.21674982826240527
Aligned, walking
=========================================
Target: [1.07   2.2075] | Position: [0.88038321 2.14401863]
Target angle: 0.32305890674766635 | Robot angle: 0.3119338263211522 | Diff: 0.011125080426514167 | Rotation Strength: 0.28309200984075245
Target distance: 0.19996102296824994
Arrived to point
=========================================
Target: [1.115  2.2225] | Position: [0.89499118 2.1473367 ]
Target angle: 0.329205757392554 | Robot angle: 0.3093547584594205 | Diff: 0.019850998933133468 | Rotation Strength: 0.29450065497836164
Target distance: 0.23249387664937898
Aligned, walking
=========================================
Target: [1.115  2.2225] | Position: [0.9100368  2.15084964]
Target angle: 0.33629766557508667 | Robot angle: 0.3153503995644731 | Diff: 0.020947266010613586 | Rotation Strength: 0.2959527696640848
Target distance: 0.21712596958501215
Aligned, walking
=========================================
Target: [1.115  2.2225] | Position: [0.91984813 2.15249057]
Target angle: 0.344442633706568 | Robot angle: 0.31442212537323755 | Diff: 0.030020508333330476 | Rotation Strength: 0.30812846435312913
Target distance: 0.20732962460005566
Aligned, walking
=========================================
Target: [1.115  2.2225] | Position: [0.92735398 2.15328284]
Target angle: 0.353386422918641 | Robot angle: 0.31652804441040105 | Diff: 0.03685837850823992 | Rotation Strength: 0.3174853590688088
Target distance: 0.20000511215504885
Aligned, walking
=========================================
Target: [1.115  2.2225] | Position: [0.93378245 2.15444753]
Target angle: 0.3592344634868927 | Robot angle: 0.31802006056265375 | Diff: 0.041214402924238946 | Rotation Strength: 0.3235245927921341
Target distance: 0.19357412126396648
Arrived to point
=========================================
Target: [1.195  2.2375] | Position: [0.93739384 2.15489116]
Target angle: 0.31031860924757737 | Robot angle: 0.3204029750798165 | Diff: -0.01008436583223915 | Rotation Strength: 0.28174931432980554
Target distance: 0.2705275485775291
Aligned, walking
=========================================
Target: [1.195  2.2375] | Position: [0.94086282 2.15577417]
Target angle: 0.311136918943435 | Robot angle: 0.32030985207868623 | Diff: -0.009172933135251249 | Rotation Strength: 0.2805765984704335
Target distance: 0.2669547126327516
Aligned, walking
=========================================
Target: [1.195  2.2375] | Position: [0.94360395 2.15535251]
Target angle: 0.315827678401575 | Robot angle: 0.3218157236763455 | Diff: -0.0059880452747704815 | Rotation Strength: 0.2765021615825053
Target distance: 0.26447719257813546
Aligned, walking
=========================================
Target: [1.195  2.2375] | Position: [0.94690463 2.15546051]
Target angle: 0.3193581605929361 | Robot angle: 0.3229838110617429 | Diff: -0.003625650468806807 | Rotation Strength: 0.27350366974614604
Target distance: 0.26130784162753945
Aligned, walking
=========================================
Target: [1.195  2.2375] | Position: [0.95205498 2.15626101]
Target angle: 0.3227034967861866 | Robot angle: 0.32389074105613824 | Diff: -0.0011872442699516483 | Rotation Strength: 0.27043005258026365
Target distance: 0.25616802587882753
Aligned, walking
=========================================
Target: [1.195  2.2375] | Position: [0.9581198  2.15755969]
Target angle: 0.32547024984404294 | Robot angle: 0.3254314714796336 | Diff: 3.8778364409353117e-05 | Rotation Strength: 0.2689899618710906
Target distance: 0.25000536395691525
Aligned, walking
=========================================
Target: [1.195  2.2375] | Position: [0.96425749 2.15961473]
Target angle: 0.32553347750842665 | Robot angle: 0.3257415934959056 | Diff: -0.00020811598747894067 | Rotation Strength: 0.2692019937312241
Target distance: 0.2435327888608462
Aligned, walking
=========================================
Target: [1.195  2.2375] | Position: [0.97420393 2.16271666]
Target angle: 0.32657159920423684 | Robot angle: 0.32446575995220783 | Diff: 0.002105839252029007 | Rotation Strength: 0.2715853885102888
Target distance: 0.2331168199281673
Aligned, walking
=========================================
Target: [1.195  2.2375] | Position: [0.98857008 2.16744964]
Target angle: 0.327148631879262 | Robot angle: 0.3236277670739467 | Diff: 0.003520864805315327 | Rotation Strength: 0.27337114012894537
Target distance: 0.21799166580942037
Aligned, walking
=========================================
Target: [1.195  2.2375] | Position: [1.00600583 2.17308916]
Target angle: 0.32846314241687624 | Robot angle: 0.3226956174589972 | Diff: 0.005767524957879022 | Rotation Strength: 0.2762214061399364
Target distance: 0.19966860196500677
Arrived to point
=========================================
Target: [1.29   2.2625] | Position: [1.02339284 2.17889076]
Target angle: 0.3038909215230441 | Robot angle: 0.3221389110709034 | Diff: -0.018247989547859333 | Rotation Strength: 0.2923848020066019
Target distance: 0.27940987967326997
Aligned, walking
=========================================
Target: [1.29   2.2625] | Position: [1.04546681 2.18603822]
Target angle: 0.30305308875931525 | Robot angle: 0.3212688555266374 | Diff: -0.018215766767322172 | Rotation Strength: 0.29234236188834195
Target distance: 0.25620867716545176
Aligned, walking
=========================================
Target: [1.29   2.2625] | Position: [1.07411033 2.19578332]
Target angle: 0.2997217349234096 | Robot angle: 0.32071790587605964 | Diff: -0.02099617095265005 | Rotation Strength: 0.2960176457531879
Target distance: 0.22596341762264394
Aligned, walking
=========================================
Target: [1.29   2.2625] | Position: [1.10414393 2.20570185]
Target angle: 0.2965891027302541 | Robot angle: 0.31997271668602334 | Diff: -0.023383613955769267 | Rotation Strength: 0.2991947587674606
Target distance: 0.1943412167242788
Arrived to point
=========================================
Target: [1.34   2.2825] | Position: [1.13474309 2.21642789]
Target angle: 0.3114250966186862 | Robot angle: 0.32019344459447474 | Diff: -0.008768347975788515 | Rotation Strength: 0.2800569849292275
Target distance: 0.2156291348787025
Aligned, walking
=========================================
Target: [1.34   2.2825] | Position: [1.16717046 2.22797236]
Target angle: 0.30561520285408594 | Robot angle: 0.32070442270789634 | Diff: -0.015089219853810398 | Rotation Strength: 0.28824169595594773
Target distance: 0.1812272420140907
Arrived to point
=========================================
Target: [1.385  2.2925] | Position: [1.19954103 2.23897956]
Target angle: 0.28095051939101 | Robot angle: 0.3202319970939178 | Diff: -0.0392814777029078 | Rotation Strength: 0.3208373498600823
Target distance: 0.19302711027934955
Arrived to point
=========================================
Target: [1.47   2.3125] | Position: [1.23128233 2.2495306 ]
Target angle: 0.25790722851777925 | Robot angle: 0.320997004294882 | Diff: -0.06308977577710273 | Rotation Strength: 0.3547194442912096
Target distance: 0.24688311696596493
Aligned, walking
=========================================
Target: [1.47   2.3125] | Position: [1.2626043  2.26003329]
Target angle: 0.24778026512904283 | Robot angle: 0.3203635370751834 | Diff: -0.07258327194614056 | Rotation Strength: 0.36867145026035253
Target distance: 0.2139292658259316
Aligned, walking
=========================================
Target: [1.47   2.3125] | Position: [1.29155509 2.26993861]
Target angle: 0.234138292260492 | Robot angle: 0.31997068837584264 | Diff: -0.08583239611535065 | Rotation Strength: 0.3885113534438678
Target distance: 0.18345042188966393
Arrived to point
=========================================
Target: [1.54   2.3225] | Position: [1.32273497 2.28021436]
Target angle: 0.19222393237403956 | Robot angle: 0.3211450313729731 | Diff: -0.12892109899893356 | Rotation Strength: 0.45530393059241847
Target distance: 0.22134174643169152
Aligned, walking
=========================================
Target: [1.54   2.3225] | Position: [1.3758168  2.29788788]
Target angle: 0.14879846631621785 | Robot angle: 0.31945879400341326 | Diff: -0.1706603276871954 | Rotation Strength: 0.5216008937458602
Target distance: 0.16601770811189312
Arrived to point
=========================================
Target: [1.605  2.3325] | Position: [1.40021599 2.30555903]
Target angle: 0.13080676138503033 | Robot angle: 0.31909249751162116 | Diff: -0.18828573612659083 | Rotation Strength: 0.5495033488345467
Target distance: 0.20654855915839782
Aligned, walking
=========================================
Target: [1.605  2.3325] | Position: [1.42024503 2.31119501]
Target angle: 0.11480777505726625 | Robot angle: 0.3184010315868324 | Diff: -0.20359325652956617 | Rotation Strength: 0.5734925046853734
Target distance: 0.1859793022039295
Arrived to point
=========================================
Target: [1.66   2.3425] | Position: [1.438796   2.31604338]
Target angle: 0.11903735015928962 | Robot angle: 0.31456217833070443 | Diff: -0.1955248281714148 | Rotation Strength: 0.5608838080332614
Target distance: 0.22278052907537169
Aligned, walking
=========================================
Target: [1.66   2.3425] | Position: [1.45599401 2.32182207]
Target angle: 0.10101445409779064 | Robot angle: 0.3069158204715974 | Diff: -0.20590136637380674 | Rotation Strength: 0.5770826701698493
Target distance: 0.20505126791248837
Aligned, walking
=========================================
Target: [1.66   2.3425] | Position: [1.46701952 2.32465187]
Target angle: 0.0922243328789274 | Robot angle: 0.29918981531853195 | Diff: -0.20696548243960455 | Rotation Strength: 0.5787351427184679
Target distance: 0.19380408032888186
Arrived to point
=========================================
Target: [1.705  2.3475] | Position: [1.4797408  2.32787527]
Target angle: 0.0869012588271052 | Robot angle: 0.27949236565076596 | Diff: -0.19259110682366076 | Rotation Strength: 0.5562787742590339
Target distance: 0.22611244461771585
Aligned, walking
=========================================
Target: [1.705  2.3475] | Position: [1.48979217 2.3282145 ]
Target angle: 0.08937464615545831 | Robot angle: 0.2562758359931978 | Diff: -0.1669011898377395 | Rotation Strength: 0.5156264030889501
Target distance: 0.216070220585509
Aligned, walking
=========================================
Target: [1.705  2.3475] | Position: [1.49484116 2.32784515]
Target angle: 0.093252524272887 | Robot angle: 0.2327236711640004 | Diff: -0.1394711468911134 | Rotation Strength: 0.4720045347310058
Target distance: 0.21107594046622438
Aligned, walking
=========================================
Target: [1.705  2.3475] | Position: [1.49912253 2.32757188]
Target angle: 0.09649541703177533 | Robot angle: 0.2084951875106844 | Diff: -0.11199977047890908 | Rotation Strength: 0.42874158141506546
Target distance: 0.20683970734978352
Aligned, walking
=========================================
Target: [1.705  2.3475] | Position: [1.50065112 2.32639063]
Target angle: 0.10293554336226629 | Robot angle: 0.17979923314004465 | Diff: -0.07686368977777835 | Rotation Strength: 0.3750363453909883
Target distance: 0.2054362911170295
Aligned, walking
=========================================
Target: [1.705  2.3475] | Position: [1.50222153 2.32538253]
Target angle: 0.10864260392324443 | Robot angle: 0.1535662784401728 | Diff: -0.04492367451692836 | Rotation Strength: 0.32871404376291136
Target distance: 0.20398110468546957
Aligned, walking
=========================================
Target: [1.705  2.3475] | Position: [1.50331699 2.32315201]
Target angle: 0.1201426287940568 | Robot angle: 0.12191894060161346 | Diff: -0.001776311807556663 | Rotation Strength: 0.27117057914793885
Target distance: 0.20314739069389084
Aligned, walking
=========================================
Target: [1.705  2.3475] | Position: [1.50638254 2.32130132]
Target angle: 0.13114810315494418 | Robot angle: 0.09227701513135322 | Diff: 0.03887108802359096 | Rotation Strength: 0.3202683242903599
Target distance: 0.200337877337925
Aligned, walking
=========================================
Target: [1.705  2.3475] | Position: [1.51356994 2.31832367]
Target angle: 0.1512484912202141 | Robot angle: 0.06226573044663963 | Diff: 0.08898276077357448 | Rotation Strength: 0.3932865432848781
Target distance: 0.19364071536060104
Arrived to point
=========================================
Target: [1.755  2.3475] | Position: [1.52078857 2.31440037]
Target angle: 0.14039397042467705 | Robot angle: 0.030896247455056702 | Diff: 0.10949772296962035 | Rotation Strength: 0.4248448357674868
Target distance: 0.23653874690202084
Aligned, walking
=========================================
Target: [1.755  2.3475] | Position: [1.53634865 2.31105904]
Target angle: 0.1651445324197196 | Robot angle: 0.006485624686964897 | Diff: 0.1586589077327547 | Rotation Strength: 0.5025134731399871
Target distance: 0.22166721695627395
Aligned, walking
=========================================
Target: [1.755  2.3475] | Position: [1.5511167  2.30764898]
Target angle: 0.19302632151288046 | Robot angle: -0.014053658674179736 | Diff: 0.2070799801870602 | Rotation Strength: 0.5789128426287158
Target distance: 0.20774143553520819
Aligned, walking
=========================================
Target: [1.755  2.3475] | Position: [1.56834219 2.30267872]
Target angle: 0.23566355154757446 | Robot angle: -0.031049106629159606 | Diff: 0.26671265817673406 | Rotation Strength: 0.6677321096301382
Target distance: 0.1919637593589559
Arrived to point
=========================================
Target: [1.805  2.3675] | Position: [1.58984398 2.29982821]
Target angle: 0.3047279734923891 | Robot angle: -0.04681070997879955 | Diff: 0.35153868347118866 | Rotation Strength: 0.7752095537477842
Target distance: 0.22554730300251208
Aligned, walking
=========================================
Target: [1.805  2.3675] | Position: [1.61432773 2.29563002]
Target angle: 0.36046109997762876 | Robot angle: -0.05368933731407877 | Diff: 0.41415043729170753 | Rotation Strength: 0.8370667994351066
Target distance: 0.2037675301463778
Aligned, walking
=========================================
Target: [1.805  2.3675] | Position: [1.63990494 2.28964918]
Target angle: 0.4406309207729584 | Robot angle: -0.051051593727623246 | Diff: 0.49168251450058165 | Rotation Strength: 0.89379906757178
Target distance: 0.18252980061413593
Arrived to point
=========================================
Target: [1.83   2.3675] | Position: [1.66250406 2.28544272]
Target angle: 0.4555399201903372 | Robot angle: -0.046075644729576926 | Diff: 0.5016155649199141 | Rotation Strength: 0.8996538046908342
Target distance: 0.18651618714813797
Arrived to point
=========================================
Target: [1.875  2.3725] | Position: [1.68261551 2.28347922]
Target angle: 0.4333840800050539 | Robot angle: -0.025712355645923335 | Diff: 0.45909643565097724 | Rotation Strength: 0.8724390698401605
Target distance: 0.2119822891899027
Aligned, walking
=========================================
Target: [1.875  2.3725] | Position: [1.70113528 2.2825698 ]
Target angle: 0.4773461942493067 | Robot angle: 0.0049465033550606385 | Diff: 0.47239969089424605 | Rotation Strength: 0.8815707826949248
Target distance: 0.19574570646157455
Arrived to point
=========================================
Target: [1.915  2.3775] | Position: [1.71618935 2.28236244]
Target angle: 0.44632742975846895 | Robot angle: 0.039906207805969096 | Diff: 0.40642122195249986 | Rotation Strength: 0.830244047421296
Target distance: 0.22040152293758786
Aligned, walking
=========================================
Target: [1.915  2.3775] | Position: [1.72743417 2.28310385]
Target angle: 0.4662597224009648 | Robot angle: 0.08273080756218443 | Diff: 0.3835289148387804 | Rotation Strength: 0.8087055323127833
Target distance: 0.20997993270486073
Aligned, walking
=========================================
Target: [1.915  2.3775] | Position: [1.73647352 2.28339746]
Target angle: 0.485097223524654 | Robot angle: 0.12372157021112651 | Diff: 0.3613756533135275 | Rotation Strength: 0.7859340707904585
Target distance: 0.20180928977240623
Aligned, walking
=========================================
Target: [1.915  2.3775] | Position: [1.74167461 2.28318073]
Target angle: 0.498359705650663 | Robot angle: 0.16735328841593855 | Diff: 0.33100641723472446 | Rotation Strength: 0.7516165004086945
Target distance: 0.19732666963179885
Arrived to point
=========================================
Target: [1.965  2.3825] | Position: [1.74264212 2.28455714]
Target angle: 0.41490390739056826 | Robot angle: 0.21122313388107017 | Diff: 0.2036807735094981 | Rotation Strength: 0.573628777449682
Target distance: 0.24297290099028215
Aligned, walking
=========================================
Target: [1.965  2.3825] | Position: [1.74149395 2.28607594]
Target angle: 0.407292370449186 | Robot angle: 0.25765684781740283 | Diff: 0.14963552263178315 | Rotation Strength: 0.4881545477585145
Target distance: 0.24341847702560115
Aligned, walking
=========================================
Target: [1.965  2.3825] | Position: [1.73932928 2.28748732]
Target angle: 0.3984977074506655 | Robot angle: 0.3005602452122118 | Diff: 0.09793746223845368 | Rotation Strength: 0.40696873642464815
Target distance: 0.24485645656014818
Aligned, walking
=========================================
Target: [1.965  2.3825] | Position: [1.73674212 2.28905356]
Target angle: 0.3885746822862921 | Robot angle: 0.3433297184860664 | Diff: 0.04524496380022569 | Rotation Strength: 0.3291655400800666
Target distance: 0.2466452866549549
Aligned, walking
=========================================
Target: [1.965  2.3825] | Position: [1.73542216 2.29060835]
Target angle: 0.380733568587166 | Robot angle: 0.38400708917243254 | Diff: -0.0032735205852665317 | Rotation Strength: 0.2730584658535449
Target distance: 0.2472853835242125
Aligned, walking
=========================================
Target: [1.965  2.3825] | Position: [1.73467716 2.29189492]
Target angle: 0.3747890328638781 | Robot angle: 0.42372161658024066 | Diff: -0.048932583716362554 | Rotation Strength: 0.3343700666382342
Target distance: 0.24750331845771242
Aligned, walking
=========================================
Target: [1.965  2.3825] | Position: [1.73761726 2.29389788]
Target angle: 0.37156153339932185 | Robot angle: 0.45835588759097545 | Diff: -0.0867943541916536 | Rotation Strength: 0.3899672269469784
Target distance: 0.24403533657458934
Aligned, walking
=========================================
Target: [1.965  2.3825] | Position: [1.74653544 2.30032651]
Target angle: 0.3597706864331731 | Robot angle: 0.4907636913008888 | Diff: -0.1309930048677157 | Rotation Strength: 0.45857700288242953
Target distance: 0.23340789543239812
Aligned, walking
=========================================
Target: [1.965  2.3825] | Position: [1.75609707 2.30635964]
Target angle: 0.34951347117874 | Robot angle: 0.5132470277496708 | Diff: -0.1637335565709308 | Rotation Strength: 0.5105884655138442
Target distance: 0.22234610195025387
Aligned, walking
=========================================
Target: [1.965  2.3825] | Position: [1.76846304 2.31442137]
Target angle: 0.3334560415289549 | Robot angle: 0.5304577784232443 | Diff: -0.19700173689428935 | Rotation Strength: 0.5631981865833087
Target distance: 0.2079939357268036
Aligned, walking
=========================================
Target: [1.965  2.3825] | Position: [1.78319817 2.32422209]
Target angle: 0.3102084016980986 | Robot angle: 0.5427675439701778 | Diff: -0.2325591422720792 | Rotation Strength: 0.6178700631960186
Target distance: 0.1909141700329884
Arrived to point
=========================================
Target: [1.995  2.3825] | Position: [1.79674971 2.3353562 ]
Target angle: 0.2334632037223363 | Robot angle: 0.5473813330782047 | Diff: -0.3139181293558684 | Rotation Strength: 0.7307566487864613
Target distance: 0.20377859728741932
Aligned, walking
=========================================
Target: [1.995  2.3825] | Position: [1.81614724 2.34880138]
Target angle: 0.18623214233721308 | Robot angle: 0.543610516842838 | Diff: -0.35737837450562493 | Rotation Strength: 0.7816215993485686
Target distance: 0.18199974201216265
Arrived to point
=========================================
Target: [2.05   2.3975] | Position: [1.83604721 2.36113801]
Target angle: 0.16834477595890318 | Robot angle: 0.5335080557593184 | Diff: -0.3651632798004152 | Rotation Strength: 0.7899628734662968
Target distance: 0.2170207188172154
Aligned, walking
=========================================
Target: [2.05   2.3975] | Position: [1.85447123 2.37352635]
Target angle: 0.1220004139807993 | Robot angle: 0.516786414882545 | Diff: -0.39478600090174565 | Rotation Strength: 0.8195476429867667
Target distance: 0.1969929792895073
Arrived to point
=========================================
Target: [2.09   2.3975] | Position: [1.87218845 2.38474354]
Target angle: 0.058499684661025064 | Robot angle: 0.4938370794056537 | Diff: -0.4353373947446286 | Rotation Strength: 0.8546371461425198
Target distance: 0.2181847801213738
Aligned, walking
=========================================
Target: [2.09   2.3975] | Position: [1.8883396  2.39381639]
Target angle: 0.018264391060929253 | Robot angle: 0.4641868022028599 | Diff: -0.44592241114193065 | Rotation Strength: 0.8628103030793305
Target distance: 0.20169404026317306
Aligned, walking
=========================================
Target: [2.09   2.3975] | Position: [1.90444626 2.40052642]
Target angle: -0.01630873767108998 | Robot angle: 0.4259755908271048 | Diff: -0.44228432849819477 | Rotation Strength: 0.8600456878044755
Target distance: 0.18557841897661356
Arrived to point
=========================================
Target: [2.115  2.4025] | Position: [1.91572076 2.40375216]
Target angle: -0.006283354061873858 | Robot angle: 0.38529284044981527 | Diff: -0.3915761945116891 | Rotation Strength: 0.816505878153593
Target distance: 0.199283172445496
Arrived to point
=========================================
Target: [2.14   2.4075] | Position: [1.92487002 2.40605041]
Target angle: 0.006738102669148205 | Robot angle: 0.34658544875910957 | Diff: -0.33984734608996137 | Rotation Strength: 0.761974522000945
Target distance: 0.2151348670432835
Aligned, walking
=========================================
Target: [2.14   2.4075] | Position: [1.9338608  2.40780921]
Target angle: -0.0014999820227572513 | Robot angle: 0.304373696921584 | Diff: -0.30587367894434125 | Rotation Strength: 0.7205622615242182
Target distance: 0.20613943269366394
Aligned, walking
=========================================
Target: [2.14   2.4075] | Position: [1.9377234  2.40768453]
Target angle: -0.0009122751763994685 | Robot angle: 0.2602759368617784 | Diff: -0.2611882120381779 | Rotation Strength: 0.6598836576938731
Target distance: 0.2022766845723809
Aligned, walking
=========================================
Target: [2.14   2.4075] | Position: [1.94156979 2.40825504]
Target angle: -0.0038050671429332716 | Robot angle: 0.2209159753574843 | Diff: -0.22472104250041758 | Rotation Strength: 0.6060213721494432
Target distance: 0.19843164750896441
Arrived to point
=========================================
Target: [2.175  2.4075] | Position: [1.94059789 2.40663126]
Target angle: 0.0037061712828405646 | Robot angle: 0.17808677814172658 | Diff: -0.174380606858886 | Rotation Strength: 0.5275075530817438
Target distance: 0.23440371935452692
Aligned, walking
=========================================
Target: [2.175  2.4075] | Position: [1.93980071 2.40469193]
Target angle: 0.011938553269028152 | Robot angle: 0.1364533264559471 | Diff: -0.12451477318691895 | Rotation Strength: 0.44835625143902236
Target distance: 0.23521604751674507
Aligned, walking
=========================================
Target: [2.175  2.4075] | Position: [1.93771114 2.40230148]
Target angle: 0.021904487407073958 | Robot angle: 0.09792353487115335 | Diff: -0.07601904746407939 | Rotation Strength: 0.37377687400617865
Target distance: 0.2373457999268457
Aligned, walking
=========================================
Target: [2.175  2.4075] | Position: [1.93768575 2.40055477]
Target angle: 0.029257607551116838 | Robot angle: 0.06199125712620823 | Diff: -0.032733649575091395 | Rotation Strength: 0.3118228366036758
Target distance: 0.23741585798639353
Aligned, walking
=========================================
Target: [2.175  2.4075] | Position: [1.93903596 2.40003345]
Target angle: 0.031632208545019136 | Robot angle: 0.02943965505450441 | Diff: 0.002192553490514726 | Rotation Strength: 0.27169461056481214
Target distance: 0.2360821367770089
Aligned, walking
=========================================
Target: [2.175  2.4075] | Position: [1.94176656 2.39869811]
Target angle: 0.03772064023288113 | Robot angle: -0.001646276657253587 | Diff: 0.03936691689013472 | Rotation Strength: 0.3209558825825981
Target distance: 0.23339946576042944
Aligned, walking
=========================================
Target: [2.175  2.4075] | Position: [1.94554063 2.39613553]
Target angle: 0.0494867100338392 | Robot angle: -0.030309401074488207 | Diff: 0.0797961111083274 | Rotation Strength: 0.37942201897887873
Target distance: 0.2297406188487012
Aligned, walking
=========================================
Target: [2.175  2.4075] | Position: [1.95188284 2.39334168]
Target angle: 0.06337191328577063 | Robot angle: -0.05517864191448041 | Diff: 0.11855055520025104 | Rotation Strength: 0.4389846734027609
Target distance: 0.2235659259599274
Aligned, walking
=========================================
Target: [2.175  2.4075] | Position: [1.96529984 2.39034156]
Target angle: 0.08164179640908875 | Robot angle: -0.07488500080499749 | Diff: 0.15652679721408624 | Rotation Strength: 0.49912013593785487
Target distance: 0.21040097593366688
Aligned, walking
=========================================
Target: [2.175  2.4075] | Position: [1.97911117 2.38748276]
Target angle: 0.10183326924476788 | Robot angle: -0.08612829713669568 | Diff: 0.18796156638146355 | Rotation Strength: 0.5489924219809115
Target distance: 0.19690892354106268
Arrived to point
=========================================
Target: [2.2    2.4175] | Position: [1.99546822 2.38277444]
Target angle: 0.16817706281419875 | Robot angle: -0.09713879440138307 | Diff: 0.2653158572155818 | Rotation Strength: 0.6657562746848846
Target distance: 0.20745870026728
Aligned, walking
=========================================
Target: [2.2    2.4175] | Position: [2.01592837 2.37886905]
Target angle: 0.20686681028792542 | Robot angle: -0.10730476052667459 | Diff: 0.3141715708146 | Rotation Strength: 0.7310739807262794
Target distance: 0.18808167486545205
Arrived to point
=========================================
Target: [2.24   2.4225] | Position: [2.03905782 2.3739216 ]
Target angle: 0.23720197986496405 | Robot angle: -0.10652733558488814 | Diff: 0.3437293154498522 | Rotation Strength: 0.7664277146298639
Target distance: 0.20673079510117737
Aligned, walking
=========================================
Target: [2.24   2.4225] | Position: [2.06337262 2.3712362 ]
Target angle: 0.2824760393721495 | Robot angle: -0.09719754600064467 | Diff: 0.37967358537279416 | Rotation Strength: 0.8048797912615158
Target distance: 0.18391631150204132
Arrived to point
=========================================
Target: [2.28   2.4325] | Position: [2.08509513 2.36897042]
Target angle: 0.3150924490831546 | Robot angle: -0.07948715295648112 | Diff: 0.3945796020396357 | Rotation Strength: 0.8193532383976195
Target distance: 0.2049973520000764
Aligned, walking
=========================================
Target: [2.28   2.4325] | Position: [2.10649913 2.36604769]
Target angle: 0.3657732771992892 | Robot angle: -0.056556627776213286 | Diff: 0.4223299049755025 | Rotation Strength: 0.8440446542106401
Target distance: 0.18579144376602597
Arrived to point
=========================================
Target: [2.31   2.4475] | Position: [2.1257171  2.36494934]
Target angle: 0.4211529827024161 | Robot angle: -0.024345122607018155 | Diff: 0.44549810530943423 | Rotation Strength: 0.862490250369159
Target distance: 0.20192770551835687
Aligned, walking
=========================================
Target: [2.31   2.4475] | Position: [2.1423349  2.36475831]
Target angle: 0.4584291093479598 | Robot angle: 0.013560845757514262 | Diff: 0.4448682635904455 | Rotation Strength: 0.8620140054607467
Target distance: 0.18696997684908684
Arrived to point
=========================================
Target: [2.355  2.4525] | Position: [2.15642114 2.36414455]
Target angle: 0.4186371157238873 | Robot angle: 0.04987340275573082 | Diff: 0.36876371296815647 | Rotation Strength: 0.7937406986209522
Target distance: 0.21734822420813912
Aligned, walking
=========================================
Target: [2.355  2.4525] | Position: [2.16599338 2.3650517 ]
Target angle: 0.4333428579348677 | Robot angle: 0.09230365091385284 | Diff: 0.34103920702101487 | Rotation Strength: 0.7633479474979432
Target distance: 0.20825635190907665
Aligned, walking
=========================================
Target: [2.355  2.4525] | Position: [2.17497169 2.3666527 ]
Target angle: 0.44496032152759124 | Robot angle: 0.13453702988655625 | Diff: 0.310423291641035 | Rotation Strength: 0.7263567535868101
Target distance: 0.19944912392014358
Arrived to point
=========================================
Target: [2.41   2.4625] | Position: [2.17951167 2.368444  ]
Target angle: 0.38744621171833193 | Robot angle: 0.17828533204890773 | Diff: 0.2091608796694242 | Rotation Strength: 0.5821387826629845
Target distance: 0.24894055492998088
Aligned, walking
=========================================
Target: [2.41   2.4625] | Position: [2.18078299 2.36947044]
Target angle: 0.38554616126336727 | Robot angle: 0.2219446041474087 | Diff: 0.16360155711595858 | Rotation Strength: 0.5103784742149099
Target distance: 0.2473761058904625
Aligned, walking
=========================================
Target: [2.41   2.4625] | Position: [2.17993252 2.37093973]
Target angle: 0.37875632259730985 | Robot angle: 0.2644255244784848 | Diff: 0.11433079811882507 | Rotation Strength: 0.43237995490284875
Target distance: 0.24761730476096566
Aligned, walking
=========================================
Target: [2.41   2.4625] | Position: [2.17665362 2.3709174 ]
Target angle: 0.3740024505390447 | Robot angle: 0.3049216706190041 | Diff: 0.06908077992004058 | Rotation Strength: 0.3634969979857625
Target distance: 0.2506748995526049
Aligned, walking
=========================================
Target: [2.41   2.4625] | Position: [2.17561498 2.37102708]
Target angle: 0.3720884820564141 | Robot angle: 0.3429188387753035 | Diff: 0.029169643281110602 | Rotation Strength: 0.30697488920120075
Target distance: 0.2516021357884737
Aligned, walking
=========================================
Target: [2.41   2.4625] | Position: [2.17576319 2.3717441 ]
Target angle: 0.36964398112943897 | Robot angle: 0.3806780904803735 | Diff: -0.011034109350934518 | Rotation Strength: 0.282974487638746
Target distance: 0.2512041312638007
Aligned, walking
=========================================
Target: [2.41   2.4625] | Position: [2.17939457 2.37407596]
Target angle: 0.3661521265532608 | Robot angle: 0.41229022613097044 | Diff: -0.046138099577709646 | Rotation Strength: 0.3304222881294817
Target distance: 0.24697707259256446
Aligned, walking
=========================================
Target: [2.41   2.4625] | Position: [2.18425703 2.37719833]
Target angle: 0.3612851465529068 | Robot angle: 0.4411749001181322 | Diff: -0.07988975356522543 | Rotation Strength: 0.3795623982625047
Target distance: 0.2413219115045854
Aligned, walking
=========================================
Target: [2.41   2.4625] | Position: [2.19915778 2.38970033]
Target angle: 0.3324640401322023 | Robot angle: 0.49488775861137135 | Diff: -0.16242371847916903 | Rotation Strength: 0.5085045564200207
Target distance: 0.22305656734263235
Aligned, walking
=========================================
Target: [2.41   2.4625] | Position: [2.21334279 2.39907124]
Target angle: 0.31200041963835146 | Robot angle: 0.5050151851075424 | Diff: -0.19301476546919094 | Rotation Strength: 0.5569444039871136
Target distance: 0.20663316488357553
Aligned, walking
=========================================
Target: [2.41   2.4625] | Position: [2.22845072 2.40753732]
Target angle: 0.2939709482575612 | Robot angle: 0.5091544459000201 | Diff: -0.21518349764245892 | Rotation Strength: 0.5914349821097005
Target distance: 0.18968668772541372
Arrived to point
=========================================
Target: [2.435  2.4725] | Position: [2.24541231 2.41883933]
Target angle: 0.2758243455917393 | Robot angle: 0.5147624286349317 | Diff: -0.23893808304319242 | Rotation Strength: 0.6274112776086869
Target distance: 0.19703542450547734
Arrived to point
=========================================
Target: [2.455  2.4725] | Position: [2.26435366 2.43314832]
Target angle: 0.20355320523307174 | Robot angle: 0.5104708784986145 | Diff: -0.30691767326554276 | Rotation Strength: 0.7218985402675999
Target distance: 0.19466530692195774
Arrived to point
=========================================
Target: [2.485  2.4775] | Position: [2.28447366 2.44573843]
Target angle: 0.1570860694593592 | Robot angle: 0.4997173880893535 | Diff: -0.3426313186299943 | Rotation Strength: 0.7651740496176471
Target distance: 0.2030261302290399
Aligned, walking
=========================================
Target: [2.485  2.4775] | Position: [2.30388174 2.45736231]
Target angle: 0.11073050181482769 | Robot angle: 0.4818344832110566 | Diff: -0.3711039813962289 | Rotation Strength: 0.7961691729746798
Target distance: 0.1822343295941423
Arrived to point
=========================================
Target: [2.51   2.4825] | Position: [2.32282143 2.46831578]
Target angle: 0.07563451124864695 | Robot angle: 0.46275026913380346 | Diff: -0.3871157578851565 | Rotation Strength: 0.8122131795827761
Target distance: 0.18771523467268375
Arrived to point
=========================================
Target: [2.525  2.4825] | Position: [2.34109487 2.47702   ]
Target angle: 0.029789173894549492 | Robot angle: 0.43397186619022454 | Diff: -0.40418269229567505 | Rotation Strength: 0.8282260755400379
Target distance: 0.18398675887912064
Arrived to point
=========================================
Target: [2.55   2.4875] | Position: [2.35469825 2.48219434]
Target angle: 0.02715981835200898 | Robot angle: 0.39858692995198375 | Diff: -0.37142711159997477 | Rotation Strength: 0.7965028053860819
Target distance: 0.19537380532137463
Arrived to point
=========================================
Target: [2.57   2.4875] | Position: [2.36691897 2.48498772]
Target angle: 0.012370196263793432 | Robot angle: 0.35981101625543355 | Diff: -0.3474408199916401 | Rotation Strength: 0.7706308865199107
Target distance: 0.2030965708948108
Aligned, walking
=========================================
Target: [2.57   2.4875] | Position: [2.3741253 2.4868226]
Target angle: 0.003458338372393399 | Robot angle: 0.3227144138872382 | Diff: -0.3192560755148448 | Rotation Strength: 0.7373900810485481
Target distance: 0.19587586693598874
Arrived to point
=========================================
Target: [2.595  2.4875] | Position: [2.37610716 2.48570728]
Target angle: 0.008189749059678508 | Robot angle: 0.2830879295727473 | Diff: -0.2748981805130688 | Rotation Strength: 0.6791909384373304
Target distance: 0.2189001786944316
Aligned, walking
=========================================
Target: [2.595  2.4875] | Position: [2.37452265 2.48457291]
Target angle: 0.013275365035064102 | Robot angle: 0.24685033711140658 | Diff: -0.23357497207634248 | Rotation Strength: 0.6193957902845476
Target distance: 0.2204967782298202
Aligned, walking
=========================================
Target: [2.595  2.4875] | Position: [2.37142986 2.48217196]
Target angle: 0.02382711246656477 | Robot angle: 0.20609797004051478 | Diff: -0.18227085757395 | Rotation Strength: 0.540007369647781
Target distance: 0.2236336153151986
Aligned, walking
=========================================
Target: [2.595  2.4875] | Position: [2.36722058 2.47962213]
Target angle: 0.03457175253670597 | Robot angle: 0.16596213979879515 | Diff: -0.13139038726208918 | Rotation Strength: 0.4592051812793694
Target distance: 0.22791561155531154
Aligned, walking
=========================================
Target: [2.595  2.4875] | Position: [2.36392462 2.47722901]
Target angle: 0.04441943298512996 | Robot angle: 0.12697508300528915 | Diff: -0.08255565002015919 | Rotation Strength: 0.38356721698768037
Target distance: 0.23130353600179077
Aligned, walking
=========================================
Target: [2.595  2.4875] | Position: [2.3620517  2.47569689]
Target angle: 0.05062509203124588 | Robot angle: 0.08927318777133264 | Diff: -0.03864809574008676 | Rotation Strength: 0.3199593583651833
Target distance: 0.2332471286088095
Aligned, walking
=========================================
Target: [2.595  2.4875] | Position: [2.360556  2.4745187]
Target angle: 0.055314117682284 | Robot angle: 0.05435615938774596 | Diff: 0.0009579582945380416 | Rotation Strength: 0.27014215771516426
Target distance: 0.23480311253036734
Aligned, walking
=========================================
Target: [2.595  2.4875] | Position: [2.36848268 2.47365107]
Target angle: 0.06106248295590966 | Robot angle: 0.02165436790329478 | Diff: 0.03940811505261488 | Rotation Strength: 0.321013046461729
Target distance: 0.226940276882826
Aligned, walking
=========================================
Target: [2.595  2.4875] | Position: [2.37630268 2.47235441]
Target angle: 0.06914327226405259 | Robot angle: -0.008040028009160594 | Diff: 0.07718330027321318 | Rotation Strength: 0.3755133686598374
Target distance: 0.21922113550037728
Aligned, walking
=========================================
Target: [2.595  2.4875] | Position: [2.38782002 2.46988063]
Target angle: 0.08483964863248916 | Robot angle: -0.03282315616407283 | Diff: 0.11766280479656199 | Rotation Strength: 0.43759329840209715
Target distance: 0.20792784265768718
Aligned, walking
=========================================
Target: [2.595  2.4875] | Position: [2.40304827 2.46572633]
Target angle: 0.11295027340097086 | Robot angle: -0.05357052507192828 | Diff: 0.16652079847289913 | Rotation Strength: 0.5150215601645671
Target distance: 0.1931827129563743
Arrived to point
=========================================
Target: [2.615  2.4975] | Position: [2.42249379 2.46163457]
Target angle: 0.18419608544091037 | Robot angle: -0.07130281157032758 | Diff: 0.25549889701123796 | Rotation Strength: 0.6517082487996255
Target distance: 0.1958187191386838
Arrived to point
=========================================
Target: [2.635  2.4975] | Position: [2.44549057 2.45911312]
Target angle: 0.19985509571167315 | Robot angle: -0.08093834130288302 | Diff: 0.28079343701455617 | Rotation Strength: 0.6873128790485687
Target distance: 0.1933581593791211
Arrived to point
=========================================
Target: [2.66   2.5025] | Position: [2.46896407 2.45607114]
Target angle: 0.2384148907129635 | Robot angle: -0.0829514921216945 | Diff: 0.321366382834658 | Rotation Strength: 0.7399833339049815
Target distance: 0.19659696295227583
Arrived to point
=========================================
Target: [2.69   2.5075] | Position: [2.49311086 2.45091607]
Target angle: 0.27984802588696667 | Robot angle: -0.0776265747736824 | Diff: 0.35747460066064907 | Rotation Strength: 0.7817261446591915
Target distance: 0.20485867322731047
Aligned, walking
=========================================
Target: [2.69   2.5075] | Position: [2.51597855 2.44612178]
Target angle: 0.33908251844431714 | Robot angle: -0.06657322466922366 | Diff: 0.4056557431135408 | Rotation Strength: 0.829556119834757
Target distance: 0.1845284558621017
Arrived to point
=========================================
Target: [2.725  2.5075] | Position: [2.53600543 2.44254122]
Target angle: 0.33105770483487085 | Robot angle: -0.051048559541484906 | Diff: 0.38210626437635575 | Rotation Strength: 0.8073005070683081
Target distance: 0.19984642043241538
Arrived to point
=========================================
Target: [2.775  2.5175] | Position: [2.55608366 2.43857331]
Target angle: 0.34602785011372417 | Robot angle: -0.0272805939916827 | Diff: 0.37330844410540687 | Rotation Strength: 0.7984372072993269
Target distance: 0.23270965566303778
Aligned, walking
=========================================
Target: [2.775  2.5175] | Position: [2.57087202 2.43657767]
Target angle: 0.377424489301565 | Robot angle: 0.0068570967832584095 | Diff: 0.3705673925183066 | Rotation Strength: 0.7956142455355056
Target distance: 0.21958291342714284
Aligned, walking
=========================================
Target: [2.775  2.5175] | Position: [2.58149964 2.43560656]
Target angle: 0.4003629653464822 | Robot angle: 0.04163997274218767 | Diff: 0.3587229926042945 | Rotation Strength: 0.7830791946676355
Target distance: 0.21011645153170622
Aligned, walking
=========================================
Target: [2.775  2.5175] | Position: [2.5890254  2.43662351]
Target angle: 0.4102085952647765 | Robot angle: 0.08087951520372316 | Diff: 0.3293290800610533 | Rotation Strength: 0.7496176336348299
Target distance: 0.20279930440457133
Aligned, walking
=========================================
Target: [2.775  2.5175] | Position: [2.59627063 2.43692271]
Target angle: 0.42354729735051455 | Robot angle: 0.12117336313410032 | Diff: 0.30237393421641423 | Rotation Strength: 0.7160541520499465
Target distance: 0.1960532792715479
Arrived to point
=========================================
Target: [2.79   2.5225] | Position: [2.60004739 2.43660552]
Target angle: 0.424672812356103 | Robot angle: 0.16324448944611492 | Diff: 0.2614283229099881 | Rotation Strength: 0.6602266470229031
Target distance: 0.20847027360881337
Aligned, walking
=========================================
Target: [2.79   2.5225] | Position: [2.60236048 2.43650104]
Target angle: 0.42975132950325445 | Robot angle: 0.20989659479496448 | Diff: 0.21985473470828998 | Rotation Strength: 0.5986008536073583
Target distance: 0.20640835531473523
Aligned, walking
=========================================
Target: [2.79   2.5225] | Position: [2.60500185 2.43818733]
Target angle: 0.42762426155949385 | Robot angle: 0.2526640239929909 | Diff: 0.17496023756650292 | Rotation Strength: 0.528427177486805
Target distance: 0.20330504887314016
Aligned, walking
=========================================
Target: [2.79   2.5225] | Position: [2.606366   2.44031696]
Target angle: 0.42080393895284507 | Robot angle: 0.2970896676267234 | Diff: 0.12371427132612167 | Rotation Strength: 0.44709613935868975
Target distance: 0.20118523213359993
Aligned, walking
=========================================
Target: [2.79   2.5225] | Position: [2.60775773 2.44329059]
Target angle: 0.4100056817610622 | Robot angle: 0.3362426596436503 | Diff: 0.07376302211741192 | Rotation Strength: 0.3704212632705046
Target distance: 0.19871178764499164
Arrived to point
=========================================
Target: [2.805  2.5225] | Position: [2.61095328 2.44715187]
Target angle: 0.37037870002775364 | Robot angle: 0.3740104179045667 | Diff: -0.0036317178768130454 | Rotation Strength: 0.2735113448401879
Target distance: 0.20816212835759804
Aligned, walking
=========================================
Target: [2.805  2.5225] | Position: [2.61620776 2.45147132]
Target angle: 0.35984570617017875 | Robot angle: 0.4097734390175889 | Diff: -0.049927732847410145 | Rotation Strength: 0.3357815736014592
Target distance: 0.20171163974304257
Aligned, walking
=========================================
Target: [2.805  2.5225] | Position: [2.62283051 2.45554966]
Target angle: 0.3521939394010891 | Robot angle: 0.44249557755493374 | Diff: -0.09030163815384462 | Rotation Strength: 0.395291772401137
Target distance: 0.19408264023787122
Arrived to point
=========================================
Target: [2.82   2.5225] | Position: [2.63048231 2.4600671 ]
Target angle: 0.31823386887350624 | Robot angle: 0.4680643210624984 | Diff: -0.14983045218899216 | Rotation Strength: 0.48846461817752784
Target distance: 0.19953651640116388
Arrived to point
=========================================
Target: [2.825  2.5275] | Position: [2.63975389 2.46768433]
Target angle: 0.31232987080075914 | Robot angle: 0.4913502004055452 | Diff: -0.1790203296047861 | Rotation Strength: 0.5348630401376626
Target distance: 0.19466390097082412
Arrived to point
=========================================
Target: [2.84   2.5275] | Position: [2.64907295 2.47666696]
Target angle: 0.26020703834216086 | Robot angle: 0.5072165490171496 | Diff: -0.24700951067498877 | Rotation Strength: 0.6393424618568058
Target distance: 0.19757817412490447
Arrived to point
=========================================
Target: [2.865  2.5375] | Position: [2.65979787 2.48647683]
Target angle: 0.2437060960995412 | Robot angle: 0.517767718758007 | Diff: -0.2740616226584658 | Rotation Strength: 0.6780294143014565
Target distance: 0.2114504112403091
Aligned, walking
=========================================
Target: [2.865  2.5375] | Position: [2.67305627 2.49578705]
Target angle: 0.21399130958043378 | Robot angle: 0.5216213963070628 | Diff: -0.30763008672662906 | Rotation Strength: 0.7228081478627907
Target distance: 0.19642394643944092
Arrived to point
=========================================
Target: [2.88   2.5375] | Position: [2.68464847 2.50626099]
Target angle: 0.1585692289148133 | Robot angle: 0.5180679802174728 | Diff: -0.3594987513026595 | Rotation Strength: 0.7839169285072601
Target distance: 0.19783350565971833
Arrived to point
=========================================
Target: [2.905  2.5425] | Position: [2.69505706 2.51681567]
Target angle: 0.12173462541736102 | Robot angle: 0.5061112799541108 | Diff: -0.38437665453674974 | Rotation Strength: 0.8095390435573728
Target distance: 0.21150821037998518
Aligned, walking
=========================================
Target: [2.905  2.5425] | Position: [2.70433396 2.52752367]
Target angle: 0.07449500877865178 | Robot angle: 0.48950145285781543 | Diff: -0.41500644407916365 | Rotation Strength: 0.8378086714052223
Target distance: 0.2012241303520907
Aligned, walking
=========================================
Target: [2.905  2.5425] | Position: [2.71242785 2.53376454]
Target angle: 0.04533092823431906 | Robot angle: 0.4650491252083562 | Diff: -0.4197181969740371 | Rotation Strength: 0.8418434932504822
Target distance: 0.19277018109890925
Arrived to point
=========================================
Target: [2.92   2.5475] | Position: [2.71880444 2.53660203]
Target angle: 0.05411317823429851 | Robot angle: 0.4348988753311045 | Diff: -0.380785697096806 | Rotation Strength: 0.805989281745813
Target distance: 0.20149049099195895
Aligned, walking
=========================================
Target: [2.92   2.5475] | Position: [2.72519023 2.53878672]
Target angle: 0.04469734106285239 | Robot angle: 0.3970350430048102 | Diff: -0.3523377019419578 | Rotation Strength: 0.7760947211748705
Target distance: 0.19500452961335557
Arrived to point
=========================================
Target: [2.935  2.5475] | Position: [2.72945224 2.53984144]
Target angle: 0.037242043652898627 | Robot angle: 0.3543702978757759 | Diff: -0.31712825422287727 | Rotation Strength: 0.7347585054752765
Target distance: 0.20569038819582083
Aligned, walking
=========================================
Target: [2.935  2.5475] | Position: [2.73025955 2.54024721]
Target angle: 0.035409501869190674 | Robot angle: 0.3141538115702902 | Diff: -0.27874430970109954 | Rotation Strength: 0.6845024678013034
Target distance: 0.2048688724173539
Aligned, walking
=========================================
Target: [2.935  2.5475] | Position: [2.72790521 2.53827774]
Target angle: 0.04450218393177208 | Robot angle: 0.26983708233120396 | Diff: -0.22533489839943188 | Rotation Strength: 0.6069540393554023
Target distance: 0.2073000242867649
Aligned, walking
=========================================
Target: [2.935  2.5475] | Position: [2.72433605 2.53588731]
Target angle: 0.055068507306653025 | Robot angle: 0.22725321040222113 | Diff: -0.1721847030955681 | Rotation Strength: 0.5240219579478367
Target distance: 0.21098378091026865
Aligned, walking
=========================================
Target: [2.935  2.5475] | Position: [2.7250588  2.53463493]
Target angle: 0.061202866551758106 | Robot angle: 0.1889977108994776 | Diff: -0.12779484434771948 | Rotation Strength: 0.4535263416262303
Target distance: 0.21033500761299698
Aligned, walking
=========================================
Target: [2.935  2.5475] | Position: [2.724852   2.53272689]
Target angle: 0.07018313852095437 | Robot angle: 0.14846301680928553 | Diff: -0.07827987828833116 | Rotation Strength: 0.37715185953286123
Target distance: 0.2106666277920351
Aligned, walking
=========================================
Target: [2.935  2.5475] | Position: [2.72857894 2.53134848]
Target angle: 0.07808638604160567 | Robot angle: 0.11232828223597613 | Diff: -0.03424189619437046 | Rotation Strength: 0.313886993597817
Target distance: 0.20705199166599425
Aligned, walking
=========================================
Target: [2.935  2.5475] | Position: [2.73496856 2.52989648]
Target angle: 0.08777763336968025 | Robot angle: 0.07403195197042844 | Diff: 0.013745681399251808 | Rotation Strength: 0.286490111678916
Target distance: 0.2008045296083552
Aligned, walking
=========================================
Target: [2.935  2.5475] | Position: [2.74284275 2.52890616]
Target angle: 0.09646336400575395 | Robot angle: 0.04166390653710783 | Diff: 0.05479945746864612 | Rotation Strength: 0.34273362886482983
Target distance: 0.19305475505280956
Arrived to point
=========================================
Target: [2.945  2.5525] | Position: [2.75627754 2.52763786]
Target angle: 0.13098488194965885 | Robot angle: 0.013243132135675406 | Diff: 0.11774174981398344 | Rotation Strength: 0.4377169898318788
Target distance: 0.19035307238657653
Arrived to point
=========================================
Target: [2.95   2.5525] | Position: [2.77220311 2.52587977]
Target angle: 0.14861870489776052 | Robot angle: -0.010794081553985535 | Diff: 0.15941278645174606 | Rotation Strength: 0.5037132612900941
Target distance: 0.17977867542739356
Arrived to point
=========================================
Target: [2.965  2.5525] | Position: [2.79247503 2.52329023]
Target angle: 0.16771703659477133 | Robot angle: -0.027530396508050448 | Diff: 0.19524743310282178 | Rotation Strength: 0.5604488195112891
Target distance: 0.174980215851989
Arrived to point
=========================================
Target: [2.975  2.5525] | Position: [2.81585417 2.52006618]
Target angle: 0.2010461335060647 | Robot angle: -0.044898187391527955 | Diff: 0.24594432089759266 | Rotation Strength: 0.6377773529129491
Target distance: 0.1624172019869921
Arrived to point
=========================================
Target: [2.98   2.5525] | Position: [2.84085906 2.51594902]
Target angle: 0.2568863956575278 | Robot angle: -0.05484996073557946 | Diff: 0.31173635639310726 | Rotation Strength: 0.7280151084680748
Target distance: 0.14386165657769637
Arrived to point
=========================================
Target: [2.99   2.5525] | Position: [2.86706397 2.5113643 ]
Target angle: 0.3228996316457926 | Robot angle: -0.055789224569733786 | Diff: 0.3786888562155264 | Rotation Strength: 0.8038933763574996
Target distance: 0.12963569328359778
Arrived to point
=========================================
Target: [2.99   2.5475] | Position: [2.88937615 2.50478353]
Target angle: 0.40146094989128533 | Robot angle: -0.04956579807556949 | Diff: 0.4510267479668548 | Rotation Strength: 0.8666115693140239
Target distance: 0.10931539630918567
Arrived to point
=========================================
Target: [2.965  2.5125] | Position: [2.91245759 2.49864957]
Target angle: 0.25774160099956855 | Robot angle: -0.03597634323351517 | Diff: 0.2937179442330837 | Rotation Strength: 0.7047179203261749
Target distance: 0.054337278171869355
Arrived to point
=========================================
Target: [2.935  2.4825] | Position: [2.92776812 2.49239247]
Target angle: -0.9395348527237251 | Robot angle: -0.015220311093472993 | Diff: -0.9243145416302521 | Rotation Strength: 0.9924928889088617
Target distance: 0.012254025358737984
Arrived to point
=========================================
Target: [2.905  2.4375] | Position: [2.9423555  2.48822221]
Target angle: -2.205583289227127 | Robot angle: 0.009745209518373876 | Diff: -2.215328498745501 | Rotation Strength: 0.9999979613470453
Target distance: 0.06299345530883459
Arrived to point
=========================================
Target: [2.885  2.4075] | Position: [2.9513355  2.48525279]
Target angle: -2.277121583344502 | Robot angle: 0.039309316582261555 | Diff: -2.3164308999267638 | Rotation Strength: 0.9999989289361951
Target distance: 0.10220515802149843
Arrived to point
=========================================
Target: [2.855  2.3725] | Position: [2.95301976 2.48403626]
Target angle: -2.2917830647476123 | Robot angle: 0.07095142082942907 | Diff: -2.3627344855770414 | Rotation Strength: 0.9999992023817212
Target distance: 0.14848639791629142
Arrived to point
=========================================
Target: [2.805  2.3225] | Position: [2.95346193 2.48313172]
Target angle: -2.316842338647605 | Robot angle: 0.10592556279592014 | Diff: -2.422767901443525 | Rotation Strength: 0.9999994557298115
Target distance: 0.21873155758269974
Aligned, walking
=========================================
Target: [2.805  2.3225] | Position: [2.9510384  2.48340692]
Target angle: -2.307792034854618 | Robot angle: 0.14859769470767192 | Diff: -2.45638972956229 | Rotation Strength: 0.9999995606032811
Target distance: 0.21729760370429568
Aligned, walking
=========================================
Target: [2.805  2.3225] | Position: [2.94678562 2.48303515]
Target angle: -2.294255139681999 | Robot angle: 0.1926602344778252 | Diff: -2.486915374159824 | Rotation Strength: 0.9999996382076309
Target distance: 0.21418379114329386
Aligned, walking
=========================================
Target: [2.805  2.3225] | Position: [2.93136636 2.48183275]
Target angle: -2.2413140504448026 | Robot angle: 0.2749107528604955 | Diff: -2.516224803305298 | Rotation Strength: 0.9999996997903927
Target distance: 0.20336022551132496
Aligned, walking
=========================================
Target: [2.805  2.3225] | Position: [2.93136636 2.48183275]
Target angle: -2.2413140504448026 | Robot angle: 0.2749107528604955 | Diff: -2.516224803305298 | Rotation Strength: 0.9999996997903927
Target distance: 0.20336022551132496
Aligned, walking
=========================================
Target: [2.805  2.3225] | Position: [2.90940417 2.47568777]
Target angle: -2.1690278779030745 | Robot angle: 0.3366668542691018 | Diff: -2.5056947321721763 | Rotation Strength: 0.9999996789755091
Target distance: 0.18538264238644073
Arrived to point
=========================================
Target: [2.755  2.2925] | Position: [2.89748618 2.4708942 ]
Target angle: -2.24475343944672 | Robot angle: 0.35544931096137233 | Diff: -2.6002027504080925 | Rotation Strength: 0.9999998241096428
Target distance: 0.2283129517029498
Aligned, walking
=========================================
Target: [2.755  2.2925] | Position: [2.88389319 2.46625692]
Target angle: -2.2090298807159034 | Robot angle: 0.3638165239904487 | Diff: -2.572846404706352 | Rotation Strength: 0.9999997906480719
Target distance: 0.21634445480016082
Aligned, walking
=========================================
Target: [2.755  2.2925] | Position: [2.87217862 2.45951659]
Target angle: -2.1825944324405797 | Robot angle: 0.36822990079970364 | Diff: -2.5508243332402833 | Rotation Strength: 0.9999997591405587
Target distance: 0.20402296378689855
Aligned, walking
=========================================
Target: [2.755  2.2925] | Position: [2.86085512 2.45149134]
Target angle: -2.15819298078469 | Robot angle: 0.3660726352031003 | Diff: -2.5242656159877903 | Rotation Strength: 0.9999997147712376
Target distance: 0.19100668424767064
Arrived to point
=========================================
Target: [2.715  2.2575] | Position: [2.84998178 2.44468226]
Target angle: -2.1955597796886837 | Robot angle: 0.35498365363268203 | Diff: -2.5505434333213657 | Rotation Strength: 0.999999758709453
Target distance: 0.23077538964403965
Aligned, walking
=========================================
Target: [2.715  2.2575] | Position: [2.84159161 2.43737051]
Target angle: -2.1840634115811035 | Robot angle: 0.3374062334290553 | Diff: -2.521469645010159 | Rotation Strength: 0.9999997096487978
Target distance: 0.21995190111889257
Aligned, walking
=========================================
Target: [2.715  2.2575] | Position: [2.83394161 2.43113051]
Target angle: -2.171402544005884 | Robot angle: 0.312174444507046 | Diff: -2.48357698851293 | Rotation Strength: 0.999999630436235
Target distance: 0.21046297319804508
Aligned, walking
=========================================
Target: [2.715  2.2575] | Position: [2.829312   2.42723192]
Target angle: -2.163504896558371 | Robot angle: 0.2842070901710252 | Diff: -2.4477119867293964 | Rotation Strength: 0.9999995356461383
Target distance: 0.20463664847314048
Aligned, walking
=========================================
Target: [2.715  2.2575] | Position: [2.82516548 2.42392888]
Target angle: -2.1555176031760865 | Robot angle: 0.24372755034145488 | Diff: -2.3992451535175414 | Rotation Strength: 0.999999367806088
Target distance: 0.1995870842448656
Arrived to point
=========================================
Target: [2.635  2.2075] | Position: [2.82194492 2.42147551]
Target angle: -2.288875036531263 | Robot angle: 0.1988590799408505 | Diff: -2.4877341164721134 | Rotation Strength: 0.9999996400884857
Target distance: 0.28413715946326906
Aligned, walking
=========================================
Target: [2.635  2.2075] | Position: [2.81942075 2.41886257]
Target angle: -2.2882271935918177 | Robot angle: 0.1537273186701209 | Diff: -2.4419545122619386 | Rotation Strength: 0.9999995183103159
Target distance: 0.2805087311202082
Aligned, walking
=========================================
Target: [2.635  2.2075] | Position: [2.81848112 2.41812239]
Target angle: -2.2874346890252193 | Robot angle: 0.10134034183602836 | Diff: -2.3887750308612477 | Rotation Strength: 0.9999993242312056
Target distance: 0.27933333525855225
Aligned, walking
=========================================
Target: [2.635  2.2075] | Position: [2.8182775  2.41806709]
Target angle: -2.2870148065108395 | Robot angle: 0.05053696427136378 | Diff: -2.3375517707822033 | Rotation Strength: 0.9999990636885765
Target distance: 0.27915791843366017
Aligned, walking
=========================================
Target: [2.635  2.2075] | Position: [2.81799263 2.4186467 ]
Target angle: -2.2848838456095186 | Robot angle: 0.0009152886203556143 | Diff: -2.2857991342298742 | Rotation Strength: 0.9999986983144376
Target distance: 0.279408715693952
Aligned, walking
=========================================
Target: [2.635  2.2075] | Position: [2.81683208 2.41852816]
Target angle: -2.282014136289002 | Robot angle: -0.04787451102448115 | Diff: -2.234139625264521 | Rotation Strength: 0.9999981914342051
Target distance: 0.2785602071214321
Aligned, walking
=========================================
Target: [2.635  2.2075] | Position: [2.81712809 2.41685041]
Target angle: -2.28676905305187 | Robot angle: -0.09868912251985185 | Diff: -2.188079930532018 | Rotation Strength: 0.9999975751766893
Target distance: 0.2774855566786879
Aligned, walking
=========================================
Target: [2.635  2.2075] | Position: [2.81716439 2.41388661]
Target angle: -2.293935176002681 | Robot angle: -0.14926822771200943 | Diff: -2.1446669482906717 | Rotation Strength: 0.9999968032536819
Target distance: 0.2752803964894684
Aligned, walking
=========================================
Target: [2.635  2.2075] | Position: [2.81757696 2.41285216]
Target angle: -2.2975521089887923 | Robot angle: -0.1950949270612936 | Diff: -2.1024571819274986 | Rotation Strength: 0.9999958177547227
Target distance: 0.2747796552644415
Aligned, walking
=========================================
Target: [2.635  2.2075] | Position: [2.81701904 2.41217955]
Target angle: -2.297661511491787 | Robot angle: -0.2468252890310172 | Diff: -2.0508362224607697 | Rotation Strength: 0.9999941906083528
Target distance: 0.27390627690606967
Aligned, walking
=========================================
Target: [2.635  2.2075] | Position: [2.81708228 2.41262654]
Target angle: -2.296750834561684 | Robot angle: -0.29550214993159774 | Diff: -2.0012486846300863 | Rotation Strength: 0.9999920341968632
Target distance: 0.27428243409927827
Aligned, walking
=========================================
Target: [2.635  2.2075] | Position: [2.81643213 2.41282005]
Target angle: -2.2945074190715196 | Robot angle: -0.3461298659367529 | Diff: -1.9483775531347667 | Rotation Strength: 0.9999888466192203
Target distance: 0.27399624300534975
Aligned, walking
=========================================
Target: [2.635  2.2075] | Position: [2.81640406 2.41329345]
Target angle: -2.2932880739631174 | Robot angle: -0.39538224571039926 | Diff: -1.8979058282527181 | Rotation Strength: 0.9999846202545299
Target distance: 0.27433260572479157
Aligned, walking
=========================================
Target: [2.635  2.2075] | Position: [2.81483622 2.41164056]
Target angle: -2.2929824481916636 | Robot angle: -0.4445683132778204 | Diff: -1.8484141349138432 | Rotation Strength: 0.9999789243230585
Target distance: 0.2720559410466233
Aligned, walking
=========================================
Target: [2.635  2.2075] | Position: [2.81443492 2.40853077]
Target angle: -2.2994937193656044 | Robot angle: -0.4940465316262279 | Diff: -1.8054471877393765 | Rotation Strength: 0.999972293997824
Target distance: 0.26946291182836685
Aligned, walking
=========================================
Target: [2.635  2.2075] | Position: [2.81428946 2.40727943]
Target angle: -2.302193619339855 | Robot angle: -0.5438958698576926 | Diff: -1.7582977494821623 | Rotation Strength: 0.999962595088398
Target distance: 0.26843347553207964
Aligned, walking
=========================================
Target: [2.635  2.2075] | Position: [2.81391282 2.40606418]
Target angle: -2.304181689135283 | Robot angle: -0.5935020646770521 | Diff: -1.7106796244582307 | Rotation Strength: 0.9999493502053839
Target distance: 0.26727800559403897
Aligned, walking
=========================================
Target: [2.635  2.2075] | Position: [2.81313641 2.40737324]
Target angle: -2.298754383472136 | Robot angle: -0.6421578555230121 | Diff: -1.656596527949124 | Rotation Strength: 0.9999285342692638
Target distance: 0.2677347465926102
Aligned, walking
=========================================
Target: [2.635  2.2075] | Position: [2.81254888 2.40707807]
Target angle: -2.2978475844660795 | Robot angle: -0.6929590990918051 | Diff: -1.6048884853742744 | Rotation Strength: 0.9999006773334822
Target distance: 0.267123587578452
Aligned, walking
=========================================
Target: [2.635  2.2075] | Position: [2.8115503  2.40571106]
Target angle: -2.2984599158982224 | Robot angle: -0.741351439742016 | Diff: -1.5571084761562064 | Rotation Strength: 0.999865371991233
Target distance: 0.26543857242690533
Aligned, walking
=========================================
Target: [2.635  2.2075] | Position: [2.81056623 2.40321569]
Target angle: -2.3019776926783115 | Robot angle: -0.7900596248192135 | Diff: -1.511918067859098 | Rotation Strength: 0.9998205024278354
Target distance: 0.26292229664125616
Aligned, walking
=========================================
Target: [2.635  2.2075] | Position: [2.80931225 2.4021701 ]
Target angle: -2.301077396230791 | Robot angle: -0.8310269532597947 | Diff: -1.4700504429709964 | Rotation Strength: 0.9997656901377767
Target distance: 0.26130673265718657
Aligned, walking
=========================================
Target: [2.635  2.2075] | Position: [2.81006189 2.4010343 ]
Target angle: -2.3061208179331847 | Robot angle: -0.8804510822233258 | Diff: -1.4256697357098589 | Rotation Strength: 0.9996892140854281
Target distance: 0.2609639670679427
Aligned, walking
=========================================
Target: [2.635  2.2075] | Position: [2.81043962 2.40056965]
Target angle: -2.308389459685508 | Robot angle: -0.9300077130504327 | Diff: -1.3783817466350752 | Rotation Strength: 0.9995800902437005
Target distance: 0.2608734347591105
Aligned, walking
=========================================
Target: [2.635  2.2075] | Position: [2.81049518 2.39888312]
Target angle: -2.312915793348051 | Robot angle: -0.9807913608164367 | Diff: -1.3321244325316144 | Rotation Strength: 0.9994363805726079
Target distance: 0.2596652746781668
Aligned, walking
=========================================
Target: [2.635  2.2075] | Position: [2.80761766 2.39753619]
Target angle: -2.308200641555907 | Robot angle: -1.0291876787226126 | Diff: -1.2790129628332942 | Rotation Strength: 0.9992098121948431
Target distance: 0.25673062179998407
Aligned, walking
=========================================
Target: [2.635  2.2075] | Position: [2.80665316 2.39654522]
Target angle: -2.3080140655199126 | Robot angle: -1.08022429736506 | Diff: -1.2277897681548526 | Rotation Strength: 0.9989054889418291
Target distance: 0.25534859372377344
Aligned, walking
=========================================
Target: [2.635  2.2075] | Position: [2.80428106 2.39656442]
Target angle: -2.3010429841296953 | Robot angle: -1.1284921464973534 | Diff: -1.172550837632342 | Rotation Strength: 0.998444948686857
Target distance: 0.2537743717569174
Aligned, walking
=========================================
Target: [2.635  2.2075] | Position: [2.80274271 2.3975399 ]
Target angle: -2.293954479529135 | Robot angle: -1.17964219854339 | Diff: -1.1143122809857449 | Rotation Strength: 0.9977485622856782
Target distance: 0.2534813206357422
Aligned, walking
=========================================
Target: [2.635  2.2075] | Position: [2.80238257 2.39693964]
Target angle: -2.294457747076845 | Robot angle: -1.2292146778048971 | Diff: -1.065243069271948 | Rotation Strength: 0.9969255436648919
Target distance: 0.25279300467598986
Aligned, walking
=========================================
Target: [2.635  2.2075] | Position: [2.80218074 2.39570155]
Target angle: -2.2971134770614827 | Robot angle: -1.2760048316878099 | Diff: -1.0211086453736726 | Rotation Strength: 0.9959322107908806
Target distance: 0.2517324418841009
Aligned, walking
=========================================
Target: [2.635  2.2075] | Position: [2.80162298 2.39392235]
Target angle: -2.300171492983678 | Robot angle: -1.3269911954538383 | Diff: -0.97318029752984 | Rotation Strength: 0.9944888643657286
Target distance: 0.25003301900742647
Aligned, walking
=========================================
Target: [2.635  2.2075] | Position: [2.80034822 2.39336122]
Target angle: -2.297854046319758 | Robot angle: -1.375798022564094 | Diff: -0.9220560237556636 | Rotation Strength: 0.9923849985570007
Target distance: 0.24876580693254777
Aligned, walking
=========================================
Target: [2.635  2.2075] | Position: [2.79908418 2.39182744]
Target angle: -2.2981581515904 | Robot angle: -1.4270143077800277 | Diff: -0.8711438438103727 | Rotation Strength: 0.9895005137355661
Target distance: 0.24677970568593913
Aligned, walking
=========================================
Target: [2.635  2.2075] | Position: [2.79793741 2.3911319 ]
Target angle: -2.296552913046064 | Robot angle: -1.4768335559633976 | Diff: -0.8197193570826662 | Rotation Strength: 0.9854927823062326
Target distance: 0.2454980120829007
Aligned, walking
=========================================
Target: [2.635  2.2075] | Position: [2.79656616 2.39328868]
Target angle: -2.286572967213986 | Robot angle: -1.5270996352370045 | Diff: -0.7594733319769813 | Rotation Strength: 0.9788545311236552
Target distance: 0.24621343818671967
Aligned, walking
=========================================
Target: [2.635  2.2075] | Position: [2.79587395 2.39289191]
Target angle: -2.285505733340806 | Robot angle: -1.5740862398366315 | Diff: -0.7114194935041747 | Rotation Strength: 0.9715027680514954
Target distance: 0.24545995504211512
Aligned, walking
=========================================
Target: [2.635  2.2075] | Position: [2.79452329 2.39169221]
Target angle: -2.2845460157030923 | Robot angle: -1.6257929395658468 | Diff: -0.6587530761372458 | Rotation Strength: 0.9605984883693387
Target distance: 0.24366872729286496
Aligned, walking
=========================================
Target: [2.635  2.2075] | Position: [2.79297017 2.38979647]
Target angle: -2.2848240671794304 | Robot angle: -1.6747925764318656 | Diff: -0.6100314907475646 | Rotation Strength: 0.9470287976346937
Target distance: 0.2412189410529487
Aligned, walking
=========================================
Target: [2.635  2.2075] | Position: [2.79179987 2.38693913]
Target angle: -2.2889650950597233 | Robot angle: -1.7222765092145553 | Diff: -0.566688585845168 | Rotation Strength: 0.931352402143202
Target distance: 0.2382951977720956
Aligned, walking
=========================================
Target: [2.635  2.2075] | Position: [2.79105808 2.38536267]
Target angle: -2.2909883691052726 | Robot angle: -1.7693560569655509 | Diff: -0.5216323121397215 | Rotation Strength: 0.9105862735115089
Target distance: 0.23662048726308296
Aligned, walking
=========================================
Target: [2.635  2.2075] | Position: [2.7902945  2.38411633]
Target angle: -2.2920430132800194 | Robot angle: -1.8267437151929744 | Diff: -0.46529929808704473 | Rotation Strength: 0.8767694770621274
Target distance: 0.23518016417120827
Aligned, walking
=========================================
Target: [2.635  2.2075] | Position: [2.78937234 2.38233094]
Target angle: -2.294128519176286 | Robot angle: -1.8636175709403289 | Diff: -0.43051094823595726 | Rotation Strength: 0.8507782188298322
Target distance: 0.2332309551876264
Aligned, walking
=========================================
Target: [2.635  2.2075] | Position: [2.78608328 2.37974264]
Target angle: -2.2908448757209943 | Robot angle: -1.9086006819479657 | Diff: -0.38224419377302876 | Rotation Strength: 0.8074370708567622
Target distance: 0.2291150033942637
Aligned, walking
=========================================
Target: [2.635  2.2075] | Position: [2.78249956 2.37696449]
Target angle: -2.2870072386130356 | Robot angle: -1.955469743816861 | Diff: -0.33153749479617467 | Rotation Strength: 0.7522471489733598
Target distance: 0.22466493280262292
Aligned, walking
=========================================
Target: [2.635  2.2075] | Position: [2.77976695 2.37183383]
Target angle: -2.29297626879794 | Robot angle: -1.9978071941622355 | Diff: -0.2951690746357043 | Rotation Strength: 0.7066366567329172
Target distance: 0.21900474082874175
Aligned, walking
=========================================
Target: [2.635  2.2075] | Position: [2.77629249 2.36732741]
Target angle: -2.294718782272172 | Robot angle: -2.042302745652532 | Diff: -0.25241603661963996 | Rotation Strength: 0.6472402667319521
Target distance: 0.21332690421816422
Aligned, walking
=========================================
Target: [2.635  2.2075] | Position: [2.77229089 2.36174885]
Target angle: -2.298093077555414 | Robot angle: -2.0825916624294685 | Diff: -0.21550141512594534 | Rotation Strength: 0.5919239521069948
Target distance: 0.20649817195058026
Aligned, walking
=========================================
Target: [2.635  2.2075] | Position: [2.76886015 2.35772093]
Target angle: -2.2986661157345893 | Robot angle: -2.1224803027888735 | Diff: -0.1761858129457159 | Rotation Strength: 0.5303709952552036
Target distance: 0.2012085183256551
Aligned, walking
=========================================
Target: [2.635  2.2075] | Position: [2.76206208 2.34660072]
Target angle: -2.3109949303602613 | Robot angle: -2.1586319348912166 | Diff: -0.15236299546904464 | Rotation Strength: 0.49249380270367304
Target distance: 0.1883979372414325
Arrived to point
=========================================
Target: [2.58   2.1575] | Position: [2.75449994 2.33687777]
Target angle: -2.3424114179089126 | Robot angle: -2.194359672695674 | Diff: -0.14805174521323883 | Rotation Strength: 0.48563562463535326
Target distance: 0.25025310201309653
Aligned, walking
=========================================
Target: [2.58   2.1575] | Position: [2.74448871 2.32537778]
Target angle: -2.345998034435901 | Robot angle: -2.2250125215833814 | Diff: -0.12098551285251968 | Rotation Strength: 0.44280585674001083
Target distance: 0.23503081626448977
Aligned, walking
=========================================
Target: [2.58   2.1575] | Position: [2.73286324 2.31138485]
Target angle: -2.352864029492924 | Robot angle: -2.2517440309419143 | Diff: -0.10111999855100962 | Rotation Strength: 0.4118676142272776
Target distance: 0.21690485792795763
Aligned, walking
=========================================
Target: [2.58   2.1575] | Position: [2.71854357 2.29528002]
Target angle: -2.3589577281976326 | Robot angle: -2.2764445504821986 | Diff: -0.08251317771543398 | Rotation Strength: 0.3835032877559854
Target distance: 0.19539102611799108
Arrived to point
=========================================
Target: [2.545  2.1225] | Position: [2.70156207 2.27633989]
Target angle: -2.3649641038436036 | Robot angle: -2.2994697095976058 | Diff: -0.06549439424599779 | Rotation Strength: 0.35823115166786323
Target distance: 0.21949576789628866
Aligned, walking
=========================================
Target: [2.545  2.1225] | Position: [2.6836868  2.25687079]
Target angle: -2.371999422985096 | Robot angle: -2.320018669270646 | Diff: -0.05198075371444988 | Rotation Strength: 0.3387028201286407
Target distance: 0.19310499326100547
Arrived to point
=========================================
Target: [2.495  2.0675] | Position: [2.66350772 2.23675256]
Target angle: -2.3539892757852017 | Robot angle: -2.338530746752919 | Diff: -0.01545852903228262 | Rotation Strength: 0.2887242829849336
Target distance: 0.23883316450846917
Aligned, walking
=========================================
Target: [2.495  2.0675] | Position: [2.64132535 2.21720845]
Target angle: -2.3447669242456897 | Robot angle: -2.3599057902685305 | Diff: 0.015138866022840869 | Rotation Strength: 0.28830654211772533
Target distance: 0.2093411770817666
Aligned, walking
=========================================
Target: [2.495  2.0675] | Position: [2.61867686 2.19655597]
Target angle: -2.3349139197544844 | Robot angle: -2.3747626479595083 | Diff: 0.03984872820502394 | Rotation Strength: 0.32162474790601403
Target distance: 0.17874956494779162
Arrived to point
=========================================
Target: [2.45   2.0175] | Position: [2.59491699 2.17519153]
Target angle: -2.314004784660857 | Robot angle: -2.382899898179351 | Diff: 0.06889511351849409 | Rotation Strength: 0.36322356896197494
Target distance: 0.21416711463614108
Aligned, walking
=========================================
Target: [2.45   2.0175] | Position: [2.57093016 2.1548595 ]
Target angle: -2.2926718609738925 | Robot angle: -2.391865441543182 | Diff: 0.09919358056928962 | Rotation Strength: 0.4089001274447699
Target distance: 0.18300747292936617
Arrived to point
=========================================
Target: [2.405  1.9675] | Position: [2.54537019 2.13277175]
Target angle: -2.27490107491448 | Robot angle: -2.3943035107158503 | Diff: 0.11940243580137055 | Rotation Strength: 0.44032073229777735
Target distance: 0.21683759669295818
Aligned, walking
=========================================
Target: [2.405  1.9675] | Position: [2.51867547 2.11111147]
Target angle: -2.2403627306030285 | Robot angle: -2.3920240317772907 | Diff: 0.15166130117426224 | Rotation Strength: 0.49137731253313877
Target distance: 0.18315667457095267
Arrived to point
=========================================
Target: [2.32   1.8925] | Position: [2.49365071 2.08844353]
Target angle: -2.29595046482755 | Robot angle: -2.388778947026063 | Diff: 0.09282848219851303 | Rotation Strength: 0.3991434059914325
Target distance: 0.2618175602868079
Aligned, walking
=========================================
Target: [2.32   1.8925] | Position: [2.46881317 2.06667336]
Target angle: -2.277837463829115 | Robot angle: -2.3853132465001106 | Diff: 0.10747578267099556 | Rotation Strength: 0.42170260632940104
Target distance: 0.22908889024394652
Aligned, walking
=========================================
Target: [2.32   1.8925] | Position: [2.44372005 2.0437064 ]
Target angle: -2.2565484857075035 | Robot angle: -2.381152394534894 | Diff: 0.12460390882739025 | Rotation Strength: 0.4484966058799378
Target distance: 0.19537151096258806
Arrived to point
=========================================
Target: [2.215  1.8225] | Position: [2.39861333 2.00235142]
Target angle: -2.3665442602814823 | Robot angle: -2.3666508298635742 | Diff: 0.0001065695820918755 | Rotation Strength: 0.2690748322742865
Target distance: 0.2570221514244752
Aligned, walking
=========================================
Target: [2.215  1.8225] | Position: [2.37636513 1.98076306]
Target angle: -2.3658994324464997 | Robot angle: -2.356113703099481 | Diff: -0.009785729347018712 | Rotation Strength: 0.28136473883380697
Target distance: 0.2260219007268262
Aligned, walking
=========================================
Target: [2.215  1.8225] | Position: [2.35679524 1.96092393]
Target angle: -2.3682248815053812 | Robot angle: -2.34148539617282 | Diff: -0.02673948533256132 | Rotation Strength: 0.30369346161836575
Target distance: 0.19815921391604482
Arrived to point
=========================================
Target: [2.14   1.7675] | Position: [2.33907413 1.94219416]
Target angle: -2.4213297215063347 | Robot angle: -2.3271698041701887 | Diff: -0.09415991733614604 | Rotation Strength: 0.40117795779893717
Target distance: 0.26485572853229117
Aligned, walking
=========================================
Target: [2.14   1.7675] | Position: [2.32082613 1.92234206]
Target angle: -2.433450429938809 | Robot angle: -2.3135091384786546 | Diff: -0.11994129146015453 | Rotation Strength: 0.44116630201324625
Target distance: 0.2380633385578224
Aligned, walking
=========================================
Target: [2.14   1.7675] | Position: [2.30452911 1.90203835]
Target angle: -2.4561412664999893 | Robot angle: -2.298733998032353 | Diff: -0.1574072684676362 | Rotation Strength: 0.5005214483631248
Target distance: 0.21253328579747655
Aligned, walking
=========================================
Target: [2.14   1.7675] | Position: [2.28702695 1.88184724]
Target angle: -2.4805793938279077 | Robot angle: -2.28642732357755 | Diff: -0.19415207025035786 | Rotation Strength: 0.5587302587723995
Target distance: 0.18625846465062673
Arrived to point
=========================================
Target: [2.085  1.7125] | Position: [2.2674213  1.86363695]
Target angle: -2.4497106704571765 | Robot angle: -2.2832715152097083 | Diff: -0.16643915524746822 | Rotation Strength: 0.5148917372066455
Target distance: 0.2368964079608406
Aligned, walking
=========================================
Target: [2.085  1.7125] | Position: [2.24887041 1.84215923]
Target angle: -2.472222014318133 | Robot angle: -2.2818961555348416 | Diff: -0.19032585878329122 | Rotation Strength: 0.552716366220396
Target distance: 0.2089617824877525
Aligned, walking
=========================================
Target: [2.085  1.7125] | Position: [2.23089357 1.82156132]
Target angle: -2.49966760184772 | Robot angle: -2.2839566929907624 | Diff: -0.21571090885695776 | Rotation Strength: 0.592246062597106
Target distance: 0.18215187445547357
Arrived to point
=========================================
Target: [2.045  1.6725] | Position: [2.2124406  1.80208165]
Target angle: -2.482972525737367 | Robot angle: -2.291529957287279 | Diff: -0.19144256845008822 | Rotation Strength: 0.554473242469362
Target distance: 0.21172566662281495
Aligned, walking
=========================================
Target: [2.045  1.6725] | Position: [2.19434793 1.78381862]
Target angle: -2.5010649899507236 | Robot angle: -2.3041742951973103 | Diff: -0.19689069475341325 | Rotation Strength: 0.5630242731957342
Target distance: 0.18627033602876858
Arrived to point
=========================================
Target: [2.02   1.6375] | Position: [2.1764683 1.7675594]
Target angle: -2.448103560315258 | Robot angle: -2.329397904008359 | Diff: -0.11870565630689889 | Rotation Strength: 0.4392278631344547
Target distance: 0.2034644373372866
Aligned, walking
=========================================
Target: [2.02   1.6375] | Position: [2.15894191 1.75200498]
Target angle: -2.4523157307725714 | Robot angle: -2.3546581460586538 | Diff: -0.09765758471391761 | Rotation Strength: 0.40653878965842305
Target distance: 0.18004511782051932
Arrived to point
=========================================
Target: [1.975  1.5775] | Position: [2.13992659 1.7368082 ]
Target angle: -2.373520918366841 | Robot angle: -2.3874183259995734 | Diff: 0.013897407632732506 | Rotation Strength: 0.2866875993435837
Target distance: 0.22930303982522257
Aligned, walking
=========================================
Target: [1.975  1.5775] | Position: [2.12209236 1.72880605]
Target angle: -2.3420744060455863 | Robot angle: -2.428778035067177 | Diff: 0.08670362902159079 | Rotation Strength: 0.389829834904432
Target distance: 0.21102057585566747
Aligned, walking
=========================================
Target: [1.975  1.5775] | Position: [2.10414453 1.72034073]
Target angle: -2.305880600484051 | Robot angle: -2.4653532137389558 | Diff: 0.1594726132549047 | Rotation Strength: 0.5038084732172656
Target distance: 0.19256631306120614
Arrived to point
=========================================
Target: [1.94   1.5375] | Position: [2.0863419  1.71485879]
Target angle: -2.26066649440133 | Robot angle: -2.502474937239926 | Diff: 0.24180844283859582 | Rotation Strength: 0.6316729147867741
Target distance: 0.229939322449221
Aligned, walking
=========================================
Target: [1.94   1.5375] | Position: [2.07022432 1.71418578]
Target angle: -2.2059507138760246 | Robot angle: -2.541003544893976 | Diff: 0.33505283101795147 | Rotation Strength: 0.7563944296566212
Target distance: 0.21949086361117007
Aligned, walking
=========================================
Target: [1.94   1.5375] | Position: [2.05468913 1.71433131]
Target angle: -2.1461721657857793 | Robot angle: -2.571421538825503 | Diff: 0.42524937303972354 | Rotation Strength: 0.8464755644058849
Target distance: 0.21076743070873666
Aligned, walking
=========================================
Target: [1.94   1.5375] | Position: [2.03922903 1.71637899]
Target angle: -2.077261582679418 | Robot angle: -2.597465401018101 | Diff: 0.520203818338683 | Rotation Strength: 0.9098430739898808
Target distance: 0.20455829261897682
Aligned, walking
=========================================
Target: [1.94   1.5375] | Position: [2.02430841 1.72136786]
Target angle: -2.000718799063048 | Robot angle: -2.6197617724378697 | Diff: 0.6190429733748215 | Rotation Strength: 0.9498340115248596
Target distance: 0.20227530332016883
Aligned, walking
=========================================
Target: [1.94   1.5375] | Position: [2.0074785  1.72741474]
Target angle: -1.912193285043582 | Robot angle: -2.6360840792942914 | Diff: 0.7238907942507096 | Rotation Strength: 0.9736204363707731
Target distance: 0.20154641121408143
Aligned, walking
=========================================
Target: [1.94   1.5375] | Position: [1.99060342 1.73302119]
Target angle: -1.824052188300522 | Robot angle: -2.6417472470424013 | Diff: 0.8176950587418794 | Rotation Strength: 0.9853073813770611
Target distance: 0.20196346812452987
Aligned, walking
=========================================
Target: [1.94   1.5375] | Position: [1.97535764 1.73722014]
Target angle: -1.7460167304597731 | Robot angle: -2.6398846674221192 | Diff: 0.8938679369623461 | Rotation Strength: 0.9909018106356902
Target distance: 0.20282577612828878
Aligned, walking
=========================================
Target: [1.94   1.5375] | Position: [1.96285849 1.74128553]
Target angle: -1.682498779247011 | Robot angle: -2.6304555834629433 | Diff: 0.9479568042159325 | Rotation Strength: 0.9935350910226259
Target distance: 0.20506353757868545
Aligned, walking
=========================================
Target: [1.94   1.5375] | Position: [1.95301549 1.74443537]
Target angle: -1.6336099826656196 | Robot angle: -2.6121295638370103 | Diff: 0.9785195811713905 | Rotation Strength: 0.9946720637480868
Target distance: 0.20734427767401487
Aligned, walking
=========================================
Target: [1.94   1.5375] | Position: [1.94573853 1.74637847]
Target angle: -1.5982624929190163 | Robot angle: -2.5843752583901978 | Diff: 0.9861127654711819 | Rotation Strength: 0.994922212107675
Target distance: 0.20895728605639646
Aligned, walking
=========================================
Target: [1.94   1.5375] | Position: [1.93997088 1.7481679 ]
Target angle: -1.5706581056162232 | Robot angle: -2.5537043833871986 | Diff: 0.9830462777709759 | Rotation Strength: 0.9948226285639252
Target distance: 0.21066790454232648
Aligned, walking
=========================================
Target: [1.94   1.5375] | Position: [1.93629152 1.74902403]
Target angle: -1.5532659276853271 | Robot angle: -2.5172462314544988 | Diff: 0.9639803037691719 | Rotation Strength: 0.9941583848851266
Target distance: 0.21155653873175254
Aligned, walking
=========================================
Target: [1.94   1.5375] | Position: [1.93439275 1.74915035]
Target angle: -1.5443095279839558 | Robot angle: -2.474082955606869 | Diff: 0.929773427622913 | Rotation Strength: 0.9927474378194432
Target distance: 0.21172461217340238
Aligned, walking
=========================================
Target: [1.94   1.5375] | Position: [1.93357106 1.74830821]
Target angle: -1.5403091334336994 | Robot angle: -2.4264286575859324 | Diff: 0.8861195241522335 | Rotation Strength: 0.9904461577025111
Target distance: 0.21090621554876968
Aligned, walking
=========================================
Target: [1.94   1.5375] | Position: [1.93513806 1.7475697 ]
Target angle: -1.5476560353115398 | Robot angle: -2.373820741483009 | Diff: 0.8261647061714692 | Rotation Strength: 0.9860678750748488
Target distance: 0.21012595885620144
Aligned, walking
=========================================
Target: [1.94   1.5375] | Position: [1.93597754 1.74712819]
Target angle: -1.5516101454640747 | Robot angle: -2.3253034885980646 | Diff: 0.7736933431339899 | Rotation Strength: 0.9806492713670907
Target distance: 0.20966677611548504
Aligned, walking
=========================================
Target: [1.94   1.5375] | Position: [1.93646401 1.74468986]
Target angle: -1.55373158179023 | Robot angle: -2.277842063434527 | Diff: 0.7241104816442974 | Rotation Strength: 0.9736563331016067
Target distance: 0.20722003229228153
Aligned, walking
=========================================
Target: [1.94   1.5375] | Position: [1.9371945  1.74420546]
Target angle: -1.5572247256919711 | Robot angle: -2.226686885595 | Diff: 0.6694621599030288 | Rotation Strength: 0.963099388057501
Target distance: 0.20672449877639054
Aligned, walking
=========================================
Target: [1.94   1.5375] | Position: [1.93567158 1.74353914]
Target angle: -1.549791669002352 | Robot angle: -2.177796090167698 | Diff: 0.6280044211653459 | Rotation Strength: 0.9524837059993653
Target distance: 0.20608460151767652
Aligned, walking
=========================================
Target: [1.94   1.5375] | Position: [1.93492112 1.74223751]
Target angle: -1.5459946412529497 | Robot angle: -2.1312400780669596 | Diff: 0.5852454368140099 | Rotation Strength: 0.9385313036484474
Target distance: 0.2048004986066368
Aligned, walking
=========================================
Target: [1.94   1.5375] | Position: [1.93545531 1.74108421]
Target angle: -1.5484766507925118 | Robot angle: -2.0810505850075343 | Diff: 0.5325739342150224 | Rotation Strength: 0.9160977750178686
Target distance: 0.2036349341485328
Aligned, walking
=========================================
Target: [1.94   1.5375] | Position: [1.93646906 1.73910784]
Target angle: -1.5532842206021245 | Robot angle: -2.033554344966799 | Diff: 0.480270124364675 | Rotation Strength: 0.8867027159041716
Target distance: 0.20163876225257532
Aligned, walking
=========================================
Target: [1.94   1.5375] | Position: [1.93608592 1.73636257]
Target angle: -1.551116545721617 | Robot angle: -1.9865223741607736 | Diff: 0.43540582843915665 | Rotation Strength: 0.8546912612112857
Target distance: 0.19890108895785819
Arrived to point
=========================================
Target: [1.865  1.4475] | Position: [1.93513643 1.73338287]
Target angle: -1.8113774781672232 | Robot angle: -1.9402308218676614 | Diff: 0.12885334370043822 | Rotation Strength: 0.45519695846149233
Target distance: 0.2943605502707949
Aligned, walking
=========================================
Target: [1.865  1.4475] | Position: [1.93353849 1.73102734]
Target angle: -1.80798119434275 | Robot angle: -1.8969375848255552 | Diff: 0.08895639048280524 | Rotation Strength: 0.393246486141531
Target distance: 0.2916938044050513
Aligned, walking
=========================================
Target: [1.865  1.4475] | Position: [1.9311673  1.72735093]
Target angle: -1.8029702652349036 | Robot angle: -1.8538766959395765 | Diff: 0.050906430704673156 | Rotation Strength: 0.3371726139297413
Target distance: 0.2875667822360331
Aligned, walking
=========================================
Target: [1.865  1.4475] | Position: [1.92976888 1.72438454]
Target angle: -1.8005847410624731 | Robot angle: -1.8109050664278163 | Diff: 0.01032032536534322 | Rotation Strength: 0.28205340205702933
Target distance: 0.2843590314690129
Aligned, walking
=========================================
Target: [1.865  1.4475] | Position: [1.92860828 1.71918589]
Target angle: -1.8007782867130893 | Robot angle: -1.771391099098378 | Diff: -0.029387187614711152 | Rotation Strength: 0.3072695998070948
Target distance: 0.27903267562288414
Aligned, walking
=========================================
Target: [1.865  1.4475] | Position: [1.92764257 1.71057486]
Target angle: -1.8045599984430016 | Robot angle: -1.7308530010335963 | Diff: -0.07370699740940534 | Rotation Strength: 0.3703380896494315
Target distance: 0.2704301661643641
Aligned, walking
=========================================
Target: [1.865  1.4475] | Position: [1.92730395 1.70138004]
Target angle: -1.8114475452304286 | Robot angle: -1.6937518203028246 | Diff: -0.11769572492760405 | Rotation Strength: 0.4376448768781436
Target distance: 0.2614131953420239
Aligned, walking
=========================================
Target: [1.865  1.4475] | Position: [1.92666817 1.69065916]
Target angle: -1.8191719450803918 | Robot angle: -1.662298930206847 | Diff: -0.1568730148735451 | Rotation Strength: 0.4996711575959444
Target distance: 0.2508572120067004
Aligned, walking
=========================================
Target: [1.865  1.4475] | Position: [1.9230531  1.67063868]
Target angle: -1.825319875827276 | Robot angle: -1.635459604206464 | Diff: -0.18986027162081198 | Rotation Strength: 0.5519834843155866
Target distance: 0.23056676363991752
Aligned, walking
=========================================
Target: [1.865  1.4475] | Position: [1.92001316 1.6502251 ]
Target angle: -1.8357830090509677 | Robot angle: -1.615051398749869 | Diff: -0.22073161030109878 | Rotation Strength: 0.5999414306351611
Target distance: 0.210056928898793
Aligned, walking
=========================================
Target: [1.865  1.4475] | Position: [1.91669904 1.63009399]
Target angle: -1.8467112072158485 | Robot angle: -1.6060806921797248 | Diff: -0.24063051503612343 | Rotation Strength: 0.6299264826829727
Target distance: 0.18977184910242445
Arrived to point
=========================================
Target: [1.835  1.4075] | Position: [1.91396461 1.6044294 ]
Target angle: -1.95214662244439 | Robot angle: -1.605324172788173 | Diff: -0.34682244965621667 | Rotation Strength: 0.7699343041264277
Target distance: 0.2121711489280371
Aligned, walking
=========================================
Target: [1.835  1.4075] | Position: [1.91140349 1.57813784]
Target angle: -1.9917795209833282 | Robot angle: -1.613819531220509 | Diff: -0.37795998976281897 | Rotation Strength: 0.8031608371959145
Target distance: 0.186961938778106
Arrived to point
=========================================
Target: [1.815  1.3675] | Position: [1.90991021 1.55276102]
Target angle: -2.0442396759881363 | Robot angle: -1.6251289521322099 | Diff: -0.4191107238559262 | Rotation Strength: 0.8413279090623573
Target distance: 0.20815761514558787
Aligned, walking
=========================================
Target: [1.815  1.3675] | Position: [1.90586673 1.52799452]
Target angle: -2.0859671765561716 | Robot angle: -1.6358429210375889 | Diff: -0.4501242555185829 | Rotation Strength: 0.8659460190078043
Target distance: 0.18443225156157458
Arrived to point
=========================================
Target: [1.75   1.3075] | Position: [1.89923462 1.50774498]
Target angle: -2.2112570662431543 | Robot angle: -1.6585941103555635 | Diff: -0.5526629558875911 | Rotation Strength: 0.9254190570707411
Target distance: 0.24973790683614264
Aligned, walking
=========================================
Target: [1.75   1.3075] | Position: [1.89447923 1.48846982]
Target angle: -2.244537011893747 | Robot angle: -1.6930487954607203 | Diff: -0.551488216433027 | Rotation Strength: 0.9249012477211042
Target distance: 0.23156926183119683
Aligned, walking
=========================================
Target: [1.75   1.3075] | Position: [1.88945369 1.47282495]
Target angle: -2.271512087645515 | Robot angle: -1.728226806381207 | Diff: -0.5432852812643079 | Rotation Strength: 0.9211925482429508
Target distance: 0.21628608013756292
Aligned, walking
=========================================
Target: [1.75   1.3075] | Position: [1.88512039 1.46187003]
Target angle: -2.2897973265575815 | Robot angle: -1.7689510498403747 | Diff: -0.5208462767172071 | Rotation Strength: 0.9101780106779784
Target distance: 0.20515268401841272
Aligned, walking
=========================================
Target: [1.75   1.3075] | Position: [1.88059881 1.45144176]
Target angle: -2.307631670453686 | Robot angle: -1.8129188783564771 | Diff: -0.494712792097209 | Rotation Strength: 0.8956163840702246
Target distance: 0.194358636466738
Arrived to point
=========================================
Target: [1.685  1.2475] | Position: [1.87581    1.44483734]
Target angle: -2.339379408606645 | Robot angle: -1.858711221680063 | Diff: -0.4806681869265823 | Rotation Strength: 0.8869570492938141
Target distance: 0.2745004184221801
Aligned, walking
=========================================
Target: [1.685  1.2475] | Position: [1.87198368 1.44111699]
Target angle: -2.33876772233019 | Robot angle: -1.9047270185035754 | Diff: -0.43404070382661475 | Rotation Strength: 0.853608602799456
Target distance: 0.2691661889183327
Aligned, walking
=========================================
Target: [1.685  1.2475] | Position: [1.86955145 1.44018693]
Target angle: -2.3346319369621265 | Robot angle: -1.948751879434799 | Diff: -0.3858800575273271 | Rotation Strength: 0.8110103775034694
Target distance: 0.26680984215100034
Aligned, walking
=========================================
Target: [1.685  1.2475] | Position: [1.86679458 1.44072227]
Target angle: -2.3257314476684208 | Robot angle: -1.9963391225415108 | Diff: -0.32939232512690975 | Rotation Strength: 0.7496931961932543
Target distance: 0.2653000503234368
Aligned, walking
=========================================
Target: [1.685  1.2475] | Position: [1.86300342 1.44039711]
Target angle: -2.3160605637553626 | Robot angle: -2.0418610861557007 | Diff: -0.2741994775996619 | Rotation Strength: 0.6782209718699382
Target distance: 0.2624776366816204
Aligned, walking
=========================================
Target: [1.685  1.2475] | Position: [1.86015937 1.44115489]
Target angle: -2.306087872155718 | Robot angle: -2.087978719243421 | Diff: -0.21810915291229716 | Rotation Strength: 0.5959278117655578
Target distance: 0.2611187839196915
Aligned, walking
=========================================
Target: [1.685  1.2475] | Position: [1.85669216 1.43864877]
Target angle: -2.3026228284343713 | Robot angle: -2.1290866573757987 | Diff: -0.17353617105857255 | Rotation Strength: 0.5261674645407756
Target distance: 0.2569358832794848
Aligned, walking
=========================================
Target: [1.685  1.2475] | Position: [1.85278131 1.43484902]
Target angle: -2.301150069018715 | Robot angle: -2.16810997482102 | Diff: -0.1330400941976948 | Rotation Strength: 0.46181438711478207
Target distance: 0.2514959675135967
Aligned, walking
=========================================
Target: [1.685  1.2475] | Position: [1.84873685 1.42998936]
Target angle: -2.302084762472512 | Robot angle: -2.2061342931545274 | Diff: -0.09595046931798468 | Rotation Strength: 0.4039194479303071
Target distance: 0.24517773277195617
Aligned, walking
=========================================
Target: [1.685  1.2475] | Position: [1.8411942  1.42432732]
Target angle: -2.294316263245448 | Robot angle: -2.2418288180137074 | Diff: -0.05248744523174054 | Rotation Strength: 0.339425697922337
Target distance: 0.23593331608520396
Aligned, walking
=========================================
Target: [1.685  1.2475] | Position: [1.82831764 1.41296225]
Target angle: -2.284600570921617 | Robot angle: -2.27321704829031 | Diff: -0.011383522631307041 | Rotation Strength: 0.2834260429472052
Target distance: 0.21890112081940002
Aligned, walking
=========================================
Target: [1.685  1.2475] | Position: [1.81681603 1.4009745 ]
Target angle: -2.2804225906882394 | Robot angle: -2.298970306174549 | Diff: 0.018547715486309624 | Rotation Strength: 0.2927797394838798
Target distance: 0.20231136433641383
Aligned, walking
=========================================
Target: [1.685  1.2475] | Position: [1.80089984 1.38445899]
Target angle: -2.273102025743125 | Robot angle: -2.322819656056011 | Diff: 0.049717630312885674 | Rotation Strength: 0.3354833213392926
Target distance: 0.17941721815889672
Arrived to point
=========================================
Target: [1.645  1.2125] | Position: [1.78115335 1.36573772]
Target angle: -2.297227333387011 | Robot angle: -2.3421528099646682 | Diff: 0.04492547657765744 | Rotation Strength: 0.32871657525293063
Target distance: 0.20498666738866028
Aligned, walking
=========================================
Target: [1.645  1.2125] | Position: [1.76003541 1.34220245]
Target angle: -2.2963364858307287 | Robot angle: -2.353519245872231 | Diff: 0.057182760041502245 | Rotation Strength: 0.3461596229517443
Target distance: 0.17336628781211227
Arrived to point
=========================================
Target: [1.595  1.1675] | Position: [1.73336344 1.31897882]
Target angle: -2.3109752568183195 | Robot angle: -2.364249605841584 | Diff: 0.053274349023264556 | Rotation Strength: 0.3405498284391858
Target distance: 0.20515914295612986
Aligned, walking
=========================================
Target: [1.595  1.1675] | Position: [1.70815092 1.29556037]
Target angle: -2.294462291119974 | Robot angle: -2.3713379635233993 | Diff: 0.07687567240342519 | Rotation Strength: 0.375054225261678
Target distance: 0.17088764989140856
Arrived to point
=========================================
Target: [1.535  1.1275] | Position: [1.67986378 1.26932414]
Target angle: -2.3667967076735974 | Robot angle: -2.3722348397331348 | Diff: 0.0054381320595373595 | Rotation Strength: 0.2758023680390531
Target distance: 0.2027303644481998
Aligned, walking
=========================================
Target: [1.535  1.1275] | Position: [1.65410713 1.24461887]
Target angle: -2.3646110754655907 | Robot angle: -2.3672513444108043 | Diff: 0.0026402689452136308 | Rotation Strength: 0.27225897438048285
Target distance: 0.1670429200290664
Arrived to point
=========================================
Target: [1.505  1.1025] | Position: [1.62890831 1.21985627]
Target angle: -2.383344916527237 | Robot angle: -2.3577254844323425 | Diff: -0.025619432094894368 | Rotation Strength: 0.3021877375814609
Target distance: 0.170662718007449
Arrived to point
=========================================
Target: [1.475  1.0775] | Position: [1.60541499 1.19614625]
Target angle: -2.4034117755096047 | Robot angle: -2.3501130295662116 | Diff: -0.05329874594339312 | Rotation Strength: 0.34058470940755636
Target distance: 0.1763093897398151
Arrived to point
=========================================
Target: [1.435  1.0425] | Position: [1.56277009 1.15006797]
Target angle: -2.4418275151332827 | Robot angle: -2.326462025770726 | Diff: -0.11536548936255686 | Rotation Strength: 0.4339973126254898
Target distance: 0.16702114917817737
Arrived to point
=========================================
Target: [1.39   1.0025] | Position: [1.56277009 1.15006797]
Target angle: -2.434706268841139 | Robot angle: -2.326462025770726 | Diff: -0.10824424307041314 | Rotation Strength: 0.42289611246142733
Target distance: 0.22721313795197526
Aligned, walking
=========================================
Target: [1.39   1.0025] | Position: [1.52312763 1.11131394]
Target angle: -2.456352299977914 | Robot angle: -2.3088157636146116 | Diff: -0.14753653636330233 | Rotation Strength: 0.4848163603802298
Target distance: 0.17194021812304666
Arrived to point
=========================================
Target: [1.35   0.9775] | Position: [1.50411985 1.09152604]
Target angle: -2.5046173066690205 | Robot angle: -2.296832576928457 | Diff: -0.20778472974056328 | Rotation Strength: 0.5800061584941771
Target distance: 0.1917155865004855
Arrived to point
=========================================
Target: [1.26   0.9075] | Position: [1.49079258 1.07768027]
Target angle: -2.5062217837144085 | Robot angle: -2.287627076762012 | Diff: -0.21859470695239658 | Rotation Strength: 0.5966719287249755
Target distance: 0.2867517050744925
Aligned, walking
=========================================
Target: [1.26   0.9075] | Position: [1.4795269 1.0651198]
Target angle: -2.518889570195046 | Robot angle: -2.2821279957607974 | Diff: -0.2367615744342486 | Rotation Strength: 0.6241665147046482
Target distance: 0.27025184762130156
Aligned, walking
=========================================
Target: [1.26   0.9075] | Position: [1.4703238  1.05547205]
Target angle: -2.5284920946445006 | Robot angle: -2.28156130735166 | Diff: -0.24693078729284057 | Rotation Strength: 0.6392268924855538
Target distance: 0.2571610934206438
Aligned, walking
=========================================
Target: [1.26   0.9075] | Position: [1.46346152 1.04721577]
Target angle: -2.539852938410345 | Robot angle: -2.2866159810880693 | Diff: -0.2532369573222759 | Rotation Strength: 0.6484325812074975
Target distance: 0.24681386792108295
Aligned, walking
=========================================
Target: [1.26   0.9075] | Position: [1.45743203 1.0425658 ]
Target angle: -2.541608945834924 | Robot angle: -2.2939531138699145 | Diff: -0.2476558319650093 | Rotation Strength: 0.6402906785756524
Target distance: 0.23921157238690033
Aligned, walking
=========================================
Target: [1.26   0.9075] | Position: [1.45241803 1.04187143]
Target angle: -2.531987843151211 | Robot angle: -2.31480477171706 | Diff: -0.21718307143415094 | Rotation Strength: 0.5945073604191222
Target distance: 0.23469209488209622
Aligned, walking
=========================================
Target: [1.26   0.9075] | Position: [1.44656241 1.04108648]
Target angle: -2.5201813572198772 | Robot angle: -2.3373372501817005 | Diff: -0.18284410703817677 | Rotation Strength: 0.5409137499426557
Target distance: 0.229457797018701
Aligned, walking
=========================================
Target: [1.26   0.9075] | Position: [1.43967614 1.03860336]
Target angle: -2.511233610868084 | Robot angle: -2.3661655849643064 | Diff: -0.14506802590377754 | Rotation Strength: 0.48089224404802944
Target distance: 0.22242213695687946
Aligned, walking
=========================================
Target: [1.26   0.9075] | Position: [1.42673632 1.03065292]
Target angle: -2.50542182306975 | Robot angle: -2.3936750452957947 | Diff: -0.11174677777395514 | Rotation Strength: 0.4283471546245352
Target distance: 0.20728637976277575
Aligned, walking
=========================================
Target: [1.26   0.9075] | Position: [1.41649413 1.02364899]
Target angle: -2.503106197030018 | Robot angle: -2.426130714273268 | Diff: -0.0769754827567497 | Rotation Strength: 0.3752031704853178
Target distance: 0.19488714258716894
Arrived to point
=========================================
Target: [1.22   0.8825] | Position: [1.40164098 1.01207916]
Target angle: -2.5219427265117753 | Robot angle: -2.457034333401509 | Diff: -0.06490839311026653 | Rotation Strength: 0.35737393535146267
Target distance: 0.22312374001377858
Aligned, walking
=========================================
Target: [1.22   0.8825] | Position: [1.38449505 1.00003694]
Target angle: -2.5211802615888685 | Robot angle: -2.4860532073115507 | Diff: -0.03512705427731788 | Rotation Strength: 0.3151018487391465
Target distance: 0.20217208445936108
Aligned, walking
=========================================
Target: [1.22   0.8825] | Position: [1.36371977 0.984018  ]
Target angle: -2.5266104877027624 | Robot angle: -2.5110571321189856 | Diff: -0.015553355583776796 | Rotation Strength: 0.28884827301223504
Target distance: 0.175958165765111
Arrived to point
=========================================
Target: [1.17   0.8525] | Position: [1.33850099 0.96985514]
Target angle: -2.5332427336652814 | Robot angle: -2.5322280665475017 | Diff: -0.001014667117779755 | Rotation Strength: 0.27021334418186616
Target distance: 0.20534072065177278
Aligned, walking
=========================================
Target: [1.17   0.8525] | Position: [1.31229082 0.95522833]
Target angle: -2.51627974396193 | Robot angle: -2.5518409321091546 | Diff: 0.03556118814722442 | Rotation Strength: 0.31569861251099374
Target distance: 0.1754986833082077
Arrived to point
=========================================
Target: [1.13   0.8225] | Position: [1.28413853 0.93784054]
Target angle: -2.4991859583870513 | Robot angle: -2.5629423959764184 | Diff: 0.06375643758936711 | Rotation Strength: 0.3556914895482348
Target distance: 0.192515265110415
Arrived to point
=========================================
Target: [1.1    0.7975] | Position: [1.25500174 0.92218271]
Target angle: -2.464177246068577 | Robot angle: -2.573117064237354 | Diff: 0.10893981816877707 | Rotation Strength: 0.4239771964559568
Target distance: 0.19892540439818635
Arrived to point
=========================================
Target: [1.07   0.7725] | Position: [1.22666226 0.90359261]
Target angle: -2.4448208457039238 | Robot angle: -2.5820079081732032 | Diff: 0.13718706246927947 | Rotation Strength: 0.4683822362587048
Target distance: 0.20427514742659286
Aligned, walking
=========================================
Target: [1.07   0.7725] | Position: [1.19777949 0.88794807]
Target angle: -2.4068502272242966 | Robot angle: -2.5828910653813106 | Diff: 0.176040838157014 | Rotation Strength: 0.5301411056008576
Target distance: 0.17220875366960317
Arrived to point
=========================================
Target: [1.025  0.7475] | Position: [1.1732887  0.87541925]
Target angle: -2.429808018821027 | Robot angle: -2.578785843661531 | Diff: 0.14897782484050426 | Rotation Strength: 0.48710843012863203
Target distance: 0.1958388985277196
Arrived to point
=========================================
Target: [1.01   0.7375] | Position: [1.14433671 0.85864277]
Target angle: -2.4077925097675585 | Robot angle: -2.5671777699118072 | Diff: 0.1593852601442487 | Rotation Strength: 0.5036694541989025
Target distance: 0.18089201802492091
Arrived to point
=========================================
Target: [0.99   0.7225] | Position: [1.11184494 0.84035643]
Target angle: -2.3728324480583125 | Robot angle: -2.5451254028858585 | Diff: 0.17229295482754603 | Rotation Strength: 0.5241938453997037
Target distance: 0.16951793215637642
Arrived to point
=========================================
Target: [0.96   0.7025] | Position: [1.08931986 0.82575513]
Target angle: -2.3802014875252246 | Robot angle: -2.5237316762071504 | Diff: 0.1435301886819258 | Rotation Strength: 0.4784487511648866
Target distance: 0.178648969647375
Arrived to point
=========================================
Target: [0.915  0.6725] | Position: [1.07130587 0.81094147]
Target angle: -2.416729645069455 | Robot angle: -2.4974340050720585 | Diff: 0.08070436000260361 | Rotation Strength: 0.3807844219292852
Target distance: 0.20880030270317618
Aligned, walking
=========================================
Target: [0.915  0.6725] | Position: [1.05562323 0.80027023]
Target angle: -2.4040465744576314 | Robot angle: -2.4606426235057177 | Diff: 0.05659604904808635 | Rotation Strength: 0.3453147283981871
Target distance: 0.19000032580738077
Arrived to point
=========================================
Target: [0.885  0.6525] | Position: [1.03759892 0.78568878]
Target angle: -2.4240083811106286 | Robot angle: -2.4201336354300578 | Diff: -0.003874745680570779 | Rotation Strength: 0.27381887831127816
Target distance: 0.20254798002176855
Aligned, walking
=========================================
Target: [0.885  0.6525] | Position: [1.02947484 0.77824723]
Target angle: -2.4253883933181584 | Robot angle: -2.392074660415668 | Diff: -0.0333137329024904 | Rotation Strength: 0.31261584921453744
Target distance: 0.1915341883988872
Arrived to point
=========================================
Target: [0.86   0.6325] | Position: [1.02323622 0.77203371]
Target angle: -2.4343207022000164 | Robot angle: -2.3595666708421668 | Diff: -0.07475403135784964 | Rotation Strength: 0.37189377081852026
Target distance: 0.21474570368142343
Aligned, walking
=========================================
Target: [0.86   0.6325] | Position: [1.01925941 0.76666379]
Target angle: -2.4415139174652274 | Robot angle: -2.3306776921576726 | Diff: -0.11083622530755477 | Rotation Strength: 0.42692831996234415
Target distance: 0.20823899751668434
Aligned, walking
=========================================
Target: [0.86   0.6325] | Position: [1.01872775 0.76439456]
Target angle: -2.4482635833590445 | Robot angle: -2.3030511186117986 | Diff: -0.14521246474724592 | Rotation Strength: 0.4811217938993332
Target distance: 0.20637508273520755
Aligned, walking
=========================================
Target: [0.86   0.6325] | Position: [1.01836297 0.76353437]
Target angle: -2.450348097081201 | Robot angle: -2.2825513841568403 | Diff: -0.1677967129243605 | Rotation Strength: 0.5170501495393269
Target distance: 0.20554521764673353
Aligned, walking
=========================================
Target: [0.86   0.6325] | Position: [1.01498015 0.76066839]
Target angle: -2.450604469768016 | Robot angle: -2.266820523171901 | Diff: -0.18378394659611486 | Rotation Strength: 0.5423991675066707
Target distance: 0.20111186574026121
Aligned, walking
=========================================
Target: [0.86   0.6325] | Position: [1.01193072 0.75798444]
Target angle: -2.451238336585069 | Robot angle: -2.2511012111363926 | Diff: -0.20013712544867657 | Rotation Strength: 0.5681022408584627
Target distance: 0.19705148465535718
Arrived to point
=========================================
Target: [0.835  0.6125] | Position: [1.00936944 0.75531261]
Target angle: -2.4553593816727375 | Robot angle: -2.2463699100387333 | Diff: -0.20898947163400416 | Rotation Strength: 0.5818733167376651
Target distance: 0.2253888654568229
Aligned, walking
=========================================
Target: [0.835  0.6125] | Position: [1.00634607 0.75021347]
Target angle: -2.4645903269972567 | Robot angle: -2.249111272382652 | Diff: -0.2154790546146046 | Rotation Strength: 0.5918895666694862
Target distance: 0.21982828815339042
Aligned, walking
=========================================
Target: [0.835  0.6125] | Position: [0.9973761  0.74002262]
Target angle: -2.4758466089187876 | Robot angle: -2.253047675055755 | Diff: -0.22279893386303273 | Rotation Strength: 0.6030960276244224
Target distance: 0.2064655349990033
Aligned, walking
=========================================
Target: [0.835  0.6125] | Position: [0.98656177 0.73085138]
Target angle: -2.4786201573919446 | Robot angle: -2.264680600486464 | Diff: -0.21393955690548072 | Rotation Strength: 0.5895200194437937
Target distance: 0.19229669773739475
Arrived to point
=========================================
Target: [0.81   0.5925] | Position: [0.9738143  0.72042751]
Target angle: -2.4785883807065496 | Robot angle: -2.280245538224042 | Diff: -0.19834284248250755 | Rotation Strength: 0.5652973771686269
Target distance: 0.20784747312397334
Aligned, walking
=========================================
Target: [0.81   0.5925] | Position: [0.95750775 0.70926142]
Target angle: -2.4720185050148413 | Robot angle: -2.302798561451845 | Diff: -0.1692199435629962 | Rotation Strength: 0.5193122925358147
Target distance: 0.18812699651139692
Arrived to point
=========================================
Target: [0.795  0.5825] | Position: [0.94235499 0.69668207]
Target angle: -2.482359134094801 | Robot angle: -2.332794907963677 | Diff: -0.14956422613112386 | Rotation Strength: 0.48804114015226985
Target distance: 0.18641630305381607
Arrived to point
=========================================
Target: [0.775  0.5625] | Position: [0.92708315 0.68278676]
Target angle: -2.4724081780970852 | Robot angle: -2.363085633788587 | Diff: -0.10932254430849841 | Rotation Strength: 0.42457235224238143
Target distance: 0.19390252305752465
Arrived to point
=========================================
Target: [0.755  0.5525] | Position: [0.91207497 0.66967357]
Target angle: -2.5006742896684866 | Robot angle: -2.3931823726619594 | Diff: -0.10749191700652716 | Rotation Strength: 0.4217276554347822
Target distance: 0.19596476847057998
Arrived to point
=========================================
Target: [0.735  0.5375] | Position: [0.89812891 0.66029867]
Target angle: -2.4963206155299655 | Robot angle: -2.4251386758367963 | Diff: -0.07118193969316922 | Rotation Strength: 0.3665974692400934
Target distance: 0.20418265190521412
Aligned, walking
=========================================
Target: [0.735  0.5375] | Position: [0.88290514 0.65254103]
Target angle: -2.480533900750047 | Robot angle: -2.4602143004084347 | Diff: -0.020319600341612176 | Rotation Strength: 0.2951208561681149
Target distance: 0.18737760851110669
Arrived to point
=========================================
Target: [0.71   0.5175] | Position: [0.86770237 0.64627722]
Target angle: -2.4568210453906576 | Robot angle: -2.4927567619424655 | Diff: 0.03593571655180794 | Rotation Strength: 0.31621393091978534
Target distance: 0.2036015954855375
Aligned, walking
=========================================
Target: [0.71   0.5175] | Position: [0.85381713 0.64216348]
Target angle: -2.427414719812754 | Robot angle: -2.523433533897641 | Diff: 0.096018814084887 | Rotation Strength: 0.4040242098035025
Target distance: 0.19032695666177923
Arrived to point
=========================================
Target: [0.695  0.5025] | Position: [0.84435829 0.64205682]
Target angle: -2.3901065676664874 | Robot angle: -2.550575704328671 | Diff: 0.16046913666218376 | Rotation Strength: 0.5053943538260177
Target distance: 0.20441135609009062
Aligned, walking
=========================================
Target: [0.695  0.5025] | Position: [0.83463135 0.64182475]
Target angle: -2.3572936036556467 | Robot angle: -2.5735268113690766 | Diff: 0.2162332077134299 | Rotation Strength: 0.593048786056998
Target distance: 0.19725186748231902
Arrived to point
=========================================
Target: [0.675  0.4875] | Position: [0.82712125 0.64254118]
Target angle: -2.3466886490860674 | Robot angle: -2.589704311396841 | Diff: 0.24301566231077354 | Rotation Strength: 0.633459200254699
Target distance: 0.2172064479688196
Aligned, walking
=========================================
Target: [0.675  0.4875] | Position: [0.82227499 0.6465    ]
Target angle: -2.317930543448888 | Robot angle: -2.602354121387239 | Diff: 0.2844235779383508 | Rotation Strength: 0.6922579543097127
Target distance: 0.21672776030007015
Aligned, walking
=========================================
Target: [0.675  0.4875] | Position: [0.81838324 0.65157279]
Target angle: -2.2890030799567374 | Robot angle: -2.6087348543471203 | Diff: 0.3197317743903829 | Rotation Strength: 0.7379760953656385
Target distance: 0.21789592769854996
Aligned, walking
=========================================
Target: [0.675  0.4875] | Position: [0.81470975 0.65637173]
Target angle: -2.2619709962805943 | Robot angle: -2.609501766062239 | Diff: 0.34753076978164454 | Rotation Strength: 0.7707320897358461
Target distance: 0.2191722503274664
Aligned, walking
=========================================
Target: [0.675  0.4875] | Position: [0.81030161 0.65934202]
Target angle: -2.2377825547997348 | Robot angle: -2.601792473646949 | Diff: 0.3640099188472141 | Rotation Strength: 0.7887419968224085
Target distance: 0.21871489416811749
Aligned, walking
=========================================
Target: [0.675  0.4875] | Position: [0.80564196 0.65916647]
Target angle: -2.2213142881895442 | Robot angle: -2.582301122400942 | Diff: 0.36098683421139777 | Rotation Strength: 0.7855173274667319
Target distance: 0.21572365919236283
Aligned, walking
=========================================
Target: [0.675  0.4875] | Position: [0.80027804 0.65712324]
Target angle: -2.206939741525436 | Robot angle: -2.5581456796452846 | Diff: 0.3512059381198487 | Rotation Strength: 0.774840200278103
Target distance: 0.21087112156528412
Aligned, walking
=========================================
Target: [0.675  0.4875] | Position: [0.79358132 0.65280056]
Target angle: -2.19308376998065 | Robot angle: -2.529907433417133 | Diff: 0.33682366343648296 | Rotation Strength: 0.7584656916658787
Target distance: 0.20343501166169695
Aligned, walking
=========================================
Target: [0.675  0.4875] | Position: [0.78518506 0.64690794]
Target angle: -2.175601531600497 | Robot angle: -2.4939217526365796 | Diff: 0.3183202210360827 | Rotation Strength: 0.7362347398836248
Target distance: 0.19378245141945732
Arrived to point
=========================================
Target: [0.65   0.4675] | Position: [0.77753662 0.63995574]
Target angle: -2.207564489382447 | Robot angle: -2.453715178821054 | Diff: 0.24615068943860674 | Rotation Strength: 0.6380808046610364
Target distance: 0.21449142377857283
Aligned, walking
=========================================
Target: [0.65   0.4675] | Position: [0.76900135 0.63321886]
Target angle: -2.1935615239153563 | Robot angle: -2.4155687485055717 | Diff: 0.22200722459021538 | Rotation Strength: 0.6018889294977487
Target distance: 0.2040197606978543
Aligned, walking
=========================================
Target: [0.65   0.4675] | Position: [0.75962598 0.62623982]
Target angle: -2.1751867890576753 | Robot angle: -2.3782478874671726 | Diff: 0.20306109840949738 | Rotation Strength: 0.5726636412934982
Target distance: 0.19291497256703508
Arrived to point
=========================================
Target: [0.63   0.4525] | Position: [0.7503192  0.61962071]
Target angle: -2.194788992644373 | Robot angle: -2.3421958418403293 | Diff: 0.14740684919595637 | Rotation Strength: 0.48461014977906747
Target distance: 0.20592727074360995
Aligned, walking
=========================================
Target: [0.63   0.4525] | Position: [0.74202588 0.61106258]
Target angle: -2.185877343295963 | Robot angle: -2.3057286741879803 | Diff: 0.1198513308920175 | Rotation Strength: 0.4410251124528821
Target distance: 0.19414399125476148
Arrived to point
=========================================
Target: [0.59   0.4275] | Position: [0.73553042 0.60279021]
Target angle: -2.2636977323694727 | Robot angle: -2.270911009981819 | Diff: 0.007213277612346136 | Rotation Strength: 0.2780652728815838
Target distance: 0.2278283637607553
Aligned, walking
=========================================
Target: [0.59   0.4275] | Position: [0.72905887 0.59205169]
Target angle: -2.27242544917291 | Robot angle: -2.2376200633558843 | Diff: -0.03480538581702586 | Rotation Strength: 0.314660073888675
Target distance: 0.21544054753351344
Aligned, walking
=========================================
Target: [0.59   0.4275] | Position: [0.72068791 0.58163556]
Target angle: -2.2740562695178794 | Robot angle: -2.205744905758615 | Diff: -0.0683113637592645 | Rotation Strength: 0.36236446317399906
Target distance: 0.20208191318318625
Aligned, walking
=========================================
Target: [0.59   0.4275] | Position: [0.71118546 0.57132818]
Target angle: -2.2709616823679033 | Robot angle: -2.178856263203898 | Diff: -0.09210541916400539 | Rotation Strength: 0.39803995327519026
Target distance: 0.18807567683227755
Arrived to point
=========================================
Target: [0.565  0.4075] | Position: [0.70270696 0.55847031]
Target angle: -2.3102815292273178 | Robot angle: -2.153132890542438 | Diff: -0.15714863868487994 | Rotation Strength: 0.5001098264668427
Target distance: 0.20434098814133808
Aligned, walking
=========================================
Target: [0.565  0.4075] | Position: [0.69376715 0.54351289]
Target angle: -2.3288361821697237 | Robot angle: -2.1308418323692226 | Diff: -0.197994349800501 | Rotation Strength: 0.5647521145083401
Target distance: 0.18729784561574225
Arrived to point
=========================================
Target: [0.55   0.3925] | Position: [0.68337546 0.52667963]
Target angle: -2.353188853312685 | Robot angle: -2.1156431566220397 | Diff: -0.23754569669064507 | Rotation Strength: 0.6253367948507442
Target distance: 0.18919087441916627
Arrived to point
=========================================
Target: [0.53   0.3825] | Position: [0.67202813 0.50624877]
Target angle: -2.424863428019867 | Robot angle: -2.101175460366268 | Diff: -0.3236879676535991 | Rotation Strength: 0.7428169581662776
Target distance: 0.18837660796989983
Arrived to point
=========================================
Target: [0.52   0.3675] | Position: [0.66075474 0.48462884]
Target angle: -2.4475540631812827 | Robot angle: -2.091597130979798 | Diff: -0.35595693220148483 | Rotation Strength: 0.7800730651180765
Target distance: 0.18311488929793338
Arrived to point
=========================================
Target: [0.505  0.3625] | Position: [0.64877393 0.46374413]
Target angle: -2.528060306375096 | Robot angle: -2.087268354483506 | Diff: -0.44079195189158993 | Rotation Strength: 0.8588981916823537
Target distance: 0.17584458590675944
Arrived to point
=========================================
Target: [0.495  0.3525] | Position: [0.625097   0.42350421]
Target angle: -2.641995903312461 | Robot angle: -2.0975105994066503 | Diff: -0.5444853039058106 | Rotation Strength: 0.9217453761492507
Target distance: 0.14821209732688825
Arrived to point
=========================================
Target: [0.485  0.3375] | Position: [0.61524632 0.40963273]
Target angle: -2.635823044079213 | Robot angle: -2.113997487581653 | Diff: -0.5218255564975598 | Rotation Strength: 0.910686387063831
Target distance: 0.14888665140761148
Arrived to point
=========================================
Target: [0.475  0.3275] | Position: [0.60422351 0.39703534]
Target angle: -2.64793055847684 | Robot angle: -2.143668406859963 | Diff: -0.504262151616877 | Rotation Strength: 0.9011646423162738
Target distance: 0.1467442665361142
Arrived to point
=========================================
Target: [0.46   0.3125] | Position: [0.59476913 0.38765528]
Target angle: -2.6328878583820607 | Robot angle: -2.174806605696165 | Diff: -0.4580812526858957 | Rotation Strength: 0.8717180913163654
Target distance: 0.15430824471044502
Arrived to point
=========================================
Target: [0.45   0.3025] | Position: [0.58714846 0.38030301]
Target angle: -2.6255716215200433 | Robot angle: -2.210129438788513 | Diff: -0.41544218273153044 | Rotation Strength: 0.8381852638774797
Target distance: 0.15768007721083285
Arrived to point
=========================================
Target: [0.43   0.2925] | Position: [0.58123505 0.37620694]
Target angle: -2.6360746503191 | Robot angle: -2.252824446776269 | Diff: -0.38325020354283135 | Rotation Strength: 0.8084308913251538
Target distance: 0.1728551185017726
Arrived to point
=========================================
Target: [0.41   0.2825] | Position: [0.57715796 0.37477397]
Target angle: -2.637202477681504 | Robot angle: -2.294476488014204 | Diff: -0.34272598966729984 | Rotation Strength: 0.7652823261064597
Target distance: 0.19093524704265738
Arrived to point
=========================================
Target: [0.405  0.2775] | Position: [0.57575757 0.37741576]
Target angle: -2.6121770820407733 | Robot angle: -2.339290059174327 | Diff: -0.2728870228664464 | Rotation Strength: 0.6763948150665849
Target distance: 0.1978416241769659
Arrived to point
=========================================
Target: [0.385  0.2625] | Position: [0.5755001  0.38012267]
Target angle: -2.5884471223312433 | Robot angle: -2.3800206197593115 | Diff: -0.20842650257193185 | Rotation Strength: 0.5810010928696652
Target distance: 0.22388698820277864
Aligned, walking
=========================================
Target: [0.385  0.2625] | Position: [0.57815889 0.38492793]
Target angle: -2.576676129902542 | Robot angle: -2.419506047082579 | Diff: -0.15717008281996314 | Rotation Strength: 0.5001439558656193
Target distance: 0.22868964950287043
Aligned, walking
=========================================
Target: [0.385  0.2625] | Position: [0.58114009 0.38838647]
Target angle: -2.5709899472908697 | Robot angle: -2.45603050711188 | Diff: -0.11495944017898951 | Rotation Strength: 0.43336243508318706
Target distance: 0.23306294677101422
Aligned, walking
=========================================
Target: [0.385  0.2625] | Position: [0.58180643 0.39016236]
Target angle: -2.566153221792082 | Robot angle: -2.4861674923811017 | Diff: -0.07998572941098026 | Rotation Strength: 0.3797062964453469
Target distance: 0.23458569231902476
Aligned, walking
=========================================
Target: [0.385  0.2625] | Position: [0.58187827 0.39210571]
Target angle: -2.559402116086137 | Robot angle: -2.516413673054124 | Diff: -0.0429884430320131 | Rotation Strength: 0.3260012431381737
Target distance: 0.23570891889863338
Aligned, walking
=========================================
Target: [0.385  0.2625] | Position: [0.57683466 0.39149789]
Target angle: -2.5496016204976333 | Robot angle: -2.5476280553283948 | Diff: -0.0019735651692385225 | Rotation Strength: 0.27141883400690126
Target distance: 0.2311730781945094
Aligned, walking
=========================================
Target: [0.385  0.2625] | Position: [0.56904651 0.38877947]
Target angle: -2.5402375286368963 | Robot angle: -2.5745488866451423 | Diff: 0.03431135800824592 | Rotation Strength: 0.31398223613422427
Target distance: 0.22320309163546057
Aligned, walking
=========================================
Target: [0.385  0.2625] | Position: [0.5594299  0.38527559]
Target angle: -2.5282755733892834 | Robot angle: -2.597786870310469 | Diff: 0.06951129692118574 | Rotation Strength: 0.3641313552997685
Target distance: 0.21330643999184615
Aligned, walking
=========================================
Target: [0.385  0.2625] | Position: [0.54529209 0.38027436]
Target angle: -2.5079242223250415 | Robot angle: -2.616398337981376 | Diff: 0.10847411565633447 | Rotation Strength: 0.4232533062728534
Target distance: 0.19890790064363068
Arrived to point
=========================================
Target: [0.375  0.2625] | Position: [0.52644937 0.37311561]
Target angle: -2.5107669584175474 | Robot angle: -2.6333113071027654 | Diff: 0.12254434868521802 | Rotation Strength: 0.44525572880695696
Target distance: 0.1875439283396683
Arrived to point
=========================================
Target: [0.355  0.2525] | Position: [0.50314093 0.36388302]
Target angle: -2.4968945203875026 | Robot angle: -2.647560523970194 | Diff: 0.15066600358269122 | Rotation Strength: 0.4897938101368867
Target distance: 0.1853426878860025
Arrived to point
=========================================
Target: [0.35   0.2475] | Position: [0.47760946 0.35406417]
Target angle: -2.4458241326417536 | Robot angle: -2.6614671156941276 | Diff: 0.21564298305237406 | Rotation Strength: 0.5921416308418905
Target distance: 0.166253111965956
Arrived to point
=========================================
Target: [0.34   0.2375] | Position: [0.44888654 0.34254447]
Target angle: -2.374151951174653 | Robot angle: -2.6685013913743005 | Diff: 0.29434944019964737 | Rotation Strength: 0.7055538028453581
Target distance: 0.1512964580701857
Arrived to point
=========================================
Target: [0.335  0.2375] | Position: [0.42130694 0.3303343 ]
Target angle: -2.3197736661290818 | Robot angle: -2.664464921247828 | Diff: 0.3446912551187462 | Rotation Strength: 0.7675222028872106
Target distance: 0.1267560487957466
Arrived to point
=========================================
Target: [0.325  0.2325] | Position: [0.3941833 0.320612 ]
Target angle: -2.2364317649353143 | Robot angle: -2.658080628295917 | Diff: 0.4216488633606028 | Rotation Strength: 0.8434730872942726
Target distance: 0.1120270156346738
Arrived to point
=========================================
Target: [0.31   0.2275] | Position: [0.36810714 0.31067043]
Target angle: -2.1806166340404607 | Robot angle: -2.6434613696254003 | Diff: 0.46284473558493966 | Rotation Strength: 0.8750711806106177
Target distance: 0.10145817410154576
Arrived to point
=========================================
Target: [0.3    0.2175] | Position: [0.34315817 0.30095145]
Target angle: -2.0480814353824415 | Robot angle: -2.622892686250273 | Diff: 0.5748112508678314 | Rotation Strength: 0.9345856777668204
Target distance: 0.09395089717076138
Arrived to point
=========================================
Target: [0.285  0.2125] | Position: [0.32301899 0.29284108]
Target angle: -2.012791152008932 | Robot angle: -2.5980051372356328 | Diff: 0.5852139852267007 | Rotation Strength: 0.9385197514779392
Target distance: 0.08888269405853934
Arrived to point
=========================================
Target: [0.275  0.2075] | Position: [0.30595012 0.2857148 ]
Target angle: -1.9475960786748168 | Robot angle: -2.5715480090567855 | Diff: 0.6239519303819687 | Rotation Strength: 0.9513023589257491
Target distance: 0.08411578311117801
Arrived to point
=========================================
Target: [0.265  0.2075] | Position: [0.29234651 0.27792224]
Target angle: -1.9411952380003923 | Robot angle: -2.5360295649724005 | Diff: 0.5948343269720082 | Rotation Strength: 0.9419601397135723
Target distance: 0.07554550432733452
Arrived to point
=========================================
Target: [0.26   0.2025] | Position: [0.28455955 0.27199337]
Target angle: -1.9105044935044873 | Robot angle: -2.499427949871886 | Diff: 0.5889234563673984 | Rotation Strength: 0.9398683319319815
Target distance: 0.0737054995229073
Arrived to point
=========================================
Target: [0.255  0.2025] | Position: [0.28097202 0.26765126]
Target angle: -1.950131310921383 | Robot angle: -2.463741644921778 | Diff: 0.5136103340003952 | Rotation Strength: 0.9063401384809758
Target distance: 0.07013724093553889
Arrived to point
=========================================
Target: [0.245  0.1975] | Position: [0.27980028 0.26596501]
Target angle: -2.0410562306707303 | Robot angle: -2.4317001577176938 | Diff: 0.3906439270469635 | Rotation Strength: 0.8156150018266164
Target distance: 0.0768018058794057
Arrived to point
=========================================
Target: [0.24   0.1925] | Position: [0.27966382 0.2657921 ]
Target angle: -2.066838561447345 | Robot angle: -2.402917622477206 | Diff: 0.3360790610298614 | Rotation Strength: 0.7575962290017428
Target distance: 0.08333636899470966
Arrived to point
=========================================
Target: [0.235  0.1925] | Position: [0.28089441 0.26674167]
Target angle: -2.1244733500548896 | Robot angle: -2.3817047107138976 | Diff: 0.257231360659008 | Rotation Strength: 0.6542075016829336
Target distance: 0.08728186109834396
Arrived to point
=========================================
Target: [0.23   0.1875] | Position: [0.28205277 0.26820745]
Target angle: -2.1436176591589295 | Robot angle: -2.3664323734188493 | Diff: 0.22281471425991972 | Rotation Strength: 0.6031200748767153
Target distance: 0.09603740344612453
Arrived to point
=========================================
Target: [0.23   0.1825] | Position: [0.28425136 0.2694352 ]
Target angle: -2.128707649069659 | Robot angle: -2.357011675182742 | Diff: 0.2283040261130833 | Rotation Strength: 0.6114540976025616
Target distance: 0.10247408899520101
Arrived to point
=========================================
Target: [0.22   0.1825] | Position: [0.2848818  0.27019805]
Target angle: -2.20775787638468 | Robot angle: -2.354405317320322 | Diff: 0.14664744093564197 | Rotation Strength: 0.483402751229573
Target distance: 0.10908985478227623
Arrived to point
=========================================
Target: [0.215  0.1775] | Position: [0.28598162 0.27087124]
Target angle: -2.220798981546601 | Robot angle: -2.351532485978613 | Diff: 0.13073350443201193 | Rotation Strength: 0.45816685793381684
Target distance: 0.11728843795084334
Arrived to point
=========================================
Target: [0.205  0.1725] | Position: [0.28667309 0.27050048]
Target angle: -2.2655708987693557 | Robot angle: -2.354042456865659 | Diff: 0.08847155809630314 | Rotation Strength: 0.3925102697614359
Target distance: 0.12757189618946024
Arrived to point
=========================================
Target: [0.2    0.1675] | Position: [0.28572777 0.27078104]
Target angle: -2.263589995376153 | Robot angle: -2.3503096758952187 | Diff: 0.08671968051906553 | Rotation Strength: 0.389854141638481
Target distance: 0.134224532051236
Arrived to point
Routine complete.
